Customer ID,Age,Gender,Item Purchased,Category,Purchase Amount (USD),Location,Size,Color,Season,Review Rating,Subscription Status,Shipping Type,Discount Applied,Promo Code Used,Previous Purchases,Payment Method,Frequency of Purchases,Rating_Imputed,Promo Used,Subscription Used,Freq_per_Year,Est_Annual_Spend,CLV_Score,Value_Tier,Promo_Dependent,Satisfaction_Flag,Age_Group,Loyalty_Score_A,Loyal_A,Loyalty_Score_B,Loyal_B,Loyal_Both,Segment
1,55,Male,Blouse,Clothing,53,Kentucky,L,Gray,Winter,3.1,Yes,Express,1,Yes,14,Venmo,Fortnightly,0,1,1,26,1378,3731.6931771188456,High,1,Neutral,46-55,0.3022008803521409,0,0.16330373338979426,0,0,Promo Reliant
2,19,Male,Sweater,Clothing,64,Maine,L,Maroon,Winter,3.1,Yes,Express,1,Yes,2,Cash,Fortnightly,0,1,1,26,1664,1828.0908483437347,High,1,Neutral,18-25,0.20424169667867145,0,0.11646710143949118,0,0,Promo Reliant
3,50,Male,Jeans,Clothing,73,Massachusetts,S,Maroon,Spring,3.1,Yes,Free Shipping,1,Yes,23,Credit Card,Weekly,0,1,1,52,3796,12063.892340000803,Premium,1,Neutral,46-55,0.5795918367346939,1,0.3683109135289552,0,0,Promo Reliant
4,21,Male,Sandals,Footwear,90,Rhode Island,M,Maroon,Spring,3.5,Yes,Next Day Air,1,Yes,49,Paypal,Weekly,0,1,1,52,4680,18308.267665403724,Premium,1,Neutral,18-25,0.7918367346938776,1,0.5699488369830832,1,1,Promo Reliant
5,45,Male,Blouse,Clothing,49,Oregon,M,Turquoise,Spring,2.7,Yes,Free Shipping,1,Yes,31,Paypal,Annually,0,1,1,1,49,169.8210592371866,Low,1,Detractor,36-45,0.2448979591836735,0,0.027666682879031648,0,0,At-Risk Loyalists
6,46,Male,Sneakers,Footwear,20,Wyoming,M,White,Summer,2.9,Yes,Standard,1,Yes,14,Venmo,Weekly,0,1,1,52,1040,2816.3722091462982,High,1,Detractor,46-55,0.5061224489795919,0,0.11678298383759614,0,0,Promo Reliant
7,63,Male,Shirt,Clothing,85,Montana,M,Gray,Fall,3.2,Yes,Free Shipping,1,Yes,49,Cash,Quarterly,0,1,1,4,340,1330.0878218455696,Mid,1,Neutral,56+,0.4153661464585835,0,0.11621413026497067,0,0,At-Risk Loyalists
8,27,Male,Shorts,Clothing,34,Louisiana,L,Charcoal,Winter,3.2,Yes,Free Shipping,1,Yes,19,Credit Card,Weekly,0,1,1,52,1768,5296.454659643456,Premium,1,Neutral,26-35,0.5469387755102041,0,0.213803453913972,0,0,Promo Reliant
9,26,Male,Coat,Outerwear,97,West Virginia,L,Silver,Summer,2.6,Yes,Express,1,Yes,8,Venmo,Annually,0,1,1,1,97,213.1307840016133,Low,1,Detractor,26-35,0.05714285714285714,0,0.016732284453476874,0,0,Bargain Hunters
10,57,Male,Handbag,Accessories,31,Missouri,M,Pink,Spring,4.8,Yes,2-Day Shipping,1,Yes,4,Cash,Quarterly,0,1,1,4,124,199.57030114182842,Low,1,Promoter,56+,0.04801920768307323,0,0.2803986394819555,0,0,Bargain Hunters
11,53,Male,Shoes,Footwear,34,Arkansas,L,Purple,Fall,4.1,Yes,Store Pickup,1,Yes,26,Bank Transfer,Bi-Weekly,0,1,1,26,884,2913.519789547827,High,1,Promoter,46-55,0.4001600640256102,0,0.26317322333213206,0,0,Promo Reliant
12,30,Male,Shorts,Clothing,68,Hawaii,S,Olive,Winter,4.9,Yes,Store Pickup,1,Yes,10,Bank Transfer,Fortnightly,0,1,1,26,1768,4239.47884230752,High,1,Promoter,26-35,0.2695478191276511,0,0.3917973986635624,0,0,Promo Reliant
13,61,Male,Coat,Outerwear,72,Delaware,M,Gold,Winter,4.5,Yes,Express,1,Yes,37,Venmo,Fortnightly,0,1,1,26,1872,6809.561291007794,Premium,1,Promoter,56+,0.48995598239295723,0,0.4070322476192074,0,0,Promo Reliant
14,65,Male,Dress,Clothing,51,New Hampshire,M,Violet,Spring,4.7,Yes,Express,1,Yes,31,Paypal,Weekly,0,1,1,52,2652,9191.131614224874,Premium,1,Promoter,56+,0.6448979591836735,1,0.4896289046027368,1,1,Promo Reliant
15,64,Male,Coat,Outerwear,53,New York,L,Teal,Winter,4.7,Yes,Free Shipping,1,Yes,34,Debit Card,Weekly,0,1,1,52,2756,9798.539257464823,Premium,1,Promoter,56+,0.6693877551020408,1,0.5045736899710842,1,1,Promo Reliant
16,64,Male,Skirt,Clothing,81,Rhode Island,M,Teal,Winter,2.8,Yes,Store Pickup,1,Yes,8,Paypal,Monthly,0,1,1,12,972,2135.702289170805,High,1,Detractor,56+,0.14341736694677873,0,0.08803563800825578,0,0,Promo Reliant
17,25,Male,Sunglasses,Accessories,36,Alabama,S,Gray,Spring,4.1,Yes,Next Day Air,1,Yes,44,Debit Card,Bi-Weekly,0,1,1,26,936,3563.036090425019,High,1,Promoter,18-25,0.5470988395358143,1,0.27915405896679013,0,0,Promo Reliant
18,53,Male,Dress,Clothing,38,Mississippi,Xl,Lavender,Winter,4.7,Yes,2-Day Shipping,1,Yes,36,Venmo,Quarterly,0,1,1,4,152,548.8595227219221,Mid,1,Promoter,46-55,0.3092436974789916,0,0.27699262493157484,0,0,At-Risk Loyalists
19,52,Male,Sweater,Clothing,48,Montana,S,Black,Summer,4.6,Yes,Free Shipping,1,Yes,17,Cash,Weekly,0,1,1,52,2496,7214.367907708826,Premium,1,Promoter,46-55,0.5306122448979592,0,0.42899219473151917,1,0,Promo Reliant
20,66,Male,Pants,Clothing,90,Rhode Island,M,Green,Summer,3.3,Yes,Standard,1,Yes,46,Debit Card,Bi-Weekly,0,1,1,26,2340,9009.345388001537,Premium,1,Neutral,56+,0.5634253701480593,1,0.31715619807020395,0,0,Promo Reliant
21,21,Male,Pants,Clothing,51,Louisiana,M,Black,Winter,2.8,Yes,Express,1,Yes,50,Cash,Every 3 Months,0,1,1,4,204,802.0924290757624,Mid,1,Detractor,18-25,0.42352941176470593,0,0.05522322060448098,0,0,At-Risk Loyalists
22,31,Male,Pants,Clothing,62,North Carolina,M,Charcoal,Winter,4.1,Yes,Store Pickup,1,Yes,22,Debit Card,Quarterly,0,1,1,4,248,777.6025655504291,Mid,1,Promoter,26-35,0.1949579831932773,0,0.21062066685304318,0,0,Bargain Hunters
23,56,Male,Pants,Clothing,37,California,M,Peach,Summer,3.2,Yes,Store Pickup,1,Yes,32,Debit Card,Annually,0,1,1,1,37,129.37077977425977,Low,1,Neutral,56+,0.25306122448979596,0,0.08667143569801403,0,0,At-Risk Loyalists
24,31,Male,Pants,Clothing,88,Oklahoma,Xl,White,Winter,4.4,Yes,Express,1,Yes,40,Credit Card,Weekly,0,1,1,52,4576,16993.305777238915,Premium,1,Promoter,26-35,0.7183673469387756,1,0.6455952382016192,1,1,Promo Reliant
25,18,Male,Jacket,Outerwear,22,Florida,M,Green,Fall,2.9,Yes,Store Pickup,1,Yes,16,Debit Card,Weekly,0,1,1,52,1144,3241.196065600311,High,1,Detractor,18-25,0.5224489795918368,0,0.1272354393256329,0,0,Promo Reliant
26,18,Male,Hoodie,Clothing,25,Texas,M,Silver,Summer,3.6,Yes,Express,1,Yes,14,Paypal,Annually,0,1,1,1,25,67.70125502755525,Low,1,Neutral,18-25,0.10612244897959185,0,0.1331541057444569,0,0,Bargain Hunters
27,38,Male,Jewelry,Accessories,20,Nevada,M,Red,Spring,3.6,Yes,Next Day Air,1,Yes,13,Credit Card,Annually,0,1,1,1,20,52.78114659230517,Low,1,Neutral,36-45,0.0979591836734694,0,0.13278700825940074,0,0,Bargain Hunters
28,56,Male,Shorts,Clothing,56,Kentucky,L,Cyan,Summer,5.0,Yes,Next Day Air,1,Yes,7,Bank Transfer,Every 3 Months,0,1,1,4,224,465.7949053362832,Low,1,Promoter,56+,0.07250900360144058,0,0.31094888562017814,0,0,Bargain Hunters
29,54,Male,Handbag,Accessories,94,North Carolina,M,Gray,Fall,4.4,Yes,Free Shipping,1,Yes,41,Paypal,Every 3 Months,0,1,1,4,376,1405.3637764745465,Mid,1,Promoter,46-55,0.3500600240096039,0,0.2620662356802513,0,0,At-Risk Loyalists
30,31,Male,Dress,Clothing,48,Wyoming,S,Black,Fall,4.1,Yes,Store Pickup,1,Yes,14,Credit Card,Weekly,0,1,1,52,2496,6759.2933019511165,Premium,1,Promoter,26-35,0.5061224489795919,0,0.3577954434470648,0,0,Promo Reliant
31,57,Male,Jewelry,Accessories,31,North Carolina,L,Black,Winter,4.7,Yes,Standard,1,Yes,16,Credit Card,Monthly,0,1,1,12,372,1053.9553639889125,Mid,1,Promoter,56+,0.20872348939575833,0,0.28942010921200906,0,0,Bargain Hunters
32,33,Male,Dress,Clothing,79,West Virginia,L,Brown,Winter,4.7,Yes,Store Pickup,1,Yes,45,Venmo,Monthly,0,1,1,12,948,3629.552043871662,High,1,Promoter,26-35,0.4454581832733094,0,0.3527906314710949,0,0,Promo Reliant
33,36,Male,Jacket,Outerwear,67,Kansas,M,Silver,Summer,4.9,Yes,Free Shipping,1,Yes,37,Venmo,Annually,0,1,1,1,67,243.71827270166784,Low,1,Promoter,36-45,0.2938775510204082,0,0.29348486545680563,0,0,At-Risk Loyalists
34,54,Male,Pants,Clothing,38,Colorado,L,Green,Summer,3.3,Yes,Store Pickup,1,Yes,45,Cash,Quarterly,0,1,1,4,152,581.9534922663424,Mid,1,Neutral,46-55,0.38271308523409364,0,0.10980687591661321,0,0,At-Risk Loyalists
35,36,Male,T-Shirt,Clothing,91,North Dakota,L,Violet,Spring,4.6,Yes,2-Day Shipping,1,Yes,38,Paypal,Quarterly,0,1,1,4,364,1333.5364391911912,Mid,1,Promoter,36-45,0.3255702280912365,0,0.2842989807712516,0,0,At-Risk Loyalists
36,54,Male,Blouse,Clothing,33,Massachusetts,M,Cyan,Summer,4.0,Yes,2-Day Shipping,1,Yes,48,Credit Card,Bi-Weekly,0,1,1,26,858,3339.1818157789176,High,1,Promoter,46-55,0.5797519007603041,1,0.2616463013255984,0,0,Promo Reliant
37,35,Male,T-Shirt,Clothing,69,Illinois,M,Maroon,Winter,4.6,Yes,Free Shipping,1,Yes,44,Paypal,Fortnightly,0,1,1,26,1794,6829.1525066479535,Premium,1,Promoter,26-35,0.5470988395358143,1,0.41951427400808433,0,0,Promo Reliant
38,35,Male,Jeans,Clothing,45,Indiana,S,Cyan,Summer,2.8,Yes,Store Pickup,1,Yes,10,Paypal,Weekly,0,1,1,52,2340,5611.074938348187,Premium,1,Detractor,26-35,0.47346938775510206,0,0.17354443740356307,0,0,Promo Reliant
39,29,Male,Dress,Clothing,37,Florida,M,Red,Winter,3.8,Yes,2-Day Shipping,1,Yes,44,Venmo,Every 3 Months,1,1,1,4,148,563.3860484860073,Mid,1,Neutral,26-35,0.3745498199279712,0,0.16935003862583456,0,0,At-Risk Loyalists
40,70,Male,Pants,Clothing,60,Arizona,S,Turquoise,Summer,4.2,Yes,Express,1,Yes,18,Credit Card,Monthly,0,1,1,12,720,2119.996064999837,High,1,Promoter,56+,0.22505002000800323,0,0.2556491987663486,0,0,Promo Reliant
41,69,Male,Handbag,Accessories,76,Louisiana,L,Beige,Winter,4.6,Yes,Next Day Air,1,Yes,31,Debit Card,Quarterly,0,1,1,4,304,1053.583714451117,Mid,1,Promoter,56+,0.2684273709483794,0,0.2774109650686377,0,0,At-Risk Loyalists
42,67,Male,Scarf,Accessories,39,Alaska,M,Orange,Spring,4.5,Yes,Standard,1,Yes,40,Venmo,Annually,0,1,1,1,39,144.82931060146802,Low,1,Promoter,56+,0.31836734693877555,0,0.2430517806408111,0,0,At-Risk Loyalists
43,20,Male,Coat,Outerwear,100,Tennessee,M,Beige,Spring,4.1,Yes,Free Shipping,1,Yes,15,Paypal,Annually,0,1,1,1,100,277.25887222397813,Low,1,Promoter,18-25,0.11428571428571428,0,0.19831010541972882,0,0,Bargain Hunters
44,25,Male,Scarf,Accessories,69,Ohio,L,Lavender,Fall,3.7,Yes,Store Pickup,1,Yes,19,Paypal,Fortnightly,0,1,1,26,1794,5374.34369875586,Premium,1,Neutral,18-25,0.3430172068827531,0,0.2757198522093123,0,0,Promo Reliant
45,39,Male,Hat,Accessories,53,Kentucky,S,Silver,Summer,4.6,Yes,Free Shipping,1,Yes,45,Paypal,Weekly,0,1,1,52,2756,10551.735688723946,Premium,1,Promoter,36-45,0.7591836734693878,1,0.5111054933335357,1,1,Promo Reliant
46,50,Male,Socks,Clothing,21,Tennessee,Xl,Indigo,Fall,2.9,Yes,2-Day Shipping,1,Yes,25,Paypal,Annually,0,1,1,1,21,68.42002729845113,Low,1,Detractor,46-55,0.1959183673469388,0,0.04917179056853973,0,0,Bargain Hunters
47,57,Male,Shirt,Clothing,43,California,L,White,Summer,2.9,Yes,Store Pickup,1,Yes,45,Cash,Quarterly,0,1,1,4,172,658.5263201961244,Mid,1,Detractor,56+,0.38271308523409364,0,0.06369088987526854,0,0,At-Risk Loyalists
48,55,Male,Jewelry,Accessories,54,Montana,M,Charcoal,Winter,4.5,Yes,Free Shipping,1,Yes,36,Cash,Weekly,0,1,1,52,2808,10139.457498704982,Premium,1,Promoter,46-55,0.6857142857142857,1,0.48896171406032995,1,1,Promo Reliant
49,42,Male,Shirt,Clothing,55,Nevada,M,Orange,Summer,2.7,Yes,Store Pickup,1,Yes,38,Cash,Monthly,0,1,1,12,660,2417.9506864455666,High,1,Detractor,36-45,0.3883153261304522,0,0.08298013692060333,0,0,Promo Reliant
50,68,Male,Hoodie,Clothing,30,New Jersey,S,Indigo,Spring,4.6,Yes,Next Day Air,1,Yes,34,Debit Card,Bi-Weekly,0,1,1,26,780,2773.1714879617425,High,1,Promoter,56+,0.4654661864745898,0,0.3197200642101492,0,0,Promo Reliant
51,49,Male,Blouse,Clothing,28,Maryland,M,Red,Spring,3.8,Yes,Store Pickup,1,Yes,39,Debit Card,Bi-Weekly,1,1,1,26,728,2685.5042425949455,High,1,Neutral,46-55,0.5062825130052021,0,0.22156308087215149,0,0,Promo Reliant
52,59,Male,Skirt,Clothing,59,Vermont,Xl,Gray,Winter,4.7,Yes,2-Day Shipping,1,Yes,7,Credit Card,Quarterly,0,1,1,4,236,490.74820383644123,Low,1,Promoter,56+,0.07250900360144058,0,0.2755628418231788,0,0,Bargain Hunters
53,42,Male,T-Shirt,Clothing,20,Alaska,M,Green,Summer,2.6,Yes,Free Shipping,1,Yes,26,Credit Card,Weekly,0,1,1,52,1040,3427.670340644502,High,1,Detractor,36-45,0.6040816326530613,1,0.09582349159706725,0,0,Promo Reliant
54,29,Male,Skirt,Clothing,24,Mississippi,S,Peach,Winter,3.9,Yes,Next Day Air,1,Yes,35,Credit Card,Weekly,0,1,1,52,1248,4472.231635193225,High,1,Neutral,26-35,0.6775510204081633,1,0.27752409731853167,0,0,Promo Reliant
55,47,Male,Coat,Outerwear,94,New Mexico,M,Brown,Summer,4.2,Yes,Next Day Air,1,Yes,35,Debit Card,Bi-Weekly,0,1,1,26,2444,8758.120285586732,Premium,1,Promoter,46-55,0.47362945178071225,0,0.4189750028275765,0,0,Promo Reliant
56,40,Male,Jacket,Outerwear,28,South Carolina,M,Lavender,Winter,3.0,Yes,2-Day Shipping,1,Yes,49,Credit Card,Annually,0,1,1,1,28,109.53664415198809,Low,1,Neutral,36-45,0.3918367346938776,0,0.062183432454820615,0,0,At-Risk Loyalists
57,41,Male,Backpack,Accessories,73,Mississippi,Xl,Brown,Summer,4.7,Yes,Store Pickup,1,Yes,46,Credit Card,Weekly,0,1,1,52,3796,14615.160296091382,Premium,1,Promoter,36-45,0.7673469387755103,1,0.6230828467524794,1,1,Promo Reliant
58,21,Male,Coat,Outerwear,64,West Virginia,M,White,Summer,4.4,Yes,Store Pickup,1,Yes,17,Debit Card,Fortnightly,0,1,1,26,1664,4809.578605139218,Premium,1,Promoter,18-25,0.3266906762705082,0,0.34582425309795717,0,0,Promo Reliant
59,69,Male,Hoodie,Clothing,54,Missouri,M,Charcoal,Summer,4.2,Yes,Free Shipping,1,Yes,29,Venmo,Monthly,0,1,1,12,648,2203.9759033170767,High,1,Promoter,56+,0.31484593837535013,0,0.2577154563659816,0,0,Promo Reliant
60,63,Male,Belt,Accessories,79,Louisiana,L,Yellow,Spring,4.6,Yes,Standard,1,Yes,4,Debit Card,Weekly,0,1,1,52,4108,6611.570944279284,Premium,1,Promoter,56+,0.4244897959183674,0,0.4141608514986726,0,0,Promo Reliant
61,50,Male,Sweater,Clothing,37,Idaho,L,Brown,Summer,4.0,Yes,Express,1,Yes,17,Cash,Weekly,0,1,1,52,1924,5561.07526219222,Premium,1,Promoter,46-55,0.5306122448979592,0,0.31631423485844523,0,0,Promo Reliant
62,55,Male,Scarf,Accessories,68,Texas,M,Orange,Winter,4.7,Yes,Store Pickup,1,Yes,21,Credit Card,Every 3 Months,0,1,1,4,272,840.7635473134619,Mid,1,Promoter,46-55,0.18679471788715488,0,0.2841746929286251,0,0,Bargain Hunters
63,30,Male,Sneakers,Footwear,21,Mississippi,S,Magenta,Spring,3.8,Yes,Free Shipping,1,Yes,31,Credit Card,Fortnightly,0,1,1,26,546,1892.2918029286507,High,1,Neutral,26-35,0.4409763905562225,0,0.2020467152250483,0,0,Promo Reliant
64,33,Male,Sunglasses,Accessories,79,Arizona,L,Lavender,Winter,2.7,Yes,2-Day Shipping,1,Yes,43,Credit Card,Weekly,0,1,1,52,4108,15545.451016136216,Premium,1,Detractor,26-35,0.7428571428571429,1,0.40597191523221743,0,0,Promo Reliant
65,65,Male,Boots,Footwear,83,Alabama,S,Green,Fall,4.8,Yes,Standard,1,Yes,18,Debit Card,Fortnightly,0,1,1,26,2158,6354.099317041178,Premium,1,Promoter,56+,0.3348539415766306,0,0.4318259654458927,1,0,Promo Reliant
66,65,Male,Backpack,Accessories,36,New Jersey,M,Purple,Spring,4.8,Yes,2-Day Shipping,1,Yes,44,Venmo,Every 3 Months,0,1,1,4,144,548.159398526926,Mid,1,Promoter,56+,0.3745498199279712,0,0.28897539892867236,0,0,At-Risk Loyalists
67,31,Male,Blouse,Clothing,94,Pennsylvania,S,Magenta,Winter,4.7,Yes,2-Day Shipping,1,Yes,3,Venmo,Every 3 Months,0,1,1,4,376,521.2466797810789,Low,1,Promoter,26-35,0.03985594237695078,0,0.2763132327379574,0,0,Bargain Hunters
68,45,Male,Coat,Outerwear,33,Connecticut,L,Gray,Winter,4.4,Yes,Store Pickup,1,Yes,49,Debit Card,Monthly,0,1,1,12,396,1549.1611101495457,Mid,1,Promoter,36-45,0.4781112444977992,0,0.2656042555129463,0,0,At-Risk Loyalists
69,57,Male,Handbag,Accessories,46,Utah,L,Silver,Summer,3.9,Yes,Next Day Air,1,Yes,21,Cash,Every 3 Months,0,1,1,4,184,568.7518114179302,Mid,1,Neutral,56+,0.18679471788715488,0,0.1814820589852217,0,0,Bargain Hunters
70,48,Male,Belt,Accessories,70,Tennessee,S,Cyan,Summer,4.4,Yes,Express,1,Yes,5,Cash,Weekly,0,1,1,52,3640,6522.00446799012,Premium,1,Promoter,46-55,0.4326530612244898,0,0.3879571390837271,0,0,Promo Reliant
71,22,Male,Belt,Accessories,29,Alabama,M,Magenta,Fall,4.2,Yes,Express,1,Yes,32,Debit Card,Every 3 Months,0,1,1,4,116,405.5948771301117,Low,1,Promoter,18-25,0.27659063625450186,0,0.213467711468482,0,0,At-Risk Loyalists
72,36,Male,Dress,Clothing,48,Virginia,L,Gold,Summer,2.9,Yes,Express,1,Yes,34,Bank Transfer,Annually,0,1,1,1,48,170.65670695149186,Low,1,Detractor,36-45,0.2693877551020408,0,0.05168724333109842,0,0,At-Risk Loyalists
73,18,Male,Dress,Clothing,26,Georgia,M,Olive,Winter,2.9,Yes,Store Pickup,1,Yes,21,Bank Transfer,Every 3 Months,0,1,1,4,104,321.46841514926484,Low,1,Detractor,18-25,0.18679471788715488,0,0.05539784630940044,0,0,Bargain Hunters
74,48,Male,Pants,Clothing,85,Hawaii,M,Teal,Spring,2.7,Yes,Free Shipping,1,Yes,43,Bank Transfer,Bi-Weekly,0,1,1,26,2210,8363.059090959357,Premium,1,Detractor,46-55,0.5389355742296918,0,0.2292548341290461,0,0,Promo Reliant
75,49,Male,Gloves,Accessories,58,Indiana,L,Violet,Spring,4.5,Yes,Express,1,Yes,3,Cash,Monthly,0,1,1,12,696,964.8608753394439,Mid,1,Promoter,46-55,0.10260104041616648,0,0.263228009680191,0,0,Bargain Hunters
76,64,Male,Scarf,Accessories,85,Utah,M,Blue,Summer,2.7,Yes,Free Shipping,1,Yes,21,Credit Card,Annually,0,1,1,1,85,262.7386085354569,Low,1,Detractor,56+,0.163265306122449,0,0.02995284579889292,0,0,Bargain Hunters
77,50,Male,Hat,Accessories,43,Delaware,S,Teal,Summer,4.2,Yes,Free Shipping,1,Yes,32,Venmo,Monthly,0,1,1,12,516,1804.1979017167039,High,1,Promoter,46-55,0.33933573429371755,0,0.2478792343569275,0,0,Promo Reliant
78,22,Male,Dress,Clothing,53,Delaware,L,Gold,Summer,3.3,Yes,Next Day Air,1,Yes,36,Debit Card,Fortnightly,0,1,1,26,1378,4975.844883623741,Premium,1,Neutral,18-25,0.4817927170868348,0,0.21791510357308602,0,0,Promo Reliant
79,50,Male,Skirt,Clothing,91,Nebraska,M,Maroon,Spring,4.7,Yes,Free Shipping,1,Yes,50,Venmo,Fortnightly,0,1,1,26,2366,9302.699447025754,Premium,1,Promoter,46-55,0.596078431372549,1,0.49237394301932147,1,1,Promo Reliant
80,38,Male,Jacket,Outerwear,96,Iowa,M,Olive,Winter,2.6,Yes,2-Day Shipping,1,Yes,43,Bank Transfer,Every 3 Months,0,1,1,4,384,1453.1288194246122,Mid,1,Detractor,36-45,0.36638655462184877,0,0.04724145684011511,0,0,At-Risk Loyalists
81,19,Male,Sandals,Footwear,72,New York,Xl,Blue,Summer,3.8,Yes,Store Pickup,1,Yes,24,Credit Card,Every 3 Months,1,1,1,4,288,927.0362375620417,Mid,1,Neutral,18-25,0.21128451380552224,0,0.1782973643392738,0,0,Bargain Hunters
82,67,Male,Shoes,Footwear,96,Virginia,L,Maroon,Summer,2.6,Yes,Express,1,Yes,36,Credit Card,Every 3 Months,0,1,1,4,384,1386.5924784553822,Mid,1,Detractor,56+,0.3092436974789916,0,0.04560438271691789,0,0,At-Risk Loyalists
83,19,Male,Pants,Clothing,28,Georgia,S,Olive,Spring,4.0,Yes,2-Day Shipping,1,Yes,21,Credit Card,Every 3 Months,0,1,1,4,112,346.1967547761314,Low,1,Promoter,18-25,0.18679471788715488,0,0.18800626757698258,0,0,Bargain Hunters
84,36,Male,Dress,Clothing,40,Texas,M,Turquoise,Summer,4.1,Yes,Standard,1,Yes,34,Bank Transfer,Weekly,0,1,1,52,2080,7395.12396789798,Premium,1,Promoter,36-45,0.6693877551020408,1,0.37343955484234326,0,0,Promo Reliant
85,52,Male,Coat,Outerwear,32,Arizona,S,Peach,Spring,4.4,Yes,Standard,1,Yes,42,Bank Transfer,Every 3 Months,0,1,1,4,128,481.433614808776,Low,1,Promoter,46-55,0.35822328931572633,0,0.23933366371624837,0,0,At-Risk Loyalists
86,53,Male,Sunglasses,Accessories,95,New Mexico,M,Charcoal,Winter,4.5,Yes,Next Day Air,1,Yes,2,Debit Card,Bi-Weekly,0,1,1,26,2470,2713.5723530102314,High,1,Promoter,46-55,0.20424169667867145,0,0.3062536745624351,0,0,Promo Reliant
87,24,Male,Hoodie,Clothing,41,Nevada,L,Pink,Spring,3.7,Yes,2-Day Shipping,1,Yes,47,Cash,Bi-Weekly,0,1,1,26,1066,4126.700277627812,High,1,Neutral,18-25,0.5715886354541817,1,0.24502257114526146,0,0,Promo Reliant
88,52,Male,Shoes,Footwear,53,Ohio,M,Green,Fall,3.7,Yes,2-Day Shipping,1,Yes,44,Debit Card,Fortnightly,0,1,1,26,1378,5245.580910903501,Premium,1,Neutral,46-55,0.5470988395358143,1,0.2725517455032145,0,0,Promo Reliant
89,33,Male,T-Shirt,Clothing,47,Wyoming,M,Orange,Fall,3.5,Yes,Free Shipping,1,Yes,35,Credit Card,Monthly,0,1,1,12,564,2021.104681289246,High,1,Neutral,26-35,0.36382553021208486,0,0.16921605436854287,0,0,Promo Reliant
90,47,Male,Jacket,Outerwear,83,California,Xl,Pink,Fall,3.6,Yes,Next Day Air,1,Yes,15,Cash,Quarterly,0,1,1,4,332,920.4994557836073,Mid,1,Neutral,46-55,0.13781512605042018,0,0.1541365319859677,0,0,Bargain Hunters
91,25,Male,Hat,Accessories,48,South Carolina,L,Violet,Summer,2.9,Yes,Express,1,Yes,29,Credit Card,Monthly,0,1,1,12,576,1959.0896918374015,High,1,Detractor,18-25,0.31484593837535013,0,0.09569022452874279,0,0,Promo Reliant
92,44,Male,Scarf,Accessories,99,South Carolina,S,Green,Winter,4.6,Yes,Standard,1,Yes,18,Credit Card,Every 3 Months,0,1,1,4,396,1165.9978357499103,Mid,1,Promoter,36-45,0.1623049219687875,0,0.28017682574536645,0,0,Bargain Hunters
93,61,Male,Jacket,Outerwear,87,Texas,M,Olive,Winter,4.4,Yes,2-Day Shipping,1,Yes,13,Venmo,Every 3 Months,0,1,1,4,348,918.3919507061099,Mid,1,Promoter,56+,0.12148859543817528,0,0.25008467848791505,0,0,Bargain Hunters
94,37,Male,Sweater,Clothing,62,Florida,M,Purple,Fall,4.5,Yes,Standard,1,Yes,46,Credit Card,Weekly,0,1,1,52,3224,12412.875867913228,Premium,1,Promoter,36-45,0.7673469387755103,1,0.5448973776272997,1,1,Promo Reliant
95,58,Male,Skirt,Clothing,76,Nevada,S,Silver,Spring,4.6,Yes,Free Shipping,1,Yes,28,Credit Card,Weekly,0,1,1,52,3952,13307.553120106546,Premium,1,Promoter,56+,0.6204081632653061,1,0.5789102048558996,1,1,Promo Reliant
96,37,Male,Sneakers,Footwear,100,Missouri,L,Pink,Fall,3.8,Yes,Free Shipping,1,Yes,48,Paypal,Monthly,0,1,1,12,1200,4670.184357732752,Premium,1,Neutral,36-45,0.4699479791916767,0,0.2703945677256098,0,0,Promo Reliant
97,32,Male,Gloves,Accessories,73,Delaware,S,Gold,Spring,3.8,Yes,Express,1,Yes,43,Venmo,Every 3 Months,1,1,1,4,292,1104.9833731041322,Mid,1,Neutral,26-35,0.36638655462184877,0,0.1826756130774745,0,0,At-Risk Loyalists
98,21,Male,Shoes,Footwear,92,Virginia,M,Teal,Winter,4.8,Yes,Store Pickup,1,Yes,37,Cash,Annually,0,1,1,1,92,334.6579266948275,Low,1,Promoter,18-25,0.2938775510204082,0,0.2837223638247059,0,0,At-Risk Loyalists
99,20,Male,Jeans,Clothing,67,New York,Xl,Teal,Spring,2.6,Yes,Next Day Air,1,Yes,20,Bank Transfer,Annually,0,1,1,1,67,203.98300332746933,Low,1,Detractor,18-25,0.15510204081632653,0,0.016507210534349726,0,0,Bargain Hunters
100,26,Male,Hoodie,Clothing,40,Missouri,Xl,Indigo,Summer,3.7,Yes,Express,1,Yes,33,Debit Card,Quarterly,0,1,1,4,160,564.2176839385859,Mid,1,Neutral,26-35,0.2847539015606242,0,0.15737050035937028,0,0,At-Risk Loyalists
101,62,Male,Sunglasses,Accessories,98,South Dakota,M,Maroon,Fall,2.7,Yes,Express,1,Yes,31,Cash,Fortnightly,0,1,1,26,2548,8830.695080333704,Premium,1,Detractor,56+,0.4409763905562225,0,0.24076064833717192,0,0,Promo Reliant
102,27,Male,Coat,Outerwear,85,North Dakota,Xl,White,Spring,4.6,Yes,Express,1,Yes,50,Credit Card,Bi-Weekly,0,1,1,26,2210,8689.33464832076,Premium,1,Promoter,26-35,0.596078431372549,1,0.46528258654535515,1,1,Promo Reliant
103,51,Male,Socks,Clothing,67,Oklahoma,L,Violet,Winter,4.8,Yes,Next Day Air,1,Yes,35,Credit Card,Quarterly,0,1,1,4,268,960.3830755062374,Mid,1,Promoter,46-55,0.3010804321728692,0,0.2991178369515886,0,0,At-Risk Loyalists
104,54,Male,Boots,Footwear,89,West Virginia,L,Red,Winter,4.0,Yes,Next Day Air,1,Yes,22,Venmo,Bi-Weekly,0,1,1,26,2314,7255.533615660052,Premium,1,Promoter,46-55,0.3675070028011205,0,0.35800504446548964,0,0,Promo Reliant
105,55,Male,Sunglasses,Accessories,24,New Hampshire,L,Pink,Spring,4.4,Yes,2-Day Shipping,1,Yes,1,Paypal,Monthly,0,1,1,12,288,199.62638800126425,Low,1,Promoter,46-55,0.08627450980392158,0,0.23240001945483799,0,0,Bargain Hunters
106,69,Male,Backpack,Accessories,96,New York,M,Charcoal,Fall,3.6,Yes,Next Day Air,1,Yes,4,Bank Transfer,Annually,0,1,1,1,96,154.50603959367362,Low,1,Neutral,56+,0.02448979591836735,0,0.13528986891557299,0,0,Bargain Hunters
107,64,Male,Jacket,Outerwear,35,Minnesota,L,White,Summer,3.7,Yes,Standard,1,Yes,31,Credit Card,Monthly,0,1,1,12,420,1455.6090791758852,Mid,1,Neutral,56+,0.33117246898759506,0,0.17930248167253707,0,0,At-Risk Loyalists
108,28,Male,Sneakers,Footwear,67,Maryland,L,Olive,Winter,3.1,Yes,Next Day Air,1,Yes,46,Paypal,Fortnightly,0,1,1,26,1742,6706.957122178922,Premium,1,Neutral,26-35,0.5634253701480593,1,0.23650775307569802,0,0,Promo Reliant
109,70,Male,Socks,Clothing,79,Montana,L,Purple,Spring,3.4,Yes,Next Day Air,1,Yes,32,Bank Transfer,Bi-Weekly,0,1,1,26,2054,7181.826531252151,Premium,1,Neutral,56+,0.44913965586234494,0,0.28419153986300044,0,0,Promo Reliant
110,58,Male,T-Shirt,Clothing,85,Alabama,M,Violet,Spring,2.6,Yes,Next Day Air,1,Yes,43,Bank Transfer,Fortnightly,0,1,1,26,2210,8363.059090959357,Premium,1,Detractor,56+,0.5389355742296918,0,0.2172548341290461,0,0,Promo Reliant
111,56,Male,Backpack,Accessories,26,New York,M,Black,Summer,4.0,Yes,Standard,1,Yes,26,Venmo,Fortnightly,0,1,1,26,676,2227.9857214189265,High,1,Promoter,56+,0.4001600640256102,0,0.2343061989788852,0,0,Promo Reliant
112,26,Male,Belt,Accessories,75,Massachusetts,L,Purple,Summer,5.0,Yes,Free Shipping,1,Yes,9,Credit Card,Annually,0,1,1,1,75,172.69388197455345,Low,1,Promoter,26-35,0.06530612244897958,0,0.3037373664137041,0,0,Bargain Hunters
113,37,Male,Gloves,Accessories,65,Florida,M,Red,Spring,4.3,Yes,Free Shipping,1,Yes,28,Paypal,Bi-Weekly,0,1,1,26,1690,5690.729952677141,Premium,1,Promoter,36-45,0.4164865946378551,0,0.3555042861244469,0,0,Promo Reliant
114,44,Male,Hat,Accessories,54,New Jersey,L,Maroon,Winter,3.1,Yes,Next Day Air,1,Yes,20,Paypal,Quarterly,0,1,1,4,216,657.6168465482593,Mid,1,Neutral,36-45,0.1786314525810324,0,0.08766851299440974,0,0,Bargain Hunters
115,70,Male,Coat,Outerwear,95,Massachusetts,S,Blue,Summer,3.7,Yes,Store Pickup,1,Yes,9,Cash,Weekly,0,1,1,52,4940,11374.770359390586,Premium,1,Neutral,56+,0.4653061224489796,0,0.42335561142262035,0,0,Promo Reliant
116,53,Male,Skirt,Clothing,94,Wyoming,M,Gray,Spring,3.8,Yes,Standard,1,Yes,48,Debit Card,Every 3 Months,0,1,1,4,376,1463.3244320895956,Mid,1,Neutral,46-55,0.40720288115246095,0,0.19149231183786292,0,0,At-Risk Loyalists
117,55,Male,Shoes,Footwear,86,Virginia,S,Blue,Spring,3.4,Yes,Free Shipping,1,Yes,12,Venmo,Annually,0,1,1,1,86,220.58564474169216,Low,1,Neutral,46-55,0.08979591836734695,0,0.11291570541459142,0,0,Bargain Hunters
118,50,Male,Sandals,Footwear,32,South Dakota,L,Yellow,Summer,4.6,Yes,Express,1,Yes,29,Cash,Fortnightly,0,1,1,26,832,2829.7962215429134,High,1,Promoter,46-55,0.4246498599439776,0,0.3211132710611472,0,0,Promo Reliant
119,50,Male,Sweater,Clothing,45,Kentucky,L,Orange,Fall,4.8,Yes,2-Day Shipping,1,Yes,27,Cash,Bi-Weekly,0,1,1,26,1170,3898.6792769049885,High,1,Promoter,46-55,0.4083233293317327,0,0.37141229449957847,0,0,Promo Reliant
120,38,Male,Coat,Outerwear,76,Wyoming,M,Orange,Fall,4.3,Yes,Express,1,Yes,44,Cash,Annually,0,1,1,1,76,289.30634922254427,Low,1,Promoter,36-45,0.3510204081632653,0,0.2226065240769148,0,0,At-Risk Loyalists
121,64,Male,Hat,Accessories,84,West Virginia,L,Red,Summer,4.0,Yes,Express,1,Yes,32,Bank Transfer,Annually,0,1,1,1,84,293.70663516318433,Low,1,Promoter,56+,0.25306122448979596,0,0.18671478963740634,0,0,At-Risk Loyalists
122,19,Male,Shorts,Clothing,72,Virginia,M,Olive,Winter,4.2,Yes,Standard,1,Yes,11,Cash,Fortnightly,0,1,1,26,1872,4651.745248403136,High,1,Promoter,18-25,0.2777110844337735,0,0.3179408880026405,0,0,Promo Reliant
123,40,Male,Backpack,Accessories,40,Washington,L,Brown,Spring,4.8,Yes,2-Day Shipping,1,Yes,44,Cash,Fortnightly,0,1,1,26,1040,3958.9289893611326,High,1,Promoter,36-45,0.5470988395358143,1,0.3728946910930076,0,0,Promo Reliant
124,57,Male,Sweater,Clothing,89,Louisiana,L,Brown,Fall,3.1,Yes,Free Shipping,1,Yes,46,Cash,Weekly,0,1,1,52,4628,17818.48310071415,Premium,1,Neutral,56+,0.7673469387755103,1,0.5098980745709225,1,1,Promo Reliant
125,44,Male,Sweater,Clothing,86,Nevada,M,Gray,Spring,3.1,Yes,Next Day Air,1,Yes,50,Paypal,Annually,0,1,1,1,86,338.137004414292,Low,1,Neutral,36-45,0.4,0,0.0798079637844296,0,0,At-Risk Loyalists
126,49,Male,Shorts,Clothing,54,California,M,Indigo,Winter,3.6,Yes,Next Day Air,1,Yes,45,Venmo,Every 3 Months,0,1,1,4,216,826.9865416416445,Mid,1,Neutral,46-55,0.38271308523409364,0,0.15183572058431025,0,0,At-Risk Loyalists
127,43,Male,Shorts,Clothing,36,Mississippi,L,Pink,Spring,3.9,Yes,Store Pickup,1,Yes,48,Cash,Every 3 Months,0,1,1,4,144,560.4221229279302,Mid,1,Neutral,36-45,0.40720288115246095,0,0.18127711357820603,0,0,At-Risk Loyalists
128,24,Male,Sweater,Clothing,89,Mississippi,M,Gray,Winter,4.8,Yes,Next Day Air,1,Yes,26,Credit Card,Weekly,0,1,1,52,4628,15253.133015868036,Premium,1,Promoter,18-25,0.6040816326530613,1,0.6507796616905761,1,1,Promo Reliant
129,20,Male,Scarf,Accessories,32,California,M,Gold,Spring,4.7,Yes,Standard,1,Yes,21,Credit Card,Fortnightly,0,1,1,26,832,2571.7473211941187,High,1,Promoter,18-25,0.35934373749499804,0,0.32676418165937404,0,0,Promo Reliant
130,24,Male,Dress,Clothing,67,Pennsylvania,Xl,Olive,Summer,4.2,Yes,2-Day Shipping,1,Yes,49,Paypal,Bi-Weekly,0,1,1,26,1742,6814.74407545583,Premium,1,Promoter,18-25,0.5879151660664266,1,0.3711597659375038,0,0,Promo Reliant
131,44,Male,Scarf,Accessories,39,Kentucky,L,Violet,Fall,3.7,Yes,Next Day Air,1,Yes,13,Paypal,Fortnightly,0,1,1,26,1014,2676.004132229872,High,1,Neutral,36-45,0.29403761504601844,0,0.2093293381592276,0,0,Promo Reliant
132,28,Male,Skirt,Clothing,29,Maine,L,Indigo,Summer,3.9,Yes,Standard,1,Yes,46,Credit Card,Weekly,0,1,1,52,1508,5806.022583378768,Premium,1,Neutral,26-35,0.7673469387755103,1,0.3103409702517609,0,0,Promo Reliant
133,30,Male,Backpack,Accessories,58,New Mexico,M,Orange,Fall,4.7,Yes,2-Day Shipping,1,Yes,42,Paypal,Weekly,0,1,1,52,3016,11343.779548931785,Premium,1,Promoter,26-35,0.7346938775510204,1,0.5425931070059367,1,1,Promo Reliant
134,52,Male,Sweater,Clothing,65,Montana,M,Violet,Winter,2.5,Yes,Next Day Air,1,Yes,25,Venmo,Annually,0,1,1,1,65,211.77627497139633,Low,1,Detractor,46-55,0.1959183673469388,0,0.0046989578284971295,0,0,Bargain Hunters
135,43,Male,Hat,Accessories,94,Texas,L,Gray,Fall,4.9,Yes,Store Pickup,1,Yes,25,Cash,Monthly,0,1,1,12,1128,3675.132894888232,High,1,Promoter,36-45,0.2821928771508604,0,0.37791211231337696,0,0,Promo Reliant
136,43,Male,Sandals,Footwear,81,Kansas,M,Purple,Fall,4.1,Yes,Express,1,Yes,12,Paypal,Quarterly,0,1,1,4,324,831.043591817538,Mid,1,Promoter,36-45,0.11332533013205283,0,0.2119355410998769,0,0,Bargain Hunters
137,39,Male,Blouse,Clothing,86,South Carolina,M,White,Winter,3.3,Yes,Free Shipping,1,Yes,4,Debit Card,Quarterly,0,1,1,4,344,553.6466418773305,Mid,1,Neutral,36-45,0.04801920768307323,0,0.1091104082178184,0,0,Bargain Hunters
138,68,Male,Sneakers,Footwear,43,Colorado,M,Turquoise,Spring,4.7,Yes,Free Shipping,1,Yes,38,Paypal,Weekly,0,1,1,52,2236,8191.723840745889,Premium,1,Promoter,56+,0.7020408163265306,1,0.46503926560769165,1,1,Promo Reliant
139,68,Male,Skirt,Clothing,29,Georgia,M,Maroon,Winter,4.4,Yes,Store Pickup,1,Yes,42,Bank Transfer,Weekly,0,1,1,52,1508,5671.8897744658925,Premium,1,Promoter,56+,0.7346938775510204,1,0.3670407384183847,0,0,Promo Reliant
140,49,Male,Coat,Outerwear,95,Florida,M,White,Fall,3.8,Yes,Store Pickup,1,Yes,30,Venmo,Annually,0,1,1,1,95,326.2287844260889,Low,1,Neutral,46-55,0.23673469387755103,0,0.16351497143600688,0,0,At-Risk Loyalists
141,63,Male,Shirt,Clothing,28,North Carolina,L,Yellow,Fall,3.9,Yes,2-Day Shipping,1,Yes,50,Credit Card,Weekly,0,1,1,52,1456,5724.738121246618,Premium,1,Neutral,56+,0.8,1,0.3083410302545181,0,0,Promo Reliant
142,56,Male,Gloves,Accessories,46,Virginia,M,Turquoise,Fall,4.9,Yes,Free Shipping,1,Yes,45,Paypal,Weekly,0,1,1,52,2392,9158.110220401915,Premium,1,Promoter,56+,0.7591836734693878,1,0.5128164392860091,1,1,Promo Reliant
143,37,Male,Jacket,Outerwear,58,Nebraska,L,Violet,Fall,3.1,Yes,Free Shipping,1,Yes,33,Credit Card,Fortnightly,0,1,1,26,1508,5317.751671121172,Premium,1,Neutral,36-45,0.4573029211684674,0,0.20232745006229835,0,0,Promo Reliant
144,30,Male,Coat,Outerwear,48,Missouri,M,Beige,Fall,2.7,Yes,Store Pickup,1,Yes,25,Paypal,Quarterly,0,1,1,4,192,625.5545353001246,Mid,1,Detractor,26-35,0.21944777911164468,0,0.03887964514701055,0,0,Bargain Hunters
145,19,Male,Shoes,Footwear,43,New Jersey,M,Silver,Fall,3.2,Yes,Express,1,Yes,25,Cash,Monthly,0,1,1,12,516,1681.1778136190849,High,1,Neutral,18-25,0.2821928771508604,0,0.12485242224306045,0,0,Promo Reliant
146,24,Male,Jewelry,Accessories,95,Missouri,M,Teal,Fall,4.5,Yes,Standard,1,Yes,44,Debit Card,Quarterly,0,1,1,4,380,1446.5317461127215,Mid,1,Promoter,18-25,0.3745498199279712,0,0.2750791410612428,0,0,At-Risk Loyalists
147,52,Male,Skirt,Clothing,30,Colorado,S,Black,Fall,4.0,Yes,Standard,1,Yes,21,Venmo,Fortnightly,0,1,1,26,780,2411.0131136194864,High,1,Promoter,46-55,0.35934373749499804,0,0.23880944342009017,0,0,Promo Reliant
148,63,Male,Shoes,Footwear,64,Idaho,M,Purple,Summer,3.5,Yes,2-Day Shipping,1,Yes,31,Bank Transfer,Fortnightly,0,1,1,26,1664,5766.984542258745,Premium,1,Neutral,56+,0.4409763905562225,0,0.26138047007987053,0,0,Promo Reliant
149,37,Male,Gloves,Accessories,90,Wyoming,M,Gray,Fall,2.6,Yes,Store Pickup,1,Yes,47,Debit Card,Annually,0,1,1,1,90,348.4080909817102,Low,1,Detractor,36-45,0.3755102040816327,0,0.020060675757942167,0,0,At-Risk Loyalists
150,38,Male,Pants,Clothing,76,Delaware,M,White,Summer,3.2,Yes,Free Shipping,1,Yes,14,Paypal,Monthly,0,1,1,12,912,2469.7417834052158,High,1,Neutral,36-45,0.19239695878351343,0,0.14425441595984068,0,0,Promo Reliant
151,35,Male,Boots,Footwear,96,California,L,Cyan,Fall,4.9,Yes,Standard,1,Yes,17,Debit Card,Every 3 Months,0,1,1,4,384,1109.902755032127,Mid,1,Promoter,26-35,0.15414165666266505,0,0.31479665058478457,0,0,Bargain Hunters
152,28,Male,Sunglasses,Accessories,47,North Dakota,L,Turquoise,Fall,4.5,Yes,Next Day Air,1,Yes,3,Venmo,Annually,0,1,1,1,47,65.15583497263486,Low,1,Promoter,26-35,0.016326530612244896,0,0.24109147769422337,0,0,Bargain Hunters
153,30,Male,Shirt,Clothing,85,South Carolina,S,Brown,Summer,4.3,Yes,Express,1,Yes,42,Venmo,Annually,0,1,1,1,85,319.7020098339528,Low,1,Promoter,26-35,0.3346938775510204,0,0.22335438530161655,0,0,At-Risk Loyalists
154,69,Male,Hoodie,Clothing,55,North Carolina,M,Maroon,Winter,3.2,Yes,Standard,1,Yes,22,Debit Card,Annually,0,1,1,1,55,172.45218187610323,Low,1,Neutral,56+,0.17142857142857143,0,0.08773141957366173,0,0,Bargain Hunters
155,41,Male,Dress,Clothing,98,Oklahoma,M,Charcoal,Fall,3.6,Yes,Next Day Air,1,Yes,21,Venmo,Quarterly,0,1,1,4,392,1211.6886417164599,Mid,1,Neutral,36-45,0.18679471788715488,0,0.16130101194235702,0,0,Bargain Hunters
156,63,Male,Socks,Clothing,77,Maine,S,Olive,Spring,4.3,Yes,Free Shipping,1,Yes,21,Bank Transfer,Quarterly,0,1,1,4,308,952.0410756343614,Mid,1,Promoter,56+,0.18679471788715488,0,0.23891258863274467,0,0,Bargain Hunters
157,35,Male,Shorts,Clothing,26,Missouri,M,Lavender,Fall,4.0,Yes,Standard,1,Yes,40,Debit Card,Annually,0,1,1,1,26,96.552873734312,Low,1,Promoter,26-35,0.31836734693877555,0,0.181863977037485,0,0,At-Risk Loyalists
158,36,Male,Hat,Accessories,68,Vermont,S,Yellow,Fall,3.0,Yes,Next Day Air,1,Yes,1,Bank Transfer,Fortnightly,0,1,1,26,1768,1225.4842152299832,Mid,1,Neutral,36-45,0.19607843137254902,0,0.08964044113375332,0,0,Bargain Hunters
159,25,Male,Shirt,Clothing,73,Connecticut,Xl,Teal,Fall,4.1,Yes,Standard,1,Yes,50,Bank Transfer,Monthly,0,1,1,12,876,3444.2792542665093,High,1,Promoter,18-25,0.4862745098039216,0,0.27623214080002806,0,0,Promo Reliant
160,58,Male,Gloves,Accessories,27,New Hampshire,M,Charcoal,Fall,3.8,Yes,Store Pickup,1,Yes,39,Bank Transfer,Every 3 Months,0,1,1,4,108,398.3989810443051,Low,1,Neutral,56+,0.3337334933973589,0,0.16529066212817126,0,0,At-Risk Loyalists
161,27,Male,Gloves,Accessories,23,Texas,M,Orange,Summer,4.6,Yes,Free Shipping,1,Yes,34,Venmo,Monthly,0,1,1,12,276,981.2760649710781,Mid,1,Promoter,26-35,0.3556622649059624,0,0.2756318924573601,0,0,At-Risk Loyalists
162,65,Male,Backpack,Accessories,49,North Dakota,M,Olive,Fall,3.0,Yes,Express,1,Yes,29,Venmo,Fortnightly,0,1,1,26,1274,4333.125464237586,High,1,Neutral,56+,0.4246498599439776,0,0.1661014998397518,0,0,Promo Reliant
163,54,Male,Sunglasses,Accessories,74,California,M,Turquoise,Summer,3.0,Yes,Store Pickup,1,Yes,31,Paypal,Bi-Weekly,0,1,1,26,1924,6668.075876986674,Premium,1,Neutral,46-55,0.4409763905562225,0,0.22355111074378273,0,0,Promo Reliant
164,54,Male,Skirt,Clothing,67,Virginia,M,Purple,Summer,3.4,Yes,Standard,1,Yes,8,Debit Card,Weekly,0,1,1,52,3484,7655.130427439389,Premium,1,Neutral,46-55,0.4571428571428572,0,0.29583680844208976,0,0,Promo Reliant
165,59,Male,Handbag,Accessories,65,Delaware,S,Purple,Spring,2.6,Yes,Free Shipping,1,Yes,5,Credit Card,Fortnightly,0,1,1,26,1690,3028.073502995413,High,1,Detractor,56+,0.22873149259703882,0,0.08599172698396226,0,0,Promo Reliant
166,42,Male,Handbag,Accessories,60,Kentucky,S,Yellow,Winter,2.8,Yes,Store Pickup,1,Yes,7,Cash,Monthly,0,1,1,12,720,1497.1979100094818,Mid,1,Detractor,36-45,0.13525410164065627,0,0.07232574201087141,0,0,Bargain Hunters
167,46,Male,Sneakers,Footwear,31,Delaware,Xl,Indigo,Fall,4.0,Yes,Store Pickup,1,Yes,30,Cash,Monthly,0,1,1,12,372,1277.4432400684743,Mid,1,Promoter,46-55,0.3230092036814726,0,0.21091885190583037,0,0,At-Risk Loyalists
168,33,Male,Gloves,Accessories,27,Arkansas,M,Green,Fall,4.0,Yes,Express,1,Yes,14,Credit Card,Every 3 Months,0,1,1,4,108,292.4694217190387,Low,1,Promoter,26-35,0.12965186074429774,0,0.18668434897768899,0,0,Bargain Hunters
169,34,Male,Shoes,Footwear,80,Louisiana,M,Magenta,Summer,3.0,Yes,Express,1,Yes,5,Cash,Fortnightly,0,1,1,26,2080,3726.8596959943543,High,1,Neutral,26-35,0.22873149259703882,0,0.1511848094039152,0,0,Promo Reliant
170,27,Male,Jacket,Outerwear,30,Nevada,S,Gold,Summer,3.3,Yes,Standard,1,Yes,3,Paypal,Every 3 Months,0,1,1,4,120,166.35532333438687,Low,1,Neutral,26-35,0.03985594237695078,0,0.09958141118417041,0,0,Bargain Hunters
171,52,Male,Shirt,Clothing,25,Wyoming,M,Maroon,Fall,2.6,Yes,Store Pickup,1,Yes,46,Venmo,Bi-Weekly,0,1,1,26,650,2502.595941111538,High,1,Detractor,46-55,0.5634253701480593,1,0.07306276656399147,0,0,Promo Reliant
172,29,Male,Shorts,Clothing,35,Virginia,M,Blue,Summer,3.6,Yes,Store Pickup,1,Yes,4,Credit Card,Weekly,0,1,1,52,1820,2929.1770006300626,High,1,Neutral,26-35,0.4244897959183674,0,0.20355845664569855,0,0,Promo Reliant
173,54,Male,Jewelry,Accessories,67,Nebraska,M,Violet,Summer,3.9,Yes,Next Day Air,1,Yes,42,Credit Card,Bi-Weekly,0,1,1,26,1742,6552.010601538185,Premium,1,Neutral,46-55,0.5307723089235694,0,0.32869541630265997,0,0,Promo Reliant
174,25,Male,Hat,Accessories,46,Hawaii,M,Turquoise,Fall,3.4,Yes,Standard,1,Yes,30,Cash,Annually,0,1,1,1,46,157.96341140631674,Low,1,Neutral,18-25,0.23673469387755103,0,0.1113749348186013,0,0,At-Risk Loyalists
175,41,Male,Shoes,Footwear,35,Vermont,L,Brown,Winter,3.5,Yes,Express,1,Yes,37,Venmo,Annually,0,1,1,1,35,127.3155155904235,Low,1,Neutral,36-45,0.2938775510204082,0,0.12262086754589321,0,0,At-Risk Loyalists
176,53,Male,Coat,Outerwear,86,Oklahoma,L,Violet,Fall,2.8,Yes,Next Day Air,1,Yes,2,Bank Transfer,Annually,0,1,1,1,86,94.48065682545744,Low,1,Detractor,46-55,0.008163265306122448,0,0.03781299177695334,0,0,Bargain Hunters
177,53,Male,Backpack,Accessories,81,New Hampshire,L,Black,Spring,2.7,Yes,Next Day Air,1,Yes,30,Credit Card,Quarterly,0,1,1,4,324,1112.6118542531874,Mid,1,Detractor,46-55,0.2602641056422569,0,0.05086330583163716,0,0,At-Risk Loyalists
178,21,Male,Hoodie,Clothing,42,Kansas,L,Magenta,Fall,3.7,Yes,Next Day Air,1,Yes,47,Bank Transfer,Monthly,0,1,1,12,504,1951.085309497577,High,1,Neutral,18-25,0.4617847138855543,0,0.19149328302264523,0,0,Promo Reliant
179,61,Male,Skirt,Clothing,43,Idaho,L,Lavender,Fall,4.3,Yes,2-Day Shipping,1,Yes,21,Paypal,Quarterly,0,1,1,4,172,531.6593019776303,Mid,1,Promoter,56+,0.18679471788715488,0,0.22856942708384853,0,0,Bargain Hunters
180,64,Male,Boots,Footwear,31,Illinois,M,Violet,Fall,4.9,Yes,Store Pickup,1,Yes,9,Bank Transfer,Fortnightly,0,1,1,26,806,1855.883584953201,High,1,Promoter,56+,0.2613845538215286,0,0.3331509197747561,0,0,Promo Reliant
181,51,Male,Sandals,Footwear,81,South Dakota,L,Green,Fall,3.3,Yes,Store Pickup,1,Yes,12,Debit Card,Fortnightly,0,1,1,26,2106,5401.783346813996,Premium,1,Neutral,46-55,0.28587434973989595,0,0.22839498307961947,0,0,Promo Reliant
182,32,Male,Pants,Clothing,61,Massachusetts,M,Beige,Summer,4.7,Yes,Next Day Air,1,Yes,4,Bank Transfer,Weekly,0,1,1,52,3172,5105.137058240966,Premium,1,Promoter,26-35,0.4244897959183674,0,0.38909623542245597,0,0,Promo Reliant
183,38,Male,Gloves,Accessories,96,Alabama,Xl,Purple,Summer,2.8,Yes,Store Pickup,1,Yes,10,Debit Card,Annually,0,1,1,1,96,230.19794618864358,Low,1,Detractor,36-45,0.07346938775510205,0,0.04115220850048325,0,0,Bargain Hunters
184,58,Male,Skirt,Clothing,29,Ohio,Xl,Beige,Spring,3.6,Yes,2-Day Shipping,1,Yes,26,Credit Card,Weekly,0,1,1,52,1508,4970.121993934528,Premium,1,Neutral,56+,0.6040816326530613,1,0.25377429639187277,0,0,Promo Reliant
185,32,Male,Sneakers,Footwear,33,Hawaii,L,Cyan,Spring,3.0,Yes,Express,1,Yes,40,Cash,Fortnightly,0,1,1,26,858,3186.244833232296,High,1,Neutral,26-35,0.5144457783113245,0,0.13788340765035523,0,0,Promo Reliant
186,46,Male,T-Shirt,Clothing,32,Wisconsin,Xl,Silver,Summer,4.5,Yes,Store Pickup,1,Yes,34,Bank Transfer,Fortnightly,0,1,1,26,832,2958.049587159192,High,1,Promoter,46-55,0.4654661864745898,0,0.31226884383543696,0,0,Promo Reliant
187,39,Male,Backpack,Accessories,56,Minnesota,S,Lavender,Summer,2.9,Yes,Standard,1,Yes,31,Debit Card,Annually,0,1,1,1,56,194.0812105567847,Low,1,Detractor,36-45,0.2448979591836735,0,0.052263584743060025,0,0,At-Risk Loyalists
188,19,Male,Shoes,Footwear,94,Georgia,S,Purple,Spring,3.3,Yes,Store Pickup,1,Yes,1,Bank Transfer,Bi-Weekly,0,1,1,26,2444,1694.0517092885063,High,1,Neutral,18-25,0.19607843137254902,0,0.13716917427898762,0,0,Promo Reliant
189,50,Male,Hoodie,Clothing,53,Arkansas,M,Pink,Spring,3.1,Yes,Express,1,Yes,5,Bank Transfer,Bi-Weekly,0,1,1,26,1378,2469.0445485962596,High,1,Neutral,46-55,0.22873149259703882,0,0.13223726104799988,0,0,Promo Reliant
190,36,Male,Blouse,Clothing,82,West Virginia,M,Maroon,Fall,4.4,Yes,Next Day Air,1,Yes,4,Credit Card,Weekly,0,1,1,52,4264,6862.643258619004,Premium,1,Promoter,36-45,0.4244897959183674,0,0.39633828751137545,0,0,Promo Reliant
191,65,Male,Coat,Outerwear,70,Indiana,Xl,Beige,Fall,3.0,Yes,Free Shipping,1,Yes,48,Venmo,Quarterly,0,1,1,4,280,1089.7096834709755,Mid,1,Neutral,56+,0.40720288115246095,0,0.08629981600628078,0,0,At-Risk Loyalists
192,64,Male,Hat,Accessories,76,Utah,M,Gray,Fall,3.9,Yes,Free Shipping,1,Yes,29,Cash,Every 3 Months,0,1,1,4,304,1033.9640040252953,Mid,1,Neutral,56+,0.25210084033613445,0,0.19292823758806307,0,0,Bargain Hunters
193,46,Male,Shoes,Footwear,29,Nebraska,L,Turquoise,Summer,2.9,Yes,Express,1,Yes,12,Paypal,Bi-Weekly,0,1,1,26,754,1933.9718155259986,High,1,Detractor,46-55,0.28587434973989595,0,0.09507221901867001,0,0,Promo Reliant
194,36,Male,Belt,Accessories,100,North Dakota,S,Silver,Fall,3.0,Yes,Standard,1,Yes,29,Venmo,Annually,0,1,1,1,100,340.11973816621554,Low,1,Neutral,36-45,0.22857142857142856,0,0.06785674738255328,0,0,Bargain Hunters
195,51,Male,Backpack,Accessories,94,Missouri,M,Olive,Spring,3.1,Yes,Express,1,Yes,15,Debit Card,Quarterly,0,1,1,4,376,1042.4933595621578,Mid,1,Neutral,46-55,0.13781512605042018,0,0.09713809564508194,0,0,Bargain Hunters
196,51,Male,Jacket,Outerwear,25,New York,M,Magenta,Fall,4.3,Yes,Free Shipping,1,Yes,34,Credit Card,Monthly,0,1,1,12,300,1066.604418446824,Mid,1,Promoter,46-55,0.3556622649059624,0,0.24173132920749296,0,0,At-Risk Loyalists
197,38,Male,Boots,Footwear,88,Washington,M,Lavender,Summer,3.9,Yes,Next Day Air,1,Yes,41,Credit Card,Fortnightly,0,1,1,26,2288,8551.788086632347,Premium,1,Neutral,36-45,0.522609043617447,0,0.37789836202091087,0,0,Promo Reliant
198,59,Male,Scarf,Accessories,78,South Carolina,M,Black,Fall,3.2,Yes,2-Day Shipping,1,Yes,41,Credit Card,Monthly,0,1,1,12,936,3498.4587627132328,High,1,Neutral,56+,0.4128051220488196,0,0.16956518481768296,0,0,Promo Reliant
199,57,Male,Jewelry,Accessories,45,Utah,M,Turquoise,Winter,4.8,Yes,Standard,1,Yes,39,Credit Card,Fortnightly,0,1,1,26,1170,4315.9889613133055,High,1,Promoter,56+,0.5062825130052021,0,0.3816798697186664,0,0,Promo Reliant
200,54,Male,Hat,Accessories,73,Idaho,Xl,Green,Summer,3.8,Yes,Express,1,Yes,32,Cash,Weekly,0,1,1,52,3796,13272.74270332676,Premium,1,Neutral,46-55,0.653061224489796,1,0.4820537220421805,1,1,Promo Reliant
201,25,Male,Dress,Clothing,61,Pennsylvania,S,Teal,Summer,3.3,Yes,Next Day Air,1,Yes,29,Venmo,Monthly,0,1,1,12,732,2489.676483376698,High,1,Neutral,18-25,0.31484593837535013,0,0.15674489350942675,0,0,Promo Reliant
202,69,Male,Blouse,Clothing,22,Missouri,S,Beige,Fall,4.3,Yes,Free Shipping,1,Yes,15,Bank Transfer,Annually,0,1,1,1,22,60.99695188927519,Low,1,Promoter,56+,0.11428571428571428,0,0.21698915166038993,0,0,Bargain Hunters
203,57,Male,Hat,Accessories,38,Nebraska,L,Magenta,Spring,2.7,Yes,Express,1,Yes,33,Venmo,Annually,0,1,1,1,38,134.00169993541414,Low,1,Detractor,56+,0.26122448979591834,0,0.026785375831360463,0,0,At-Risk Loyalists
204,70,Male,Scarf,Accessories,38,Indiana,S,Yellow,Fall,3.2,Yes,Next Day Air,1,Yes,18,Bank Transfer,Weekly,0,1,1,52,1976,5818.211422832886,Premium,1,Neutral,56+,0.5387755102040817,0,0.22664086702052624,0,0,Promo Reliant
205,24,Male,Sneakers,Footwear,100,Arizona,M,Yellow,Fall,4.0,Yes,Store Pickup,1,Yes,35,Cash,Bi-Weekly,0,1,1,26,2600,9317.149239985885,Premium,1,Promoter,18-25,0.47362945178071225,0,0.4087294687635388,0,0,Promo Reliant
206,67,Male,Shirt,Clothing,64,Hawaii,M,Silver,Winter,3.0,Yes,Standard,1,Yes,25,Paypal,Weekly,0,1,1,52,3328,10842.945278535493,Premium,1,Neutral,56+,0.5959183673469388,1,0.3262704753112467,0,0,Promo Reliant
207,24,Male,T-Shirt,Clothing,55,Wisconsin,L,Silver,Summer,4.2,Yes,Free Shipping,1,Yes,6,Venmo,Fortnightly,0,1,1,26,1430,2782.651513149098,High,1,Promoter,18-25,0.23689475790316128,0,0.2719533127431375,0,0,Promo Reliant
208,62,Male,Gloves,Accessories,91,Rhode Island,M,Silver,Summer,2.9,Yes,Express,1,Yes,17,Bank Transfer,Bi-Weekly,0,1,1,26,2366,6838.619579182326,Premium,1,Detractor,56+,0.3266906762705082,0,0.21574720385127516,0,0,Promo Reliant
209,57,Male,Skirt,Clothing,38,Wisconsin,M,Gold,Spring,4.1,Yes,Store Pickup,1,Yes,17,Credit Card,Monthly,0,1,1,12,456,1318.009521600651,Mid,1,Promoter,56+,0.21688675470188074,0,0.2239169532261505,0,0,Bargain Hunters
210,55,Male,Sandals,Footwear,97,Minnesota,S,Olive,Winter,3.2,Yes,Store Pickup,1,Yes,44,Cash,Every 3 Months,0,1,1,4,388,1476.985046030884,Mid,1,Neutral,46-55,0.3745498199279712,0,0.11982842045556727,0,0,At-Risk Loyalists
211,45,Male,Jacket,Outerwear,22,Vermont,L,Teal,Fall,3.0,Yes,2-Day Shipping,1,Yes,6,Paypal,Fortnightly,0,1,1,26,572,1113.0606052596393,Mid,1,Neutral,36-45,0.23689475790316128,0,0.08687434699575466,0,0,Bargain Hunters
212,69,Male,Skirt,Clothing,92,South Dakota,L,Maroon,Fall,4.2,Yes,2-Day Shipping,1,Yes,45,Debit Card,Fortnightly,0,1,1,26,2392,9158.110220401915,Premium,1,Promoter,56+,0.5552621048419368,1,0.428816439286009,1,1,Promo Reliant
213,67,Male,Handbag,Accessories,84,Virginia,L,Blue,Fall,4.2,Yes,Express,1,Yes,7,Debit Card,Annually,0,1,1,1,84,174.6730895011062,Low,1,Promoter,56+,0.0489795918367347,0,0.20778606325183732,0,0,Bargain Hunters
214,30,Male,Handbag,Accessories,93,Nevada,L,Peach,Fall,4.4,Yes,Store Pickup,1,Yes,11,Debit Card,Every 3 Months,0,1,1,4,372,924.3852737211362,Mid,1,Promoter,26-35,0.10516206482593038,0,0.2502321394675382,0,0,Bargain Hunters
215,24,Male,Jacket,Outerwear,50,Hawaii,L,Blue,Summer,4.2,Yes,Next Day Air,1,Yes,41,Cash,Every 3 Months,0,1,1,4,200,747.5339236566737,Mid,1,Promoter,18-25,0.3500600240096039,0,0.22188085166562985,0,0,At-Risk Loyalists
216,62,Male,Scarf,Accessories,64,New Jersey,S,Orange,Spring,2.8,Yes,2-Day Shipping,1,Yes,24,Paypal,Bi-Weekly,0,1,1,26,1664,5356.209372580685,Premium,1,Detractor,56+,0.38383353341336535,0,0.16727367143515873,0,0,Promo Reliant
217,43,Male,Shorts,Clothing,61,Massachusetts,L,Yellow,Spring,3.7,Yes,Free Shipping,1,Yes,21,Venmo,Weekly,0,1,1,52,3172,9804.786662052578,Premium,1,Neutral,36-45,0.5632653061224491,1,0.3847274024271462,0,0,Promo Reliant
218,35,Male,Sunglasses,Accessories,48,Oklahoma,M,Purple,Winter,3.5,Yes,Next Day Air,1,Yes,24,Bank Transfer,Annually,0,1,1,1,48,154.50603959367362,Low,1,Neutral,26-35,0.18775510204081636,0,0.12328986891557296,0,0,Bargain Hunters
219,28,Male,T-Shirt,Clothing,45,California,S,Magenta,Spring,2.9,Yes,Store Pickup,1,Yes,8,Credit Card,Quarterly,0,1,1,4,180,395.5004239205195,Low,1,Detractor,26-35,0.08067226890756302,0,0.057219345419244456,0,0,Bargain Hunters
220,32,Male,Belt,Accessories,88,Nevada,M,Cyan,Spring,3.0,Yes,Free Shipping,1,Yes,12,Cash,Fortnightly,0,1,1,26,2288,5868.604129871996,Premium,1,Neutral,26-35,0.28587434973989595,0,0.20388073978013194,0,0,Promo Reliant
221,39,Male,Sneakers,Footwear,57,Arizona,S,Indigo,Spring,3.7,Yes,Express,1,Yes,48,Debit Card,Fortnightly,0,1,1,26,1482,5767.677681799948,Premium,1,Neutral,36-45,0.5797519007603041,1,0.2853975242308825,0,0,Promo Reliant
222,28,Male,Hat,Accessories,68,North Carolina,Xl,Magenta,Summer,4.4,Yes,Store Pickup,1,Yes,6,Bank Transfer,Quarterly,0,1,1,4,272,529.2875605430452,Mid,1,Promoter,26-35,0.06434573829531813,0,0.24051107225890755,0,0,Bargain Hunters
223,47,Male,Gloves,Accessories,94,New York,Xl,Gray,Spring,4.5,Yes,2-Day Shipping,1,Yes,14,Paypal,Fortnightly,0,1,1,26,2444,6618.474691493801,Premium,1,Promoter,46-55,0.3022008803521409,0,0.40233071274672666,0,0,Promo Reliant
224,20,Male,Pants,Clothing,41,Wyoming,M,Turquoise,Spring,4.8,Yes,Free Shipping,1,Yes,34,Paypal,Annually,0,1,1,1,41,145.76927052106595,Low,1,Promoter,18-25,0.2693877551020408,0,0.27907490761230963,0,0,At-Risk Loyalists
225,63,Male,Socks,Clothing,83,South Dakota,S,Beige,Summer,2.9,Yes,Free Shipping,1,Yes,12,Cash,Every 3 Months,0,1,1,4,332,851.5631866772302,Mid,1,Detractor,56+,0.11332533013205283,0,0.06844040952627305,0,0,Bargain Hunters
226,25,Male,Jacket,Outerwear,22,Arkansas,M,Olive,Spring,3.2,Yes,Next Day Air,1,Yes,11,Bank Transfer,Annually,0,1,1,1,22,54.66794629533601,Low,1,Neutral,18-25,0.0816326530612245,0,0.08483343147601431,0,0,Bargain Hunters
227,29,Male,Shoes,Footwear,74,Texas,L,Violet,Spring,3.3,Yes,Free Shipping,1,Yes,5,Paypal,Monthly,0,1,1,12,888,1591.0824086745129,High,1,Neutral,26-35,0.11892757102841137,0,0.13463569595626412,0,0,Promo Reliant
228,50,Male,Jeans,Clothing,90,Rhode Island,M,Turquoise,Winter,4.2,Yes,Standard,1,Yes,25,Venmo,Fortnightly,0,1,1,26,2340,7623.945898970268,Premium,1,Promoter,46-55,0.3919967987194878,0,0.3910695377467488,0,0,Promo Reliant
229,18,Male,Socks,Clothing,79,New Hampshire,M,White,Spring,2.9,Yes,Store Pickup,1,Yes,11,Credit Card,Annually,0,1,1,1,79,196.30762533325202,Low,1,Detractor,18-25,0.0816326530612245,0,0.05231836392034818,0,0,Bargain Hunters
230,70,Male,Sandals,Footwear,28,Ohio,S,Silver,Spring,4.6,Yes,Next Day Air,1,Yes,27,Paypal,Every 3 Months,0,1,1,4,112,373.20690513962285,Low,1,Promoter,56+,0.23577430972388957,0,0.26067083099570415,0,0,Bargain Hunters
231,66,Male,Scarf,Accessories,88,Utah,L,Olive,Fall,4.1,Yes,Standard,1,Yes,43,Credit Card,Annually,0,1,1,1,88,333.00868778480697,Low,1,Promoter,56+,0.34285714285714286,0,0.1996817856037933,0,0,At-Risk Loyalists
232,28,Male,Blouse,Clothing,26,Tennessee,M,Blue,Spring,3.1,Yes,2-Day Shipping,1,Yes,18,Debit Card,Every 3 Months,0,1,1,4,104,306.2216538333098,Low,1,Neutral,26-35,0.1623049219687875,0,0.0790227117881851,0,0,Bargain Hunters
233,54,Male,Jewelry,Accessories,27,Hawaii,L,Purple,Winter,4.2,Yes,Express,1,Yes,32,Bank Transfer,Bi-Weekly,0,1,1,26,702,2454.548308149469,High,1,Promoter,46-55,0.44913965586234494,0,0.26388059250005463,0,0,Promo Reliant
234,19,Male,Sweater,Clothing,83,Arizona,Xl,Yellow,Fall,4.5,Yes,Next Day Air,1,Yes,27,Bank Transfer,Every 3 Months,0,1,1,4,332,1106.2918973781677,Mid,1,Promoter,18-25,0.23577430972388957,0,0.2667078082838444,0,0,Bargain Hunters
235,20,Male,Gloves,Accessories,39,South Dakota,S,Silver,Summer,3.7,Yes,Next Day Air,1,Yes,24,Credit Card,Weekly,0,1,1,52,2028,6527.880172832711,Premium,1,Neutral,18-25,0.5877551020408164,1,0.3041017061611051,0,0,Promo Reliant
236,43,Male,Sunglasses,Accessories,89,New Jersey,M,Cyan,Winter,3.7,Yes,Free Shipping,1,Yes,31,Debit Card,Quarterly,0,1,1,4,356,1233.8019813967026,Mid,1,Neutral,36-45,0.2684273709483794,0,0.17384509320142022,0,0,At-Risk Loyalists
237,38,Male,Coat,Outerwear,68,North Dakota,L,Green,Winter,3.4,Yes,Next Day Air,1,Yes,39,Paypal,Fortnightly,0,1,1,26,1768,6521.938874873439,Premium,1,Neutral,36-45,0.5062825130052021,0,0.26795552521689253,0,0,Promo Reliant
238,50,Male,Dress,Clothing,90,Iowa,M,Beige,Summer,3.0,Yes,Store Pickup,1,Yes,36,Debit Card,Fortnightly,0,1,1,26,2340,8449.547915587485,Premium,1,Neutral,46-55,0.4817927170868348,0,0.26738282335541375,0,0,Promo Reliant
239,64,Male,Skirt,Clothing,34,Ohio,M,Peach,Fall,4.2,Yes,Free Shipping,1,Yes,5,Cash,Annually,0,1,1,1,34,60.91982195375387,Low,1,Promoter,56+,0.03265306122448979,0,0.20498725393923897,0,0,Bargain Hunters
240,49,Male,Pants,Clothing,51,Vermont,L,Yellow,Summer,2.9,Yes,Express,1,Yes,47,Credit Card,Bi-Weekly,0,1,1,26,1326,5133.212540463864,Premium,1,Detractor,46-55,0.5715886354541817,1,0.173787010490244,0,0,Promo Reliant
241,47,Male,Sweater,Clothing,45,Montana,Xl,Turquoise,Winter,3.5,Yes,Free Shipping,1,Yes,29,Bank Transfer,Fortnightly,0,1,1,26,1170,3979.400936544722,High,1,Neutral,46-55,0.4246498599439776,0,0.2173983871859625,0,0,Promo Reliant
242,36,Male,Hoodie,Clothing,88,Delaware,M,Peach,Winter,4.1,Yes,Free Shipping,1,Yes,43,Venmo,Bi-Weekly,0,1,1,26,2288,8658.22588240498,Premium,1,Promoter,36-45,0.5389355742296918,0,0.40451717992780645,0,0,Promo Reliant
243,55,Male,Coat,Outerwear,85,New York,L,Gray,Summer,4.3,Yes,Store Pickup,1,Yes,40,Debit Card,Every 3 Months,0,1,1,4,340,1262.6145026794647,Mid,1,Promoter,46-55,0.34189675870348146,0,0.24655400253320764,0,0,At-Risk Loyalists
244,25,Male,Jewelry,Accessories,100,Kentucky,M,Olive,Winter,2.8,Yes,2-Day Shipping,1,Yes,4,Debit Card,Monthly,0,1,1,12,1200,1931.3254949209204,High,1,Detractor,18-25,0.11076430572228893,0,0.08300710839008492,0,0,Promo Reliant
245,53,Male,Belt,Accessories,42,Oregon,S,Indigo,Spring,4.9,Yes,2-Day Shipping,1,Yes,39,Paypal,Weekly,0,1,1,52,2184,8056.512727784837,Premium,1,Promoter,46-55,0.7102040816326531,1,0.48571250295478896,1,1,Promo Reliant
246,49,Male,Sandals,Footwear,53,Rhode Island,L,Charcoal,Summer,3.3,Yes,Next Day Air,1,Yes,45,Venmo,Fortnightly,0,1,1,26,1378,5275.867844361973,Premium,1,Neutral,46-55,0.5552621048419368,1,0.22529693158218428,0,0,Promo Reliant
247,35,Male,Sunglasses,Accessories,86,Nevada,Xl,Beige,Spring,3.2,Yes,Express,1,Yes,20,Venmo,Bi-Weekly,0,1,1,26,2236,6807.552170749574,Premium,1,Neutral,26-35,0.35118047218887555,0,0.25098281480193485,0,0,Promo Reliant
248,29,Male,Sweater,Clothing,66,Montana,Xl,Brown,Spring,4.4,Yes,Standard,1,Yes,14,Debit Card,Weekly,0,1,1,52,3432,9294.028290182785,Premium,1,Promoter,26-35,0.5061224489795919,0,0.45616059605315185,1,0,Promo Reliant
249,47,Male,Belt,Accessories,100,Pennsylvania,M,Blue,Winter,4.8,Yes,Express,1,Yes,33,Paypal,Weekly,0,1,1,52,5200,18337.07472800404,Premium,1,Promoter,46-55,0.6612244897959183,1,0.7266576120083001,1,1,Promo Reliant
250,53,Male,Handbag,Accessories,47,Alaska,S,Teal,Fall,4.2,Yes,Standard,1,Yes,18,Credit Card,Annually,0,1,1,1,47,138.38863202082268,Low,1,Promoter,46-55,0.13877551020408163,0,0.2068933128307901,0,0,Bargain Hunters
251,33,Male,Skirt,Clothing,25,Mississippi,L,Black,Fall,4.0,Yes,Express,1,Yes,9,Bank Transfer,Weekly,0,1,1,52,1300,2993.3606208922597,High,1,Promoter,26-35,0.4653061224489796,0,0.2531376439339348,0,0,Promo Reliant
252,21,Male,Handbag,Accessories,51,Wyoming,Xl,Gold,Winter,2.5,Yes,Standard,1,Yes,34,Paypal,Annually,0,1,1,1,51,181.3227511359601,Low,1,Detractor,18-25,0.2693877551020408,0,0.003949672924865025,0,0,At-Risk Loyalists
253,32,Male,Shorts,Clothing,41,Delaware,M,Violet,Summer,3.9,Yes,Free Shipping,1,Yes,33,Venmo,Fortnightly,0,1,1,26,1066,3759.1003192408284,High,1,Neutral,26-35,0.4573029211684674,0,0.2599780644772136,0,0,Promo Reliant
254,52,Male,Boots,Footwear,73,Oklahoma,L,Cyan,Winter,4.9,Yes,2-Day Shipping,1,Yes,15,Bank Transfer,Bi-Weekly,0,1,1,26,1898,5262.373394811105,Premium,1,Promoter,46-55,0.3103641456582633,0,0.4169649113080798,0,0,Promo Reliant
255,67,Male,Sunglasses,Accessories,42,Indiana,M,White,Winter,3.5,Yes,Store Pickup,1,Yes,4,Paypal,Bi-Weekly,0,1,1,26,1092,1757.5062003780374,High,1,Neutral,56+,0.22056822729091635,0,0.16273042191975223,0,0,Promo Reliant
256,43,Male,Scarf,Accessories,20,Maryland,M,Charcoal,Spring,4.2,Yes,Free Shipping,1,Yes,25,Debit Card,Annually,0,1,1,1,20,65.16193076042964,Low,1,Promoter,36-45,0.1959183673469388,0,0.20509162767626798,0,0,Bargain Hunters
257,58,Male,Jewelry,Accessories,30,South Dakota,Xl,Violet,Spring,4.7,Yes,Express,1,Yes,20,Credit Card,Every 3 Months,0,1,1,4,120,365.34269252681077,Low,1,Promoter,56+,0.1786314525810324,0,0.2724773382550422,0,0,Bargain Hunters
258,20,Male,Handbag,Accessories,53,West Virginia,M,Red,Summer,4.5,Yes,Express,1,Yes,5,Credit Card,Quarterly,0,1,1,4,212,379.85300747634767,Low,1,Promoter,18-25,0.056182472989195674,0,0.24883435309501234,0,0,Bargain Hunters
259,61,Male,Gloves,Accessories,74,Alabama,S,Lavender,Spring,2.8,Yes,Express,1,Yes,16,Cash,Quarterly,0,1,1,4,296,838.63114984064,Mid,1,Detractor,56+,0.14597839135654261,0,0.05612222697284399,0,0,Bargain Hunters
260,32,Male,Jeans,Clothing,57,Louisiana,M,Gold,Fall,2.9,Yes,Standard,1,Yes,13,Debit Card,Annually,0,1,1,1,57,150.42626778806974,Low,1,Detractor,26-35,0.0979591836734694,0,0.051189489352251434,0,0,Bargain Hunters
261,38,Male,Hat,Accessories,57,Montana,S,Red,Winter,3.2,Yes,2-Day Shipping,1,Yes,11,Credit Card,Every 3 Months,0,1,1,4,228,566.558716151664,Mid,1,Neutral,36-45,0.10516206482593038,0,0.09742809960816837,0,0,Bargain Hunters
262,21,Male,Jeans,Clothing,77,California,L,Magenta,Winter,4.9,Yes,Standard,1,Yes,21,Credit Card,Annually,0,1,1,1,77,238.01026890859035,Low,1,Promoter,18-25,0.163265306122449,0,0.2933444245313108,0,0,Bargain Hunters
263,37,Male,Pants,Clothing,40,Hawaii,M,Teal,Summer,3.8,Yes,Next Day Air,1,Yes,6,Debit Card,Annually,1,1,1,1,40,77.83640596221252,Low,1,Neutral,36-45,0.04081632653061225,0,0.15740347312907904,0,0,Bargain Hunters
264,27,Male,Shorts,Clothing,46,Iowa,M,Purple,Summer,4.3,Yes,Store Pickup,1,Yes,29,Venmo,Monthly,0,1,1,12,552,1877.4609546775098,High,1,Promoter,26-35,0.31484593837535013,0,0.2616818139163299,0,0,Promo Reliant
265,36,Male,Pants,Clothing,78,Colorado,S,Charcoal,Fall,3.9,Yes,Store Pickup,1,Yes,15,Cash,Annually,0,1,1,1,78,216.26192033470292,Low,1,Neutral,36-45,0.11428571428571428,0,0.1728093235901717,0,0,Bargain Hunters
266,32,Male,Backpack,Accessories,59,Michigan,M,Gray,Spring,3.2,Yes,2-Day Shipping,1,Yes,17,Bank Transfer,Bi-Weekly,0,1,1,26,1534,4433.830276612716,High,1,Neutral,26-35,0.3266906762705082,0,0.19257926221771304,0,0,Promo Reliant
267,51,Male,Jewelry,Accessories,75,Louisiana,L,White,Summer,3.1,Yes,Express,1,Yes,32,Credit Card,Weekly,0,1,1,52,3900,13636.379489719273,Premium,1,Neutral,46-55,0.653061224489796,1,0.4070007179931764,0,0,Promo Reliant
268,64,Male,Sweater,Clothing,54,Maryland,M,Olive,Spring,3.9,Yes,2-Day Shipping,1,Yes,42,Venmo,Annually,0,1,1,1,54,203.10480624745236,Low,1,Neutral,56+,0.3346938775510204,0,0.17248560318874245,0,0,At-Risk Loyalists
269,68,Male,Shoes,Footwear,42,Georgia,M,Charcoal,Spring,2.6,Yes,Store Pickup,1,Yes,21,Cash,Monthly,0,1,1,12,504,1557.8853964925913,High,1,Detractor,56+,0.2495398159263706,0,0.049818909688506816,0,0,Promo Reliant
270,68,Male,Blouse,Clothing,44,Georgia,M,Charcoal,Winter,3.3,Yes,Next Day Air,1,Yes,9,Cash,Bi-Weekly,0,1,1,26,1144,2634.1573463851887,High,1,Neutral,56+,0.2613845538215286,0,0.16029973104156253,0,0,Promo Reliant
271,33,Male,Jeans,Clothing,52,North Dakota,Xl,Orange,Fall,4.6,Yes,Free Shipping,1,Yes,16,Bank Transfer,Annually,0,1,1,1,52,147.32709389092324,Low,1,Promoter,26-35,0.12244897959183675,0,0.25511323662605095,0,0,Bargain Hunters
272,65,Male,Sunglasses,Accessories,69,Maryland,Xl,Yellow,Summer,4.6,Yes,Express,1,Yes,42,Credit Card,Fortnightly,0,1,1,26,1794,6747.593007554251,Premium,1,Promoter,56+,0.5307723089235694,0,0.41750756694361,0,0,Promo Reliant
273,48,Male,Jewelry,Accessories,26,Oregon,M,Beige,Summer,4.4,Yes,2-Day Shipping,1,Yes,37,Debit Card,Bi-Weekly,0,1,1,26,676,2459.0082439750367,High,1,Promoter,46-55,0.48995598239295723,0,0.287990325698857,0,0,Promo Reliant
274,69,Male,Coat,Outerwear,33,North Dakota,S,Silver,Spring,4.2,Yes,Express,1,Yes,32,Debit Card,Quarterly,0,1,1,4,132,461.5389981135754,Low,1,Promoter,56+,0.27659063625450186,0,0.21484417238401982,0,0,At-Risk Loyalists
275,59,Male,Jewelry,Accessories,32,Maryland,M,Indigo,Spring,3.0,Yes,Express,1,Yes,28,Cash,Bi-Weekly,0,1,1,26,832,2801.5901305487464,High,1,Neutral,56+,0.4164865946378551,0,0.12841928246768897,0,0,Promo Reliant
276,48,Male,Backpack,Accessories,85,Virginia,Xl,Lavender,Winter,4.0,Yes,Express,1,Yes,13,Credit Card,Weekly,0,1,1,52,4420,11664.633396899442,Premium,1,Promoter,46-55,0.4979591836734694,0,0.46648746254434853,1,0,Promo Reliant
277,25,Male,Skirt,Clothing,30,South Dakota,Xl,Turquoise,Fall,3.5,Yes,Express,1,Yes,11,Bank Transfer,Fortnightly,0,1,1,26,780,1938.2271868346402,High,1,Neutral,18-25,0.2777110844337735,0,0.167176919069086,0,0,Promo Reliant
278,29,Male,Shirt,Clothing,29,Georgia,M,Green,Winter,3.0,Yes,Store Pickup,1,Yes,36,Bank Transfer,Bi-Weekly,0,1,1,26,754,2722.6321061337453,High,1,Neutral,26-35,0.4817927170868348,0,0.12647658263319778,0,0,Promo Reliant
279,57,Male,Sweater,Clothing,95,Hawaii,M,Orange,Spring,3.7,Yes,Express,1,Yes,23,Debit Card,Annually,0,1,1,1,95,301.91511388305486,Low,1,Neutral,56+,0.1795918367346939,0,0.1509167527737521,0,0,Bargain Hunters
280,23,Male,Sneakers,Footwear,69,Arkansas,L,Turquoise,Summer,4.0,Yes,Standard,1,Yes,37,Bank Transfer,Monthly,0,1,1,12,828,3011.9213402534474,High,1,Promoter,18-25,0.3801520608243298,0,0.2535943157756908,0,0,Promo Reliant
281,45,Male,Sandals,Footwear,69,Montana,S,Cyan,Fall,4.2,Yes,2-Day Shipping,1,Yes,21,Cash,Bi-Weekly,0,1,1,26,1794,5545.330161324819,Premium,1,Promoter,36-45,0.35934373749499804,0,0.3399268390861248,0,0,Promo Reliant
282,38,Male,Belt,Accessories,61,Oklahoma,Xl,Charcoal,Spring,2.5,Yes,Standard,1,Yes,22,Debit Card,Bi-Weekly,0,1,1,26,1586,4972.893826463632,Premium,1,Detractor,36-45,0.3675070028011205,0,0.12184249514222681,0,0,Promo Reliant
283,21,Male,Skirt,Clothing,94,Minnesota,M,Teal,Summer,3.0,Yes,2-Day Shipping,1,Yes,9,Cash,Monthly,0,1,1,12,1128,2597.3159848972837,High,1,Neutral,18-25,0.15158063225290117,0,0.12339327843721666,0,0,Promo Reliant
284,32,Male,Sweater,Clothing,30,Montana,S,Maroon,Fall,3.2,Yes,Next Day Air,1,Yes,16,Venmo,Annually,0,1,1,1,30,84.99640032168648,Low,1,Neutral,26-35,0.12244897959183675,0,0.08557963913576638,0,0,Bargain Hunters
285,63,Male,Skirt,Clothing,45,Ohio,M,Red,Summer,3.5,Yes,Standard,1,Yes,4,Paypal,Quarterly,0,1,1,4,180,289.69882423813806,Low,1,Neutral,56+,0.04801920768307323,0,0.1266161806147206,0,0,Bargain Hunters
286,29,Male,Handbag,Accessories,39,Kentucky,Xl,Yellow,Summer,4.8,Yes,Express,1,Yes,3,Debit Card,Bi-Weekly,0,1,1,26,1014,1405.702482175569,Mid,1,Promoter,26-35,0.21240496198479392,0,0.3100745692665357,0,0,Bargain Hunters
287,27,Male,Jewelry,Accessories,51,Nebraska,L,Gray,Summer,2.6,Yes,Store Pickup,1,Yes,6,Debit Card,Annually,0,1,1,1,51,99.24141760182097,Low,1,Detractor,26-35,0.04081632653061225,0,0.013930126536096819,0,0,Bargain Hunters
288,56,Male,Scarf,Accessories,37,Delaware,L,Blue,Spring,3.4,Yes,2-Day Shipping,1,Yes,18,Venmo,Fortnightly,0,1,1,26,962,2832.5502979581156,High,1,Neutral,56+,0.3348539415766306,0,0.17718103293634144,0,0,Promo Reliant
289,30,Male,T-Shirt,Clothing,62,North Carolina,M,Lavender,Winter,3.7,Yes,2-Day Shipping,1,Yes,34,Venmo,Bi-Weekly,0,1,1,26,1612,5731.221075120935,Premium,1,Neutral,26-35,0.4654661864745898,0,0.28450053821475346,0,0,Promo Reliant
290,49,Male,Coat,Outerwear,85,New York,M,Yellow,Fall,4.5,Yes,2-Day Shipping,1,Yes,26,Credit Card,Monthly,0,1,1,12,1020,3361.7536033244155,High,1,Promoter,46-55,0.2903561424569828,0,0.32220166233233194,0,0,Promo Reliant
291,58,Male,T-Shirt,Clothing,33,Colorado,M,Indigo,Winter,3.7,Yes,Standard,1,Yes,50,Paypal,Weekly,0,1,1,52,1716,6747.012785754943,Premium,1,Neutral,56+,0.8,1,0.30949329104446194,0,0,Promo Reliant
292,57,Male,Dress,Clothing,26,Delaware,Xl,Violet,Fall,3.3,Yes,Next Day Air,1,Yes,40,Bank Transfer,Monthly,0,1,1,12,312,1158.6344848117442,Mid,1,Neutral,56+,0.40464185674269715,0,0.12399565631065913,0,0,At-Risk Loyalists
293,60,Male,Shoes,Footwear,99,Utah,M,Green,Spring,4.7,Yes,Free Shipping,1,Yes,24,Cash,Quarterly,0,1,1,4,396,1274.6748266478073,Mid,1,Promoter,56+,0.21128451380552224,0,0.2948507372799392,0,0,Bargain Hunters
294,69,Male,Handbag,Accessories,39,Connecticut,M,White,Spring,2.7,Yes,Express,1,Yes,33,Paypal,Annually,0,1,1,1,39,137.5280604600303,Low,1,Detractor,56+,0.26122448979591834,0,0.026872139147163823,0,0,At-Risk Loyalists
295,70,Male,Skirt,Clothing,20,New Jersey,M,Gold,Spring,4.6,Yes,Store Pickup,1,Yes,19,Credit Card,Every 3 Months,0,1,1,4,80,239.65858188431926,Low,1,Promoter,56+,0.17046818727490998,0,0.2573849799703413,0,0,Bargain Hunters
296,53,Male,Sunglasses,Accessories,42,West Virginia,M,Indigo,Winter,2.7,Yes,Store Pickup,1,Yes,24,Credit Card,Quarterly,0,1,1,4,168,540.7711385778576,Mid,1,Detractor,46-55,0.21128451380552224,0,0.03679361662742342,0,0,Bargain Hunters
297,25,Male,Sandals,Footwear,74,Indiana,S,Lavender,Spring,4.8,Yes,2-Day Shipping,1,Yes,19,Credit Card,Weekly,0,1,1,52,3848,11527.577788635757,Premium,1,Promoter,18-25,0.5469387755102041,0,0.5591153175411946,1,0,Promo Reliant
298,48,Male,Shoes,Footwear,26,Delaware,Xl,Purple,Summer,4.4,Yes,Standard,1,Yes,4,Credit Card,Bi-Weekly,0,1,1,26,676,1087.9800288054519,Mid,1,Promoter,46-55,0.22056822729091635,0,0.25425725921921155,0,0,Bargain Hunters
299,69,Male,T-Shirt,Clothing,53,Maryland,M,Lavender,Winter,4.0,Yes,Standard,1,Yes,11,Venmo,Every 3 Months,0,1,1,4,212,526.8002097550561,Mid,1,Promoter,56+,0.10516206482593038,0,0.19244987295712726,0,0,Bargain Hunters
300,25,Male,Sneakers,Footwear,80,Pennsylvania,M,Maroon,Summer,3.2,Yes,Next Day Air,1,Yes,28,Paypal,Fortnightly,0,1,1,26,2080,7003.975326371866,Premium,1,Neutral,18-25,0.4164865946378551,0,0.25581565142297324,0,0,Promo Reliant
301,29,Male,Hat,Accessories,98,Iowa,M,Teal,Spring,4.4,Yes,Store Pickup,1,Yes,24,Paypal,Weekly,0,1,1,52,5096,16403.39120352835,Premium,1,Promoter,26-35,0.5877551020408164,1,0.631080855994081,1,1,Promo Reliant
302,46,Male,Skirt,Clothing,95,Pennsylvania,M,Green,Spring,3.8,Yes,Standard,1,Yes,25,Credit Card,Every 3 Months,0,1,1,4,380,1238.0766844481632,Mid,1,Neutral,46-55,0.21944777911164468,0,0.18595026889410118,0,0,Bargain Hunters
303,37,Male,Sweater,Clothing,44,Delaware,L,Olive,Summer,3.6,Yes,Express,1,Yes,27,Bank Transfer,Every 3 Months,0,1,1,4,176,586.4679937908359,Mid,1,Neutral,36-45,0.23577430972388957,0,0.14591795166134497,0,0,Bargain Hunters
304,20,Male,Sandals,Footwear,60,Oregon,M,Turquoise,Summer,3.3,Yes,Next Day Air,1,Yes,49,Venmo,Weekly,0,1,1,52,3120,12205.511776935815,Premium,1,Neutral,18-25,0.7918367346938776,1,0.39579534793233306,0,0,Promo Reliant
305,40,Male,Dress,Clothing,84,Oregon,M,Green,Winter,3.4,Yes,Next Day Air,1,Yes,45,Credit Card,Bi-Weekly,0,1,1,26,2184,8361.752809932184,Premium,1,Neutral,36-45,0.5552621048419368,1,0.3132226941159937,0,0,Promo Reliant
306,60,Male,Sweater,Clothing,59,Utah,M,Teal,Fall,3.5,Yes,2-Day Shipping,1,Yes,26,Paypal,Annually,0,1,1,1,59,194.45437509425543,Low,1,Neutral,56+,0.20408163265306123,0,0.12427276616180186,0,0,Bargain Hunters
307,26,Male,Jacket,Outerwear,49,North Dakota,S,White,Summer,3.6,Yes,Express,1,Yes,4,Cash,Annually,0,1,1,1,49,78.86245770927091,Low,1,Neutral,26-35,0.02448979591836735,0,0.13342871832200226,0,0,Bargain Hunters
308,29,Male,Gloves,Accessories,32,Florida,M,Orange,Winter,3.2,Yes,Free Shipping,1,Yes,3,Credit Card,Every 3 Months,0,1,1,4,128,177.445678223346,Low,1,Neutral,26-35,0.03985594237695078,0,0.08785428060772628,0,0,Bargain Hunters
309,66,Male,Handbag,Accessories,29,Maryland,M,Beige,Fall,3.7,Yes,Standard,1,Yes,45,Venmo,Bi-Weekly,0,1,1,26,754,2886.795612952778,High,1,Neutral,56+,0.5552621048419368,1,0.21451569607213836,0,0,Promo Reliant
310,66,Male,Dress,Clothing,22,Minnesota,M,Yellow,Spring,4.5,Yes,Standard,1,Yes,21,Cash,Fortnightly,0,1,1,26,572,1768.0762833209567,High,1,Promoter,56+,0.35934373749499804,0,0.2829904904629549,0,0,Promo Reliant
311,56,Male,Pants,Clothing,85,Montana,M,Charcoal,Winter,4.6,Yes,Standard,1,Yes,50,Cash,Fortnightly,0,1,1,26,2210,8689.33464832076,Premium,1,Promoter,56+,0.596078431372549,1,0.46528258654535515,1,1,Promo Reliant
312,69,Male,Jeans,Clothing,52,Rhode Island,L,Silver,Winter,4.1,Yes,Store Pickup,1,Yes,19,Bank Transfer,Monthly,0,1,1,12,624,1869.3369386976904,High,1,Promoter,56+,0.23321328531412566,0,0.23748192891899955,0,0,Promo Reliant
313,38,Male,Pants,Clothing,89,Massachusetts,L,Green,Spring,3.4,Yes,Next Day Air,1,Yes,6,Paypal,Annually,0,1,1,1,89,173.18600326592286,Low,1,Neutral,36-45,0.04081632653061225,0,0.11174947466943078,0,0,Bargain Hunters
314,42,Male,Dress,Clothing,77,Vermont,M,Pink,Spring,3.7,Yes,Express,1,Yes,50,Credit Card,Every 3 Months,0,1,1,4,308,1211.0022948790922,Mid,1,Neutral,36-45,0.42352941176470593,0,0.17328412492045855,0,0,At-Risk Loyalists
315,30,Male,Pants,Clothing,24,New Jersey,M,Purple,Summer,3.3,Yes,Store Pickup,1,Yes,17,Debit Card,Every 3 Months,0,1,1,4,96,277.47568875803177,Low,1,Neutral,26-35,0.15414165666266505,0,0.10231544001932072,0,0,Bargain Hunters
316,66,Male,Jewelry,Accessories,24,Wisconsin,Xl,Orange,Spring,4.5,Yes,Express,1,Yes,24,Debit Card,Annually,0,1,1,1,24,77.25301979683681,Low,1,Promoter,56+,0.18775510204081636,0,0.24138911937320287,0,0,Bargain Hunters
317,36,Male,Handbag,Accessories,22,California,M,Charcoal,Fall,3.3,Yes,Free Shipping,1,Yes,46,Venmo,Monthly,0,1,1,12,264,1016.4389668514555,Mid,1,Neutral,36-45,0.4536214485794318,0,0.12049704788860799,0,0,At-Risk Loyalists
318,58,Male,Sweater,Clothing,82,West Virginia,L,Teal,Fall,4.3,Yes,Standard,1,Yes,42,Cash,Every 3 Months,0,1,1,4,328,1233.6736379474885,Mid,1,Promoter,56+,0.35822328931572633,0,0.24584193541221014,0,0,At-Risk Loyalists
319,45,Male,Backpack,Accessories,67,South Dakota,M,Beige,Winter,2.5,Yes,Standard,1,Yes,10,Cash,Annually,0,1,1,1,67,160.65898327749085,Low,1,Detractor,36-45,0.07346938775510205,0,0.0034412572356930233,0,0,Bargain Hunters
320,47,Male,Shorts,Clothing,74,Maine,Xl,White,Spring,2.6,Yes,Standard,1,Yes,1,Cash,Every 3 Months,0,1,1,4,296,205.1715654457438,Low,1,Detractor,46-55,0.023529411764705882,0,0.01653645416661588,0,0,Bargain Hunters
321,66,Male,Jewelry,Accessories,72,Kansas,L,White,Summer,4.9,Yes,Standard,1,Yes,28,Debit Card,Quarterly,0,1,1,4,288,969.7811990361046,Mid,1,Promoter,56+,0.24393757503001198,0,0.31134907035897535,0,0,Bargain Hunters
322,41,Male,Sneakers,Footwear,36,Vermont,L,Orange,Summer,4.7,Yes,Free Shipping,1,Yes,48,Debit Card,Quarterly,0,1,1,4,144,560.4221229279302,Mid,1,Promoter,36-45,0.40720288115246095,0,0.27727711357820606,0,0,At-Risk Loyalists
323,41,Male,Belt,Accessories,95,Tennessee,S,Cyan,Winter,3.0,Yes,Standard,1,Yes,47,Credit Card,Monthly,0,1,1,12,1140,4413.169152434996,High,1,Neutral,36-45,0.4617847138855543,0,0.16807091157421802,0,0,Promo Reliant
324,66,Male,Hoodie,Clothing,78,Tennessee,M,Orange,Winter,3.5,Yes,Next Day Air,1,Yes,29,Paypal,Bi-Weekly,0,1,1,26,2028,6897.628290010851,Premium,1,Neutral,56+,0.4246498599439776,0,0.2891990665797243,0,0,Promo Reliant
325,37,Male,Shirt,Clothing,82,Wyoming,M,Olive,Summer,4.8,Yes,Standard,1,Yes,37,Venmo,Quarterly,0,1,1,4,328,1193.1282603902546,Mid,1,Promoter,36-45,0.31740696278511404,0,0.30484434841768476,0,0,At-Risk Loyalists
326,70,Male,Pants,Clothing,70,Vermont,M,Charcoal,Winter,4.3,Yes,Free Shipping,1,Yes,38,Debit Card,Annually,0,1,1,1,70,256.44931522907524,Low,1,Promoter,56+,0.3020408163265306,0,0.22179810270399028,0,0,At-Risk Loyalists
327,62,Male,Scarf,Accessories,41,New Jersey,M,White,Fall,3.2,Yes,Store Pickup,1,Yes,48,Bank Transfer,Weekly,0,1,1,52,2132,8297.360875571856,Premium,1,Neutral,56+,0.7836734693877552,1,0.28763838142388676,0,0,Promo Reliant
328,61,Male,Coat,Outerwear,42,Iowa,M,Teal,Summer,3.1,Yes,Free Shipping,1,Yes,36,Paypal,Weekly,0,1,1,52,2184,7886.244721214986,Premium,1,Neutral,56+,0.6857142857142857,1,0.2655231931204417,0,0,Promo Reliant
329,48,Male,Coat,Outerwear,50,Florida,M,Yellow,Fall,2.8,Yes,Free Shipping,1,Yes,9,Credit Card,Weekly,0,1,1,52,2600,5986.721241784519,Premium,1,Detractor,46-55,0.4653061224489796,0,0.18278691803703676,0,0,Promo Reliant
330,70,Male,Socks,Clothing,31,Nevada,S,White,Summer,2.9,Yes,2-Day Shipping,1,Yes,34,Bank Transfer,Monthly,0,1,1,12,372,1322.5894788740618,Mid,1,Detractor,56+,0.3556622649059624,0,0.0800296394578914,0,0,At-Risk Loyalists
331,46,Male,Sweater,Clothing,51,North Dakota,M,Beige,Winter,3.8,Yes,Express,1,Yes,43,Venmo,Bi-Weekly,1,1,1,26,1326,5017.835454575614,Premium,1,Neutral,46-55,0.5389355742296918,0,0.27894824840976074,0,0,Promo Reliant
332,31,Male,Shirt,Clothing,98,Florida,L,Beige,Fall,3.3,Yes,Store Pickup,1,Yes,46,Paypal,Quarterly,0,1,1,4,392,1509.2578598703428,Mid,1,Neutral,26-35,0.3908763505402161,0,0.13262246755298385,0,0,At-Risk Loyalists
333,19,Male,Shirt,Clothing,86,New York,M,Maroon,Winter,2.8,Yes,2-Day Shipping,1,Yes,5,Credit Card,Monthly,0,1,1,12,1032,1849.0957722433527,High,1,Detractor,18-25,0.11892757102841137,0,0.08098391100363136,0,0,Promo Reliant
334,39,Male,Sweater,Clothing,64,Alaska,M,Teal,Winter,4.5,Yes,Standard,1,Yes,15,Bank Transfer,Bi-Weekly,0,1,1,26,1664,4613.587633806996,High,1,Promoter,36-45,0.3103641456582633,0,0.353002050030063,0,0,Promo Reliant
335,41,Male,Blouse,Clothing,46,Kansas,M,Lavender,Fall,2.6,Yes,Next Day Air,1,Yes,30,Credit Card,Annually,0,1,1,1,46,157.96341140631674,Low,1,Detractor,36-45,0.23673469387755103,0,0.015374934818601325,0,0,At-Risk Loyalists
336,20,Male,Sweater,Clothing,85,Oregon,L,Maroon,Spring,3.7,Yes,Standard,1,Yes,44,Venmo,Every 3 Months,0,1,1,4,340,1294.2652465219087,Mid,1,Neutral,18-25,0.3745498199279712,0,0.17533274408962074,0,0,At-Risk Loyalists
337,36,Male,Hat,Accessories,81,Rhode Island,S,Orange,Fall,4.4,Yes,Express,1,Yes,16,Paypal,Annually,0,1,1,1,81,229.4902808685535,Low,1,Promoter,36-45,0.12244897959183675,0,0.23313479695415346,0,0,Bargain Hunters
338,32,Male,Sweater,Clothing,59,New Mexico,M,Cyan,Winter,4.3,Yes,2-Day Shipping,1,Yes,16,Bank Transfer,Annually,0,1,1,1,59,167.15958729931674,Low,1,Promoter,26-35,0.12244897959183675,0,0.2196011994638688,0,0,Bargain Hunters
339,69,Male,Hoodie,Clothing,79,Massachusetts,M,Silver,Winter,3.5,Yes,Express,1,Yes,16,Cash,Weekly,0,1,1,52,4108,11638.840417382937,Premium,1,Neutral,56+,0.5224489795918368,0,0.4058528466530696,0,0,Promo Reliant
340,40,Male,Shorts,Clothing,33,Pennsylvania,M,Teal,Spring,3.8,Yes,2-Day Shipping,1,Yes,21,Credit Card,Every 3 Months,0,1,1,4,132,408.0176038432977,Low,1,Neutral,36-45,0.18679471788715488,0,0.16552732074593787,0,0,Bargain Hunters
341,40,Male,Shorts,Clothing,47,New Jersey,L,Blue,Summer,3.5,Yes,Express,1,Yes,39,Venmo,Every 3 Months,0,1,1,4,188,693.5093373734201,Mid,1,Neutral,36-45,0.3337334933973589,0,0.13655161938545907,0,0,At-Risk Loyalists
342,20,Male,Hat,Accessories,20,Utah,S,Blue,Summer,4.6,Yes,Store Pickup,1,Yes,40,Debit Card,Bi-Weekly,0,1,1,26,520,1931.05747468624,High,1,Promoter,18-25,0.5144457783113245,0,0.2990005139638766,0,0,Promo Reliant
343,64,Male,Coat,Outerwear,36,Kentucky,M,Olive,Spring,2.6,Yes,Next Day Air,1,Yes,48,Credit Card,Every 3 Months,0,1,1,4,144,560.4221229279302,Mid,1,Detractor,56+,0.40720288115246095,0,0.025277113578206053,0,0,At-Risk Loyalists
344,27,Male,Sandals,Footwear,39,Nebraska,M,Purple,Summer,4.4,Yes,Next Day Air,1,Yes,26,Venmo,Monthly,0,1,1,12,468,1542.4516532900261,Mid,1,Promoter,26-35,0.2903561424569828,0,0.2654391746256383,0,0,Bargain Hunters
345,24,Male,Skirt,Clothing,71,Virginia,M,Charcoal,Winter,4.0,Yes,Standard,1,Yes,46,Debit Card,Monthly,0,1,1,12,852,3280.3257566569696,High,1,Promoter,18-25,0.4536214485794318,0,0.26019819447183457,0,0,Promo Reliant
346,48,Male,Shoes,Footwear,59,Wyoming,S,Olive,Winter,4.4,Yes,Next Day Air,1,Yes,27,Bank Transfer,Annually,0,1,1,1,59,196.60006610033702,Low,1,Promoter,46-55,0.2122448979591837,0,0.23232555919447043,0,0,Bargain Hunters
347,49,Male,Jeans,Clothing,50,New Mexico,L,Violet,Spring,4.7,Yes,Next Day Air,1,Yes,5,Cash,Weekly,0,1,1,52,2600,4658.574619992943,Premium,1,Promoter,46-55,0.4326530612244898,0,0.3781089192971858,0,0,Promo Reliant
348,36,Male,Sandals,Footwear,41,Oregon,L,Red,Fall,3.9,Yes,Store Pickup,1,Yes,43,Paypal,Fortnightly,0,1,1,26,1066,4033.9461497568664,High,1,Neutral,36-45,0.5389355742296918,0,0.26674042908055917,0,0,Promo Reliant
349,56,Male,Blouse,Clothing,59,South Carolina,M,Beige,Fall,2.7,Yes,Free Shipping,1,Yes,17,Paypal,Fortnightly,0,1,1,26,1534,4433.830276612716,High,1,Detractor,56+,0.3266906762705082,0,0.13257926221771305,0,0,Promo Reliant
350,37,Male,Hat,Accessories,87,Arizona,M,Green,Winter,3.7,Yes,2-Day Shipping,1,Yes,3,Bank Transfer,Bi-Weekly,0,1,1,26,2262,3135.7978448531926,High,1,Neutral,36-45,0.21240496198479392,0,0.2206421993412471,0,0,Promo Reliant
351,42,Male,Sweater,Clothing,68,Kentucky,M,Violet,Spring,2.6,Yes,2-Day Shipping,1,Yes,47,Bank Transfer,Fortnightly,0,1,1,26,1768,6844.283387285152,Premium,1,Detractor,36-45,0.5715886354541817,1,0.17988655737671444,0,0,Promo Reliant
352,28,Male,Skirt,Clothing,90,New York,M,Teal,Winter,3.9,Yes,Standard,1,Yes,24,Debit Card,Bi-Weekly,0,1,1,26,2340,7532.1694301915895,Premium,1,Neutral,26-35,0.38383353341336535,0,0.3528114502119162,0,0,Promo Reliant
353,27,Male,Jeans,Clothing,71,Texas,Xl,Yellow,Fall,4.9,Yes,Next Day Air,1,Yes,12,Cash,Every 3 Months,0,1,1,4,284,728.4456175190764,Mid,1,Promoter,26-35,0.11332533013205283,0,0.3054111989678962,0,0,Bargain Hunters
354,63,Male,Sneakers,Footwear,64,Missouri,L,Yellow,Fall,4.1,Yes,Store Pickup,1,Yes,35,Debit Card,Monthly,0,1,1,12,768,2752.1425447342926,High,1,Promoter,56+,0.36382553021208486,0,0.2592026636694167,0,0,Promo Reliant
355,58,Male,Jewelry,Accessories,76,Pennsylvania,S,Olive,Fall,3.0,Yes,Free Shipping,1,Yes,42,Venmo,Weekly,0,1,1,52,3952,14864.262857220958,Premium,1,Neutral,56+,0.7346938775510204,1,0.42521181854303775,1,1,Promo Reliant
356,37,Male,Jewelry,Accessories,42,Oregon,Xl,Magenta,Fall,4.1,Yes,2-Day Shipping,1,Yes,1,Paypal,Every 3 Months,0,1,1,4,168,116.44872633407081,Low,1,Promoter,36-45,0.023529411764705882,0,0.19435349877816913,0,0,Bargain Hunters
357,56,Male,Pants,Clothing,80,Nevada,L,Black,Spring,3.8,Yes,Standard,1,Yes,27,Cash,Weekly,1,1,1,52,4160,13861.970762328849,Premium,1,Neutral,56+,0.6122448979591837,1,0.4965512130974841,1,1,Promo Reliant
358,18,Male,Belt,Accessories,56,Arkansas,M,Olive,Spring,4.0,Yes,Standard,1,Yes,16,Credit Card,Bi-Weekly,0,1,1,26,1456,4125.158628945851,High,1,Promoter,18-25,0.31852741096438575,0,0.280984640096942,0,0,Promo Reliant
359,48,Male,Hat,Accessories,25,Minnesota,Xl,Magenta,Summer,3.6,Yes,Express,1,Yes,36,Credit Card,Every 3 Months,0,1,1,4,100,361.09179126442245,Low,1,Neutral,46-55,0.3092436974789916,0,0.14037274818658413,0,0,At-Risk Loyalists
360,31,Male,Sneakers,Footwear,74,Georgia,M,Olive,Winter,3.0,Yes,Store Pickup,1,Yes,30,Credit Card,Every 3 Months,0,1,1,4,296,1016.4602125276033,Mid,1,Neutral,26-35,0.2602641056422569,0,0.08449757062169108,0,0,At-Risk Loyalists
361,51,Male,Pants,Clothing,30,Rhode Island,M,Teal,Summer,3.0,Yes,Standard,1,Yes,18,Debit Card,Fortnightly,0,1,1,26,780,2296.6624037498236,High,1,Neutral,46-55,0.3348539415766306,0,0.11599593451097495,0,0,Promo Reliant
362,65,Male,T-Shirt,Clothing,96,Nevada,M,White,Spring,2.6,Yes,Free Shipping,1,Yes,45,Cash,Annually,0,1,1,1,96,367.5495740629531,Low,1,Detractor,56+,0.3591836734693878,0,0.02053163683237834,0,0,At-Risk Loyalists
363,53,Male,Sneakers,Footwear,64,Texas,M,Charcoal,Fall,3.4,Yes,Free Shipping,1,Yes,1,Venmo,Fortnightly,0,1,1,26,1664,1153.396908451749,Mid,1,Neutral,46-55,0.19607843137254902,0,0.13586678988064035,0,0,Bargain Hunters
364,55,Male,Shorts,Clothing,88,Florida,L,Yellow,Winter,3.1,Yes,Free Shipping,1,Yes,42,Bank Transfer,Fortnightly,0,1,1,26,2288,8605.62586470687,Premium,1,Neutral,46-55,0.5307723089235694,0,0.2832229980326356,0,0,Promo Reliant
365,62,Male,Shoes,Footwear,88,North Dakota,L,Charcoal,Summer,3.0,Yes,Free Shipping,1,Yes,7,Venmo,Every 3 Months,0,1,1,4,352,731.9634226713022,Mid,1,Neutral,56+,0.07250900360144058,0,0.07749775178551835,0,0,Bargain Hunters
366,55,Male,Gloves,Accessories,88,West Virginia,Xl,Gray,Summer,3.7,Yes,Standard,1,Yes,50,Paypal,Quarterly,0,1,1,4,352,1384.0026227189626,Mid,1,Neutral,46-55,0.42352941176470593,0,0.17754066136183366,0,0,At-Risk Loyalists
367,64,Male,Socks,Clothing,36,Nebraska,M,Turquoise,Spring,3.5,Yes,Store Pickup,1,Yes,37,Venmo,Fortnightly,0,1,1,26,936,3404.780645503897,High,1,Neutral,56+,0.48995598239295723,0,0.2032603087250201,0,0,Promo Reliant
368,52,Male,Dress,Clothing,40,Tennessee,Xl,Cyan,Spring,2.8,Yes,Store Pickup,1,Yes,18,Bank Transfer,Monthly,0,1,1,12,480,1413.3307099998913,Mid,1,Detractor,46-55,0.22505002000800323,0,0.07026225578784333,0,0,Bargain Hunters
369,24,Male,Handbag,Accessories,39,Oklahoma,M,Charcoal,Spring,4.5,Yes,Standard,1,Yes,29,Cash,Monthly,0,1,1,12,468,1591.7603746178888,High,1,Promoter,18-25,0.31484593837535013,0,0.2786523767728847,0,0,Promo Reliant
370,38,Male,Belt,Accessories,40,Wisconsin,M,Silver,Summer,3.3,Yes,Store Pickup,1,Yes,45,Paypal,Quarterly,0,1,1,4,160,612.5826234382553,Mid,1,Neutral,36-45,0.38271308523409364,0,0.11056048150007534,0,0,At-Risk Loyalists
371,59,Male,Scarf,Accessories,34,Oregon,M,Olive,Winter,3.4,Yes,Express,1,Yes,13,Paypal,Weekly,0,1,1,52,1768,4665.853358759777,Premium,1,Neutral,56+,0.4979591836734694,0,0.22228800691623907,0,0,Promo Reliant
372,27,Male,Sneakers,Footwear,83,North Carolina,S,Pink,Winter,3.2,Yes,2-Day Shipping,1,Yes,47,Paypal,Monthly,0,1,1,12,996,3855.7162068642597,High,1,Neutral,26-35,0.4617847138855543,0,0.17835522209084306,0,0,Promo Reliant
373,24,Male,Sweater,Clothing,85,Pennsylvania,L,Orange,Summer,3.7,Yes,Standard,1,Yes,7,Debit Card,Weekly,0,1,1,52,4420,9191.131614224874,Premium,1,Neutral,18-25,0.44897959183673475,0,0.3696289046027368,0,0,Promo Reliant
374,23,Male,Coat,Outerwear,27,North Dakota,L,White,Summer,4.6,Yes,Express,1,Yes,11,Venmo,Bi-Weekly,0,1,1,26,702,1744.4044681511762,High,1,Promoter,18-25,0.2777110844337735,0,0.2944080641452606,0,0,Promo Reliant
375,69,Male,Jewelry,Accessories,78,Ohio,S,Purple,Spring,5.0,Yes,Store Pickup,1,Yes,39,Bank Transfer,Monthly,0,1,1,12,936,3452.7911690506444,High,1,Promoter,56+,0.39647859143657466,0,0.3844415697410997,0,0,Promo Reliant
376,59,Male,Sunglasses,Accessories,32,Oklahoma,M,Olive,Summer,4.4,Yes,Standard,1,Yes,6,Debit Card,Quarterly,0,1,1,4,128,249.0764990790801,Low,1,Promoter,56+,0.06434573829531813,0,0.23361670038522095,0,0,Bargain Hunters
377,51,Male,Shoes,Footwear,51,South Carolina,S,Gray,Fall,4.9,Yes,Express,1,Yes,2,Venmo,Bi-Weekly,0,1,1,26,1326,1456.7598947739136,Mid,1,Promoter,46-55,0.20424169667867145,0,0.32333079658148245,0,0,Bargain Hunters
378,63,Male,Scarf,Accessories,32,Maine,M,Silver,Spring,4.1,Yes,Standard,1,Yes,39,Credit Card,Every 3 Months,0,1,1,4,128,472.17657012658384,Low,1,Promoter,56+,0.3337334933973589,0,0.20310590144249321,0,0,At-Risk Loyalists
379,54,Male,Dress,Clothing,62,Nevada,L,Orange,Winter,4.9,Yes,Next Day Air,1,Yes,23,Credit Card,Monthly,0,1,1,12,744,2364.4720497788717,High,1,Promoter,46-55,0.26586634653861546,0,0.34566433729959023,0,0,Promo Reliant
380,32,Male,T-Shirt,Clothing,29,Montana,S,Magenta,Fall,4.7,Yes,2-Day Shipping,1,Yes,46,Debit Card,Bi-Weekly,0,1,1,26,754,2903.011291689384,High,1,Promoter,26-35,0.5634253701480593,1,0.3349146700412968,0,0,Promo Reliant
381,39,Male,Backpack,Accessories,69,New Hampshire,Xl,Beige,Fall,3.0,Yes,Store Pickup,1,Yes,19,Bank Transfer,Weekly,0,1,1,52,3588,10748.68739751172,Premium,1,Neutral,36-45,0.5469387755102041,0,0.3239513345877918,0,0,Promo Reliant
382,66,Male,Jewelry,Accessories,25,Maine,L,Lavender,Winter,3.4,Yes,Store Pickup,1,Yes,3,Credit Card,Every 3 Months,0,1,1,4,100,138.62943611198907,Low,1,Neutral,56+,0.03985594237695078,0,0.11089923762528082,0,0,Bargain Hunters
383,28,Male,Jeans,Clothing,76,California,M,Peach,Winter,3.2,Yes,Store Pickup,1,Yes,47,Paypal,Quarterly,0,1,1,4,304,1176.8451073159988,Mid,1,Neutral,26-35,0.3990396158463386,0,0.11244371429573555,0,0,At-Risk Loyalists
384,50,Male,Sunglasses,Accessories,77,West Virginia,S,Magenta,Fall,3.8,Yes,Standard,1,Yes,6,Paypal,Quarterly,1,1,1,4,308,599.3403259090364,Mid,1,Neutral,46-55,0.06434573829531813,0,0.17023466522732916,0,0,Bargain Hunters
385,70,Male,Sweater,Clothing,33,California,M,Beige,Fall,4.5,Yes,2-Day Shipping,1,Yes,6,Venmo,Annually,0,1,1,1,33,64.21503491882534,Low,1,Promoter,56+,0.04081632653061225,0,0.24106833005188597,0,0,Bargain Hunters
386,67,Male,Shorts,Clothing,93,West Virginia,S,Yellow,Fall,2.7,Yes,Next Day Air,1,Yes,12,Credit Card,Bi-Weekly,0,1,1,26,2418,6202.047546341996,Premium,1,Detractor,56+,0.28587434973989595,0,0.17608485170906943,0,0,Promo Reliant
387,64,Male,Jewelry,Accessories,39,Louisiana,L,Brown,Spring,3.4,Yes,Express,1,Yes,40,Paypal,Quarterly,0,1,1,4,156,579.3172424058721,Mid,1,Neutral,56+,0.34189675870348146,0,0.12174201307074597,0,0,At-Risk Loyalists
388,45,Male,Coat,Outerwear,93,Georgia,L,Silver,Summer,4.6,Yes,Store Pickup,1,Yes,38,Paypal,Fortnightly,0,1,1,26,2418,8858.492060341485,Premium,1,Promoter,36-45,0.49811924769907967,0,0.46944457107790105,1,0,Promo Reliant
389,22,Male,Handbag,Accessories,82,Washington,M,Orange,Summer,2.7,Yes,Store Pickup,1,Yes,10,Paypal,Quarterly,0,1,1,4,328,786.5096494778655,Mid,1,Detractor,18-25,0.09699879951980793,0,0.042839818618805266,0,0,Bargain Hunters
390,27,Male,Boots,Footwear,42,Virginia,L,Purple,Spring,4.2,Yes,Standard,1,Yes,28,Bank Transfer,Monthly,0,1,1,12,504,1697.117098313183,High,1,Promoter,26-35,0.3066826730692277,0,0.24524459575508223,0,0,Promo Reliant
391,25,Male,Gloves,Accessories,71,Indiana,M,Indigo,Winter,3.2,Yes,2-Day Shipping,1,Yes,19,Paypal,Annually,0,1,1,1,71,212.69699142233335,Low,1,Neutral,18-25,0.1469387755102041,0,0.08872161132964666,0,0,Bargain Hunters
392,37,Male,Sweater,Clothing,86,Minnesota,L,Gray,Spring,4.8,Yes,Standard,1,Yes,25,Cash,Fortnightly,0,1,1,26,2236,7285.103859016034,Premium,1,Promoter,36-45,0.3919967987194878,0,0.45473259695048585,1,0,Promo Reliant
393,26,Male,T-Shirt,Clothing,82,Idaho,Xl,Black,Spring,3.3,Yes,Next Day Air,1,Yes,38,Credit Card,Annually,0,1,1,1,82,300.412054982631,Low,1,Neutral,26-35,0.3020408163265306,0,0.10287977119653155,0,0,At-Risk Loyalists
394,33,Male,Shoes,Footwear,65,Vermont,L,Maroon,Fall,4.2,Yes,Standard,1,Yes,6,Paypal,Fortnightly,0,1,1,26,1690,3288.5881519034792,High,1,Promoter,26-35,0.23689475790316128,0,0.28440148418173833,0,0,Promo Reliant
395,43,Male,Scarf,Accessories,29,North Dakota,M,Beige,Spring,4.8,Yes,Store Pickup,1,Yes,7,Debit Card,Bi-Weekly,0,1,1,26,754,1567.898922426596,High,1,Promoter,36-45,0.24505802320928372,0,0.3140652845860399,0,0,Promo Reliant
396,37,Male,Sneakers,Footwear,65,Rhode Island,L,Brown,Winter,4.9,Yes,Store Pickup,1,Yes,2,Paypal,Annually,0,1,1,1,65,71.40979876342713,Low,1,Promoter,36-45,0.008163265306122448,0,0.28924535153429604,0,0,Bargain Hunters
397,46,Male,Dress,Clothing,88,South Carolina,S,Black,Fall,3.9,Yes,Standard,1,Yes,24,Bank Transfer,Annually,0,1,1,1,88,283.26107258840165,Low,1,Neutral,46-55,0.18775510204081636,0,0.1744577848195231,0,0,Bargain Hunters
398,22,Male,Belt,Accessories,46,Mississippi,M,Indigo,Fall,3.0,Yes,Free Shipping,1,Yes,26,Cash,Annually,0,1,1,1,46,151.60849583619915,Low,1,Neutral,18-25,0.20408163265306123,0,0.06321857713972394,0,0,Bargain Hunters
399,20,Male,Boots,Footwear,67,Montana,S,Silver,Winter,4.6,Yes,Free Shipping,1,Yes,25,Debit Card,Every 3 Months,0,1,1,4,268,873.1698721897573,Mid,1,Promoter,18-25,0.21944777911164468,0,0.27297202495966416,0,0,Bargain Hunters
400,60,Male,Scarf,Accessories,35,Idaho,L,Blue,Fall,3.5,Yes,2-Day Shipping,1,Yes,10,Debit Card,Monthly,0,1,1,12,420,1007.1160145753157,Mid,1,Neutral,56+,0.15974389755902363,0,0.1442676640105536,0,0,Bargain Hunters
401,39,Male,Boots,Footwear,66,Utah,M,Green,Winter,4.8,Yes,Free Shipping,1,Yes,14,Paypal,Fortnightly,0,1,1,26,1716,4647.0141450913925,High,1,Promoter,36-45,0.3022008803521409,0,0.3898244829419923,0,0,Promo Reliant
402,43,Male,T-Shirt,Clothing,91,Oklahoma,L,Orange,Fall,4.8,Yes,Standard,1,Yes,21,Cash,Quarterly,0,1,1,4,364,1125.139453022427,Mid,1,Promoter,36-45,0.18679471788715488,0,0.30317153750581954,0,0,Bargain Hunters
403,31,Male,Backpack,Accessories,78,California,L,Cyan,Fall,3.0,Yes,Express,1,Yes,26,Paypal,Monthly,0,1,1,12,936,3084.9033065800522,High,1,Neutral,26-35,0.2903561424569828,0,0.1353899794204438,0,0,Promo Reliant
404,19,Male,Sneakers,Footwear,45,Nevada,M,Orange,Winter,4.5,Yes,Next Day Air,1,Yes,12,Bank Transfer,Annually,0,1,1,1,45,115.42272108576915,Low,1,Promoter,18-25,0.08979591836734695,0,0.24232825472931113,0,0,Bargain Hunters
405,35,Male,T-Shirt,Clothing,93,Delaware,M,Indigo,Spring,4.8,Yes,Store Pickup,1,Yes,11,Credit Card,Monthly,0,1,1,12,1116,2773.1558211634083,High,1,Promoter,26-35,0.16790716286514606,0,0.3437196787409489,0,0,Promo Reliant
406,41,Male,Jeans,Clothing,74,South Carolina,S,Silver,Summer,3.8,Yes,Standard,1,Yes,15,Cash,Annually,0,1,1,1,74,205.1715654457438,Low,1,Neutral,36-45,0.11428571428571428,0,0.16053645416661586,0,0,Bargain Hunters
407,52,Male,Gloves,Accessories,55,Maryland,M,Peach,Spring,4.6,Yes,Express,1,Yes,13,Cash,Monthly,0,1,1,12,660,1741.7778375460705,High,1,Promoter,46-55,0.184233693477391,0,0.29434343797357493,0,0,Promo Reliant
408,45,Male,Hoodie,Clothing,76,North Carolina,Xl,Teal,Spring,3.1,Yes,Next Day Air,1,Yes,5,Credit Card,Bi-Weekly,0,1,1,26,1976,3540.5167111946366,High,1,Neutral,36-45,0.22873149259703882,0,0.1585999874252611,0,0,Promo Reliant
409,34,Male,Sneakers,Footwear,66,Alabama,L,White,Spring,3.4,Yes,Express,1,Yes,36,Cash,Fortnightly,0,1,1,26,1716,6196.335138097489,Premium,1,Neutral,26-35,0.4817927170868348,0,0.2599443024155255,0,0,Promo Reliant
410,35,Male,Shorts,Clothing,51,Minnesota,M,Brown,Winter,3.3,Yes,2-Day Shipping,1,Yes,32,Bank Transfer,Monthly,0,1,1,12,612,2139.862627617486,High,1,Neutral,26-35,0.33933573429371755,0,0.14813799985015438,0,0,Promo Reliant
411,29,Male,Sweater,Clothing,26,Virginia,L,Lavender,Spring,4.8,Yes,2-Day Shipping,1,Yes,1,Credit Card,Quarterly,0,1,1,4,104,72.0873067782343,Low,1,Promoter,26-35,0.023529411764705882,0,0.2772620210839457,0,0,Bargain Hunters
412,59,Male,Jeans,Clothing,29,Michigan,M,Indigo,Summer,2.8,Yes,Express,1,Yes,15,Paypal,Annually,0,1,1,1,29,80.40507294495366,Low,1,Detractor,56+,0.11428571428571428,0,0.037466673151612624,0,0,Bargain Hunters
413,24,Male,Jacket,Outerwear,74,Maine,M,Yellow,Summer,3.1,Yes,Store Pickup,1,Yes,3,Bank Transfer,Weekly,0,1,1,52,3848,5334.460701589339,Premium,1,Neutral,18-25,0.4163265306122449,0,0.20273856256119274,0,0,Promo Reliant
414,70,Male,Jewelry,Accessories,99,Nevada,S,White,Summer,4.6,Yes,Free Shipping,1,Yes,48,Cash,Monthly,0,1,1,12,1188,4623.482514155424,High,1,Promoter,56+,0.4699479791916767,0,0.36524550574666204,0,0,Promo Reliant
415,29,Male,Backpack,Accessories,88,Wyoming,L,Violet,Winter,2.6,Yes,Store Pickup,1,Yes,30,Debit Card,Weekly,0,1,1,52,4576,15713.92544772403,Premium,1,Detractor,26-35,0.6367346938775511,1,0.39811709557058794,0,0,Promo Reliant
416,67,Male,Coat,Outerwear,31,Connecticut,M,Lavender,Winter,2.6,Yes,Express,1,Yes,40,Bank Transfer,Monthly,0,1,1,12,372,1381.4488088140026,Mid,1,Detractor,56+,0.40464185674269715,0,0.04547782678754883,0,0,At-Risk Loyalists
417,36,Male,Belt,Accessories,55,Oregon,L,Olive,Spring,3.8,Yes,Free Shipping,1,Yes,24,Bank Transfer,Fortnightly,0,1,1,26,1430,4602.9924295615265,High,1,Neutral,36-45,0.38383353341336535,0,0.26874136339705035,0,0,Promo Reliant
418,23,Male,Sandals,Footwear,81,Mississippi,L,Beige,Fall,4.5,Yes,Free Shipping,1,Yes,48,Debit Card,Quarterly,0,1,1,4,324,1260.949776587843,Mid,1,Promoter,18-25,0.40720288115246095,0,0.2705130432624226,0,0,At-Risk Loyalists
419,18,Male,Sweater,Clothing,73,Illinois,L,Purple,Spring,3.0,Yes,Standard,1,Yes,27,Venmo,Bi-Weekly,0,1,1,26,1898,6324.524160312537,Premium,1,Neutral,18-25,0.4083233293317327,0,0.21509829207124248,0,0,Promo Reliant
420,53,Male,Shorts,Clothing,91,Utah,S,Teal,Winter,3.8,Yes,Free Shipping,1,Yes,14,Credit Card,Every 3 Months,1,1,1,4,364,985.7302732012045,Mid,1,Neutral,46-55,0.12965186074429774,0,0.17974148473319995,0,0,Bargain Hunters
421,32,Male,Socks,Clothing,54,North Carolina,S,Peach,Spring,3.8,Yes,Free Shipping,1,Yes,18,Debit Card,Bi-Weekly,0,1,1,26,1404,4133.992326749682,High,1,Neutral,26-35,0.3348539415766306,0,0.25720198625508867,0,0,Promo Reliant
422,38,Male,Shirt,Clothing,40,Kentucky,M,Violet,Winter,3.5,Yes,Standard,1,Yes,48,Cash,Bi-Weekly,0,1,1,26,1040,4047.4931100350514,High,1,Neutral,36-45,0.5797519007603041,1,0.21907374133963958,0,0,Promo Reliant
423,47,Male,Pants,Clothing,59,Minnesota,M,Purple,Fall,3.1,Yes,Store Pickup,1,Yes,32,Debit Card,Annually,0,1,1,1,59,206.29394612652234,Low,1,Neutral,46-55,0.25306122448979596,0,0.07656406945687852,0,0,At-Risk Loyalists
424,46,Male,Scarf,Accessories,26,New York,L,Teal,Spring,3.0,Yes,Store Pickup,1,Yes,21,Credit Card,Bi-Weekly,0,1,1,26,676,2089.5446984702216,High,1,Neutral,46-55,0.35934373749499804,0,0.11089996694152253,0,0,Promo Reliant
425,66,Male,Sweater,Clothing,23,Illinois,M,Gold,Winter,4.3,Yes,Standard,1,Yes,42,Paypal,Fortnightly,0,1,1,26,598,2249.1976691847503,High,1,Promoter,56+,0.5307723089235694,0,0.2708281022017585,0,0,Promo Reliant
426,40,Male,Jeans,Clothing,87,North Dakota,S,Teal,Winter,3.3,Yes,Store Pickup,1,Yes,4,Credit Card,Quarterly,0,1,1,4,348,560.0843935270669,Mid,1,Neutral,36-45,0.04801920768307323,0,0.1092688040130159,0,0,Bargain Hunters
427,43,Male,Pants,Clothing,71,Louisiana,M,Violet,Winter,4.7,Yes,Express,1,Yes,19,Credit Card,Quarterly,0,1,1,4,284,850.7879656893334,Mid,1,Promoter,36-45,0.17046818727490998,0,0.2844213358260882,0,0,Bargain Hunters
428,58,Male,Backpack,Accessories,91,Illinois,L,Black,Winter,4.5,Yes,Store Pickup,1,Yes,6,Credit Card,Quarterly,0,1,1,4,364,708.311294256134,Mid,1,Promoter,56+,0.06434573829531813,0,0.256915809844874,0,0,Bargain Hunters
429,21,Male,Coat,Outerwear,64,Wyoming,Xl,Gold,Winter,2.9,Yes,Free Shipping,1,Yes,2,Debit Card,Fortnightly,0,1,1,26,1664,1828.0908483437347,High,1,Detractor,18-25,0.20424169667867145,0,0.09246710143949118,0,0,Promo Reliant
430,42,Male,Sandals,Footwear,94,Washington,M,Gold,Winter,4.1,Yes,2-Day Shipping,1,Yes,21,Cash,Fortnightly,0,1,1,26,2444,7554.507756007724,Premium,1,Promoter,36-45,0.35934373749499804,0,0.3773610670771726,0,0,Promo Reliant
431,24,Male,Shirt,Clothing,40,Texas,M,Brown,Summer,3.5,Yes,Store Pickup,1,Yes,40,Debit Card,Annually,0,1,1,1,40,148.54288266817233,Low,1,Neutral,18-25,0.31836734693877555,0,0.12314315014875925,0,0,At-Risk Loyalists
432,43,Male,Hat,Accessories,76,New Hampshire,L,Cyan,Winter,3.4,Yes,Store Pickup,1,Yes,33,Cash,Fortnightly,0,1,1,26,1976,6968.088396641535,Premium,1,Neutral,36-45,0.4573029211684674,0,0.27893268185827036,0,0,Promo Reliant
433,47,Male,Shirt,Clothing,86,Indiana,S,Indigo,Fall,3.3,Yes,Free Shipping,1,Yes,26,Venmo,Weekly,0,1,1,52,4472,14738.98246477136,Premium,1,Neutral,46-55,0.6040816326530613,1,0.45812939342564096,1,1,Promo Reliant
434,49,Male,Skirt,Clothing,92,Alabama,M,Orange,Fall,3.2,Yes,Store Pickup,1,Yes,23,Credit Card,Fortnightly,0,1,1,26,2392,7601.904762192286,Premium,1,Neutral,46-55,0.3756702681072429,0,0.27052723298307435,0,0,Promo Reliant
435,50,Male,Shoes,Footwear,52,Oklahoma,L,Pink,Spring,4.0,Yes,Store Pickup,1,Yes,39,Paypal,Every 3 Months,0,1,1,4,208,767.2869264556988,Mid,1,Promoter,46-55,0.3337334933973589,0,0.198366858699781,0,0,At-Risk Loyalists
436,51,Male,Coat,Outerwear,28,Montana,Xl,Olive,Winter,3.6,Yes,Next Day Air,1,Yes,42,Bank Transfer,Monthly,0,1,1,12,336,1263.763238873037,Mid,1,Neutral,46-55,0.420968387354942,0,0.1625822662800486,0,0,At-Risk Loyalists
437,40,Male,Pants,Clothing,46,Tennessee,L,Cyan,Summer,4.6,Yes,Free Shipping,1,Yes,41,Bank Transfer,Weekly,0,1,1,52,2392,8940.505726933818,Premium,1,Promoter,36-45,0.726530612244898,1,0.47146245257500535,1,1,Promo Reliant
438,45,Male,Jewelry,Accessories,50,New Mexico,M,Peach,Summer,2.6,Yes,Next Day Air,1,Yes,41,Paypal,Annually,0,1,1,1,50,186.88348091416842,Low,1,Detractor,36-45,0.326530612244898,0,0.016086490289532067,0,0,At-Risk Loyalists
439,52,Male,Belt,Accessories,23,Iowa,M,Turquoise,Winter,4.3,Yes,Express,1,Yes,12,Credit Card,Fortnightly,0,1,1,26,598,1533.839715761999,Mid,1,Promoter,46-55,0.28587434973989595,0,0.25322728470394507,0,0,Bargain Hunters
440,62,Male,Jacket,Outerwear,50,Idaho,M,Turquoise,Summer,3.4,Yes,Free Shipping,1,Yes,31,Cash,Monthly,0,1,1,12,600,2079.441541679836,High,1,Neutral,56+,0.33117246898759506,0,0.15865138674755314,0,0,Promo Reliant
441,20,Male,Shirt,Clothing,89,Oklahoma,Xl,Maroon,Winter,3.5,Yes,Store Pickup,1,Yes,34,Debit Card,Fortnightly,0,1,1,26,2314,8227.075414286503,Premium,1,Neutral,18-25,0.4654661864745898,0,0.3219090631561382,0,0,Promo Reliant
442,43,Male,Hoodie,Clothing,81,Florida,M,Maroon,Winter,4.2,Yes,Standard,1,Yes,32,Credit Card,Annually,0,1,1,1,81,283.2171124787849,Low,1,Promoter,36-45,0.25306122448979596,0,0.21045670321574303,0,0,At-Risk Loyalists
443,29,Male,Sunglasses,Accessories,69,Michigan,M,Olive,Fall,3.8,Yes,Store Pickup,1,Yes,31,Credit Card,Quarterly,1,1,1,4,276,956.5431091727245,Mid,1,Neutral,26-35,0.2684273709483794,0,0.17902335761252414,0,0,At-Risk Loyalists
444,22,Male,Sunglasses,Accessories,67,Hawaii,M,Magenta,Summer,3.6,Yes,Free Shipping,1,Yes,24,Paypal,Annually,0,1,1,1,67,215.66468026616943,Low,1,Neutral,18-25,0.18775510204081636,0,0.1367946289699493,0,0,Bargain Hunters
445,48,Male,Dress,Clothing,20,California,M,Red,Summer,4.3,Yes,Store Pickup,1,Yes,31,Debit Card,Annually,0,1,1,1,20,69.31471805599453,Low,1,Promoter,46-55,0.2448979591836735,0,0.2171938037280568,0,0,At-Risk Loyalists
446,42,Male,Boots,Footwear,29,Iowa,M,Olive,Fall,4.9,Yes,Standard,1,Yes,18,Venmo,Annually,0,1,1,1,29,85.38873039582677,Low,1,Promoter,36-45,0.13877551020408163,0,0.2895892921074022,0,0,Bargain Hunters
447,19,Male,Shirt,Clothing,74,West Virginia,M,Silver,Summer,4.1,Yes,Store Pickup,1,Yes,15,Venmo,Monthly,0,1,1,12,888,2462.0587853489255,High,1,Promoter,18-25,0.20056022408963586,0,0.25206538186022964,0,0,Promo Reliant
448,60,Male,Shorts,Clothing,82,Washington,S,Turquoise,Spring,3.6,Yes,Standard,1,Yes,7,Bank Transfer,Every 3 Months,0,1,1,4,328,682.0568256709861,Mid,1,Neutral,56+,0.07250900360144058,0,0.14826983937951707,0,0,Bargain Hunters
449,32,Male,Gloves,Accessories,23,Missouri,M,Yellow,Summer,3.4,Yes,Next Day Air,1,Yes,35,Bank Transfer,Fortnightly,0,1,1,26,598,2142.9443251967537,High,1,Neutral,26-35,0.47362945178071225,0,0.16021382258535516,0,0,Promo Reliant
450,26,Male,Jewelry,Accessories,45,New York,L,Peach,Summer,2.9,Yes,2-Day Shipping,1,Yes,35,Bank Transfer,Monthly,0,1,1,12,540,1935.1002267662993,High,1,Detractor,26-35,0.36382553021208486,0,0.09509998268608712,0,0,Promo Reliant
451,25,Male,Boots,Footwear,21,Connecticut,L,Beige,Summer,2.7,Yes,Store Pickup,1,Yes,19,Credit Card,Monthly,0,1,1,12,252,754.9245329356057,Mid,1,Detractor,18-25,0.23321328531412566,0,0.04206269177028479,0,0,Bargain Hunters
452,66,Male,Jewelry,Accessories,31,Virginia,M,Pink,Summer,4.3,Yes,Express,1,Yes,26,Credit Card,Fortnightly,0,1,1,26,806,2656.444513999489,High,1,Promoter,56+,0.4001600640256102,0,0.2808480891996645,0,0,Promo Reliant
453,45,Male,Pants,Clothing,45,Missouri,M,Violet,Summer,3.8,Yes,Express,1,Yes,39,Paypal,Fortnightly,1,1,1,26,1170,4315.9889613133055,High,1,Neutral,36-45,0.5062825130052021,0,0.2616798697186664,0,0,Promo Reliant
454,54,Male,Jewelry,Accessories,56,Nebraska,Xl,Peach,Winter,2.8,Yes,Next Day Air,1,Yes,22,Credit Card,Weekly,0,1,1,52,2912,9130.559156785685,Premium,1,Detractor,46-55,0.5714285714285714,1,0.26013856712388406,0,0,Promo Reliant
455,37,Male,Jacket,Outerwear,97,New Jersey,S,Gold,Summer,3.2,Yes,Next Day Air,1,Yes,14,Cash,Bi-Weekly,0,1,1,26,2522,6829.702607179774,Premium,1,Neutral,36-45,0.3022008803521409,0,0.2515278087972339,0,0,Promo Reliant
456,54,Male,Blouse,Clothing,100,Utah,Xl,Gold,Fall,3.6,Yes,Store Pickup,1,Yes,50,Debit Card,Fortnightly,0,1,1,26,2600,10222.746645083247,Premium,1,Neutral,46-55,0.596078431372549,1,0.3830109777302709,0,0,Promo Reliant
457,50,Male,Blouse,Clothing,96,North Carolina,S,Indigo,Fall,4.0,Yes,2-Day Shipping,1,Yes,33,Credit Card,Quarterly,0,1,1,4,384,1354.122441452606,Mid,1,Promoter,46-55,0.2847539015606242,0,0.21280548309932268,0,0,At-Risk Loyalists
458,25,Male,Gloves,Accessories,99,Rhode Island,M,Blue,Spring,4.9,Yes,Next Day Air,1,Yes,48,Debit Card,Every 3 Months,0,1,1,4,396,1541.160838051808,Mid,1,Promoter,18-25,0.40720288115246095,0,0.32540741513610927,0,0,At-Risk Loyalists
459,47,Male,Shorts,Clothing,91,Arkansas,L,Black,Winter,4.0,Yes,2-Day Shipping,1,Yes,48,Paypal,Monthly,0,1,1,12,1092,4249.867765536804,High,1,Promoter,46-55,0.4699479791916767,0,0.2840530099150799,0,0,Promo Reliant
460,63,Male,Hat,Accessories,30,Maryland,L,Black,Winter,3.8,Yes,Standard,1,Yes,27,Paypal,Fortnightly,0,1,1,26,780,2599.119517936659,High,1,Neutral,56+,0.4083233293317327,0,0.2194376529433299,0,0,Promo Reliant
461,64,Male,Shoes,Footwear,65,South Carolina,L,Teal,Summer,3.8,Yes,Store Pickup,1,Yes,27,Bank Transfer,Weekly,1,1,1,52,3380,11262.851244392188,Premium,1,Neutral,56+,0.6122448979591837,1,0.432601929984987,1,1,Promo Reliant
462,18,Male,Boots,Footwear,93,Ohio,M,Yellow,Winter,3.9,Yes,Express,1,Yes,20,Venmo,Weekly,0,1,1,52,4836,14723.310508830473,Premium,1,Neutral,18-25,0.5551020408163265,1,0.529743797326472,1,1,Promo Reliant
463,59,Male,Jacket,Outerwear,81,Illinois,M,White,Fall,3.3,Yes,Express,1,Yes,48,Venmo,Every 3 Months,0,1,1,4,324,1260.949776587843,Mid,1,Neutral,56+,0.40720288115246095,0,0.1265130432624226,0,0,At-Risk Loyalists
464,37,Male,Jewelry,Accessories,81,Georgia,S,Orange,Summer,2.7,Yes,Standard,1,Yes,29,Venmo,Weekly,0,1,1,52,4212,14325.843371560999,Premium,1,Detractor,36-45,0.6285714285714286,1,0.37596443230929977,0,0,Promo Reliant
465,23,Male,Sunglasses,Accessories,52,Alabama,M,Silver,Winter,4.7,Yes,Next Day Air,1,Yes,45,Paypal,Monthly,0,1,1,12,624,2389.0722314091954,High,1,Promoter,18-25,0.4454581832733094,0,0.3222696053408788,0,0,Promo Reliant
466,54,Male,Skirt,Clothing,88,Oklahoma,M,Pink,Summer,2.8,Yes,Next Day Air,1,Yes,25,Cash,Quarterly,0,1,1,4,352,1146.8499813835617,Mid,1,Detractor,46-55,0.21944777911164468,0,0.06370570791049193,0,0,Bargain Hunters
467,38,Male,Jeans,Clothing,24,Vermont,L,Turquoise,Winter,4.6,Yes,Free Shipping,1,Yes,25,Paypal,Weekly,0,1,1,52,1248,4066.10447945081,High,1,Promoter,36-45,0.5959183673469388,1,0.35153165938598796,0,0,Promo Reliant
468,19,Male,Backpack,Accessories,51,Nebraska,S,Orange,Spring,4.5,Yes,2-Day Shipping,1,Yes,37,Debit Card,Every 3 Months,0,1,1,4,204,742.0675765841827,Mid,1,Promoter,18-25,0.31740696278511404,0,0.25774635651289923,0,0,At-Risk Loyalists
469,34,Male,Backpack,Accessories,38,Georgia,S,Peach,Fall,5.0,Yes,Free Shipping,1,Yes,16,Cash,Quarterly,0,1,1,4,152,430.64842829654486,Low,1,Promoter,26-35,0.14597839135654261,0,0.3100841343091629,0,0,Bargain Hunters
470,21,Male,Shorts,Clothing,46,Alabama,L,Pink,Fall,4.1,Yes,2-Day Shipping,1,Yes,30,Debit Card,Bi-Weekly,0,1,1,26,1196,4107.048696564235,High,1,Promoter,18-25,0.4328131252501001,0,0.2925390595128142,0,0,Promo Reliant
471,50,Male,Dress,Clothing,63,Minnesota,L,Teal,Summer,4.6,Yes,Express,1,Yes,6,Cash,Every 3 Months,0,1,1,4,252,490.36935756193895,Low,1,Promoter,46-55,0.06434573829531813,0,0.2635535206097843,0,0,Bargain Hunters
472,55,Male,Scarf,Accessories,72,Missouri,Xl,White,Winter,4.9,Yes,2-Day Shipping,1,Yes,36,Bank Transfer,Quarterly,0,1,1,4,288,1039.9443588415365,Mid,1,Promoter,46-55,0.3092436974789916,0,0.31307537949539666,0,0,At-Risk Loyalists
473,20,Male,Jeans,Clothing,39,Georgia,L,Gray,Winter,3.9,Yes,Free Shipping,1,Yes,3,Bank Transfer,Quarterly,0,1,1,4,156,216.26192033470292,Low,1,Neutral,18-25,0.03985594237695078,0,0.1728093235901717,0,0,Bargain Hunters
474,34,Male,Coat,Outerwear,42,West Virginia,L,Olive,Spring,3.9,Yes,Store Pickup,1,Yes,29,Paypal,Every 3 Months,0,1,1,4,168,571.4011601192421,Mid,1,Neutral,26-35,0.25210084033613445,0,0.1815472441177232,0,0,Bargain Hunters
475,62,Male,Sweater,Clothing,76,Arkansas,Xl,Maroon,Summer,2.6,Yes,2-Day Shipping,1,Yes,15,Cash,Quarterly,0,1,1,4,304,842.8669715608935,Mid,1,Detractor,56+,0.13781512605042018,0,0.032226446021076785,0,0,Bargain Hunters
476,21,Male,Sneakers,Footwear,66,Ohio,L,Magenta,Summer,2.7,Yes,Free Shipping,1,Yes,18,Debit Card,Annually,0,1,1,1,66,194.33297262498505,Low,1,Detractor,18-25,0.13877551020408163,0,0.028269779149921768,0,0,Bargain Hunters
477,21,Male,Scarf,Accessories,90,Connecticut,M,Magenta,Spring,3.5,Yes,Free Shipping,1,Yes,2,Debit Card,Fortnightly,0,1,1,26,2340,2570.752755483377,High,1,Neutral,18-25,0.20424169667867145,0,0.18273971115550863,0,0,Promo Reliant
478,42,Male,Sweater,Clothing,56,North Dakota,M,Green,Summer,3.7,Yes,Free Shipping,1,Yes,49,Debit Card,Weekly,0,1,1,52,2912,11391.81099180676,Premium,1,Neutral,36-45,0.7918367346938776,1,0.42377488272556646,0,0,Promo Reliant
479,35,Male,Jewelry,Accessories,43,Kansas,Xl,Turquoise,Winter,3.2,Yes,Free Shipping,1,Yes,48,Venmo,Annually,0,1,1,1,43,167.34827281875693,Low,1,Neutral,26-35,0.3836734693877551,0,0.08760584192206233,0,0,At-Risk Loyalists
480,39,Male,Handbag,Accessories,84,Iowa,L,Yellow,Winter,3.3,Yes,Store Pickup,1,Yes,43,Venmo,Monthly,0,1,1,12,1008,3814.463150989607,High,1,Neutral,36-45,0.42913165266106446,0,0.18934022323019883,0,0,Promo Reliant
481,68,Male,Hoodie,Clothing,88,Vermont,M,Gray,Summer,4.8,Yes,Standard,1,Yes,30,Debit Card,Bi-Weekly,0,1,1,26,2288,7856.962723862015,Premium,1,Promoter,56+,0.4328131252501001,0,0.4688027327007104,1,0,Promo Reliant
482,46,Male,Hat,Accessories,88,Wisconsin,L,Peach,Fall,3.2,Yes,2-Day Shipping,1,Yes,10,Paypal,Fortnightly,0,1,1,26,2288,5486.384384162672,Premium,1,Neutral,46-55,0.2695478191276511,0,0.2184765247908358,0,0,Promo Reliant
483,41,Male,Belt,Accessories,42,Connecticut,M,Yellow,Winter,2.5,Yes,2-Day Shipping,1,Yes,11,Venmo,Annually,0,1,1,1,42,104.36607929109601,Low,1,Detractor,36-45,0.0816326530612245,0,0.002056214789815661,0,0,Bargain Hunters
484,23,Male,Hoodie,Clothing,73,Oklahoma,M,White,Fall,3.9,Yes,Store Pickup,1,Yes,12,Debit Card,Weekly,0,1,1,52,3796,9736.547760923993,Premium,1,Neutral,18-25,0.489795918367347,0,0.4070484381558064,0,0,Promo Reliant
485,68,Male,Hat,Accessories,73,Missouri,L,Lavender,Summer,4.7,Yes,Free Shipping,1,Yes,28,Bank Transfer,Quarterly,0,1,1,4,292,983.2503823560504,Mid,1,Promoter,56+,0.24393757503001198,0,0.2876804689774218,0,0,Bargain Hunters
486,48,Male,Shoes,Footwear,44,Tennessee,S,Blue,Spring,2.6,Yes,Next Day Air,1,Yes,36,Debit Card,Fortnightly,0,1,1,26,1144,4130.890092064993,High,1,Detractor,46-55,0.4817927170868348,0,0.11312565822062796,0,0,Promo Reliant
487,38,Male,Sandals,Footwear,63,New Mexico,M,Charcoal,Fall,2.8,Yes,Store Pickup,1,Yes,37,Venmo,Every 3 Months,0,1,1,4,252,916.6717122510491,Mid,1,Detractor,36-45,0.31740696278511404,0,0.058042353379267816,0,0,At-Risk Loyalists
488,41,Male,Jacket,Outerwear,68,Iowa,L,Red,Winter,4.4,Yes,Store Pickup,1,Yes,22,Credit Card,Quarterly,0,1,1,4,272,852.8544267327287,Mid,1,Promoter,36-45,0.1949579831932773,0,0.24847217946809586,0,0,Bargain Hunters
489,58,Male,Sweater,Clothing,29,Maine,L,Olive,Spring,4.6,Yes,Standard,1,Yes,32,Venmo,Weekly,0,1,1,52,1508,5272.733402691452,Premium,1,Promoter,56+,0.653061224489796,1,0.38121981112027226,0,0,Promo Reliant
490,49,Male,Socks,Clothing,85,South Dakota,M,Green,Summer,3.2,Yes,Standard,1,Yes,40,Paypal,Annually,0,1,1,1,85,315.6536256698662,Low,1,Neutral,46-55,0.31836734693877555,0,0.09125477800642653,0,0,At-Risk Loyalists
491,57,Male,Sneakers,Footwear,42,Colorado,M,Silver,Winter,4.2,Yes,2-Day Shipping,1,Yes,47,Cash,Monthly,0,1,1,12,504,1951.085309497577,High,1,Promoter,56+,0.4617847138855543,0,0.25149328302264523,0,0,Promo Reliant
492,49,Male,Coat,Outerwear,69,Vermont,M,Silver,Summer,3.8,Yes,2-Day Shipping,1,Yes,24,Credit Card,Bi-Weekly,1,1,1,26,1794,5774.663229813552,Premium,1,Neutral,46-55,0.38383353341336535,0,0.29756939812299665,0,0,Promo Reliant
493,50,Male,Shirt,Clothing,62,Michigan,M,Black,Fall,3.9,Yes,Standard,1,Yes,11,Debit Card,Weekly,0,1,1,52,3224,8011.339038916513,Premium,1,Neutral,46-55,0.4816326530612245,0,0.36460104001561267,0,0,Promo Reliant
494,28,Male,Backpack,Accessories,48,Nevada,Xl,Red,Summer,4.7,Yes,Store Pickup,1,Yes,19,Cash,Bi-Weekly,0,1,1,26,1248,3738.6738773953807,High,1,Promoter,26-35,0.3430172068827531,0,0.3554754880071664,0,0,Promo Reliant
495,38,Male,Boots,Footwear,68,Indiana,M,Indigo,Winter,4.5,Yes,Express,1,Yes,42,Debit Card,Weekly,0,1,1,52,3536,13299.603609092437,Premium,1,Promoter,36-45,0.7346938775510204,1,0.5667146134154373,1,1,Promo Reliant
496,33,Male,Handbag,Accessories,36,Michigan,Xl,Cyan,Fall,3.3,Yes,Free Shipping,1,Yes,6,Debit Card,Fortnightly,0,1,1,26,936,1821.3718995157733,High,1,Neutral,26-35,0.23689475790316128,0,0.14030178700979584,0,0,Promo Reliant
497,30,Male,Dress,Clothing,63,California,S,Maroon,Fall,3.3,Yes,Express,1,Yes,31,Venmo,Fortnightly,0,1,1,26,1638,5676.8754087859525,Premium,1,Neutral,26-35,0.4409763905562225,0,0.23516340601347935,0,0,Promo Reliant
498,43,Male,Sneakers,Footwear,39,Oklahoma,S,Silver,Winter,4.6,Yes,Free Shipping,1,Yes,31,Cash,Weekly,0,1,1,52,2028,7028.5124108778455,Premium,1,Promoter,36-45,0.6448979591836735,1,0.4244193670093475,0,0,Promo Reliant
499,43,Male,Boots,Footwear,78,Iowa,M,Lavender,Spring,3.6,Yes,Free Shipping,1,Yes,27,Bank Transfer,Monthly,0,1,1,12,936,3118.9434215239908,High,1,Neutral,36-45,0.29851940776310526,0,0.20822750956582936,0,0,Promo Reliant
500,36,Male,Shoes,Footwear,99,Rhode Island,L,Silver,Winter,4.8,Yes,Express,1,Yes,24,Paypal,Monthly,0,1,1,12,1188,3824.024479943422,High,1,Promoter,36-45,0.27402961184473795,0,0.369575472178152,0,0,Promo Reliant
501,36,Male,T-Shirt,Clothing,31,Washington,L,Purple,Fall,4.8,Yes,Next Day Air,1,Yes,35,Venmo,Every 3 Months,0,1,1,4,124,444.35634836855763,Low,1,Promoter,36-45,0.3010804321728692,0,0.28642140685685413,0,0,At-Risk Loyalists
502,64,Male,Boots,Footwear,45,Florida,M,Cyan,Spring,2.9,Yes,Next Day Air,1,Yes,21,Venmo,Annually,0,1,1,1,45,139.09691040112423,Low,1,Detractor,56+,0.163265306122449,0,0.050910739460982256,0,0,Bargain Hunters
503,59,Male,Pants,Clothing,30,South Carolina,S,Cyan,Fall,2.8,Yes,Express,1,Yes,8,Paypal,Fortnightly,0,1,1,26,780,1713.8351703222513,High,1,Detractor,56+,0.25322128851540615,0,0.07765593071395001,0,0,Promo Reliant
504,55,Male,Shoes,Footwear,24,West Virginia,M,Lavender,Summer,3.2,Yes,Next Day Air,1,Yes,26,Bank Transfer,Quarterly,0,1,1,4,96,316.4003391364156,Low,1,Neutral,46-55,0.2276110444177671,0,0.09127315030156215,0,0,Bargain Hunters
505,42,Male,Shoes,Footwear,22,Missouri,M,Maroon,Winter,3.9,Yes,Free Shipping,1,Yes,26,Paypal,Annually,0,1,1,1,22,72.50841105209524,Low,1,Neutral,36-45,0.20408163265306123,0,0.1692723820220416,0,0,Bargain Hunters
506,61,Male,T-Shirt,Clothing,63,Maine,L,Gray,Spring,4.3,Yes,Express,1,Yes,9,Cash,Bi-Weekly,0,1,1,26,1638,3771.6343823242473,High,1,Promoter,56+,0.2613845538215286,0,0.30828645520074127,0,0,Promo Reliant
507,28,Male,Scarf,Accessories,40,Georgia,M,Olive,Fall,2.7,Yes,2-Day Shipping,1,Yes,48,Debit Card,Annually,0,1,1,1,40,155.67281192442505,Low,1,Detractor,26-35,0.3836734693877551,0,0.027318576427325388,0,0,At-Risk Loyalists
508,65,Male,Shorts,Clothing,20,Maine,M,Magenta,Spring,5.0,Yes,Store Pickup,1,Yes,33,Debit Card,Fortnightly,0,1,1,26,520,1833.707472800404,High,1,Promoter,56+,0.4573029211684674,0,0.34460529404857954,0,0,Promo Reliant
509,27,Male,Jewelry,Accessories,20,Illinois,S,Yellow,Winter,3.7,Yes,Store Pickup,1,Yes,31,Paypal,Quarterly,0,1,1,4,80,277.25887222397813,Low,1,Neutral,26-35,0.2684273709483794,0,0.15031010541972886,0,0,At-Risk Loyalists
510,41,Male,T-Shirt,Clothing,80,Delaware,L,Cyan,Summer,3.9,Yes,Free Shipping,1,Yes,17,Debit Card,Weekly,0,1,1,52,4160,12023.946512848044,Premium,1,Neutral,36-45,0.5306122448979592,0,0.4633280779986435,1,0,Promo Reliant
511,21,Male,Shirt,Clothing,87,West Virginia,M,Teal,Fall,3.9,Yes,2-Day Shipping,1,Yes,22,Venmo,Annually,0,1,1,1,87,272.787996785836,Low,1,Neutral,18-25,0.17142857142857143,0,0.17420010306039851,0,0,Bargain Hunters
512,61,Male,Shirt,Clothing,46,Hawaii,L,Yellow,Fall,3.1,Yes,Free Shipping,1,Yes,8,Paypal,Annually,0,1,1,1,46,101.0723305574661,Low,1,Neutral,56+,0.05714285714285714,0,0.0739751747034269,0,0,Bargain Hunters
513,19,Male,Gloves,Accessories,49,New York,L,Peach,Winter,3.8,Yes,Next Day Air,1,Yes,2,Bank Transfer,Monthly,1,1,1,12,588,645.9840257368486,Mid,1,Neutral,18-25,0.09443777511004403,0,0.1713822966252385,0,0,Bargain Hunters
514,22,Male,Scarf,Accessories,65,New Mexico,M,Peach,Fall,3.6,Yes,Store Pickup,1,Yes,45,Venmo,Annually,0,1,1,1,65,248.8616907717912,Low,1,Neutral,18-25,0.3591836734693878,0,0.13761141519646258,0,0,At-Risk Loyalists
515,64,Male,Skirt,Clothing,62,Indiana,S,Olive,Winter,4.3,Yes,Standard,1,Yes,47,Paypal,Quarterly,0,1,1,4,248,960.057850705157,Mid,1,Promoter,56+,0.3990396158463386,0,0.2391098350522008,0,0,At-Risk Loyalists
516,28,Male,Hat,Accessories,67,Kentucky,L,Charcoal,Spring,4.5,Yes,Next Day Air,1,Yes,7,Cash,Monthly,0,1,1,12,804,1671.870999510588,High,1,Promoter,26-35,0.13525410164065627,0,0.28062343543187596,0,0,Promo Reliant
517,34,Male,Hoodie,Clothing,41,West Virginia,L,Indigo,Fall,2.8,Yes,2-Day Shipping,1,Yes,19,Debit Card,Bi-Weekly,0,1,1,26,1066,3193.450603608554,High,1,Detractor,26-35,0.3430172068827531,0,0.11406069993978435,0,0,Promo Reliant
518,61,Male,Boots,Footwear,49,North Dakota,L,Silver,Fall,2.7,Yes,Free Shipping,1,Yes,44,Cash,Every 3 Months,0,1,1,4,196,746.1058479949827,Mid,1,Detractor,56+,0.3745498199279712,0,0.04184571499178115,0,0,At-Risk Loyalists
519,24,Male,Blouse,Clothing,100,Oregon,M,Beige,Fall,2.9,Yes,Next Day Air,1,Yes,16,Venmo,Every 3 Months,0,1,1,4,400,1133.2853376224864,Mid,1,Detractor,18-25,0.14597839135654261,0,0.07537196056328038,0,0,Bargain Hunters
520,19,Male,Belt,Accessories,54,Minnesota,L,Blue,Summer,4.4,Yes,2-Day Shipping,1,Yes,17,Bank Transfer,Quarterly,0,1,1,4,216,624.3202997055715,Mid,1,Promoter,18-25,0.15414165666266505,0,0.2428492777549307,0,0,Bargain Hunters
521,51,Male,Sunglasses,Accessories,84,South Carolina,M,White,Spring,3.9,Yes,Free Shipping,1,Yes,20,Debit Card,Quarterly,0,1,1,4,336,1022.9595390750701,Mid,1,Neutral,46-55,0.1786314525810324,0,0.19265748141861913,0,0,Bargain Hunters
522,36,Male,Shorts,Clothing,41,Vermont,L,Gold,Winter,3.5,Yes,Standard,1,Yes,50,Bank Transfer,Annually,0,1,1,1,41,161.20485094169734,Low,1,Neutral,36-45,0.4,0,0.12345468787847777,0,0,At-Risk Loyalists
523,65,Male,Gloves,Accessories,88,Minnesota,M,Blue,Spring,2.5,Yes,Store Pickup,1,Yes,37,Cash,Quarterly,0,1,1,4,352,1280.4303282236879,Mid,1,Detractor,56+,0.31740696278511404,0,0.03099234685086906,0,0,At-Risk Loyalists
524,46,Male,Sandals,Footwear,40,Delaware,M,Orange,Spring,4.9,Yes,Express,1,Yes,5,Paypal,Quarterly,0,1,1,4,160,286.6815150764888,Low,1,Promoter,46-55,0.056182472989195674,0,0.2945419421056853,0,0,Bargain Hunters
525,59,Male,Shirt,Clothing,39,Pennsylvania,M,Gold,Summer,4.8,Yes,Free Shipping,1,Yes,44,Paypal,Annually,0,1,1,1,39,148.45983710104247,Low,1,Promoter,56+,0.3510204081632653,0,0.27914110687816435,0,0,At-Risk Loyalists
526,51,Male,Coat,Outerwear,37,Iowa,M,Cyan,Spring,3.2,Yes,Next Day Air,1,Yes,41,Debit Card,Monthly,0,1,1,12,444,1659.5253105178156,High,1,Neutral,46-55,0.4128051220488196,0,0.12431967950408224,0,0,Promo Reliant
527,51,Male,Pants,Clothing,52,New Jersey,S,Red,Winter,4.9,Yes,Standard,1,Yes,19,Cash,Monthly,0,1,1,12,624,1869.3369386976904,High,1,Promoter,46-55,0.23321328531412566,0,0.33348192891899964,0,0,Promo Reliant
528,21,Male,T-Shirt,Clothing,23,South Carolina,L,Yellow,Winter,4.3,Yes,Next Day Air,1,Yes,47,Bank Transfer,Every 3 Months,0,1,1,4,92,356.150493003526,Low,1,Promoter,18-25,0.3990396158463386,0,0.22425117144521126,0,0,At-Risk Loyalists
529,34,Male,Sneakers,Footwear,88,Maryland,S,Beige,Winter,3.2,Yes,Express,1,Yes,40,Cash,Annually,0,1,1,1,88,326.7943418699791,Low,1,Neutral,26-35,0.31836734693877555,0,0.09152888653027101,0,0,At-Risk Loyalists
530,32,Male,Shorts,Clothing,84,California,M,Orange,Fall,3.7,Yes,Standard,1,Yes,6,Credit Card,Monthly,0,1,1,12,1008,1961.4774302477558,High,1,Neutral,26-35,0.12709083633453383,0,0.19174897294663917,0,0,Promo Reliant
531,48,Male,Coat,Outerwear,37,Montana,Xl,Magenta,Winter,3.2,Yes,Store Pickup,1,Yes,25,Credit Card,Bi-Weekly,0,1,1,26,962,3134.288869576666,High,1,Neutral,46-55,0.3919967987194878,0,0.16060507219626496,0,0,Promo Reliant
532,50,Male,Sandals,Footwear,51,Vermont,L,Purple,Fall,3.4,Yes,Next Day Air,1,Yes,42,Cash,Weekly,0,1,1,52,2652,9974.702706819327,Premium,1,Neutral,46-55,0.7346938775510204,1,0.35290805251928614,0,0,Promo Reliant
533,26,Male,Pants,Clothing,76,Texas,L,Black,Winter,4.1,Yes,Express,1,Yes,35,Bank Transfer,Every 3 Months,0,1,1,4,304,1089.3897572906574,Mid,1,Promoter,26-35,0.3010804321728692,0,0.21829194447527225,0,0,At-Risk Loyalists
534,57,Male,Sandals,Footwear,60,North Carolina,L,Pink,Spring,4.5,Yes,Next Day Air,1,Yes,17,Debit Card,Weekly,0,1,1,52,3120,9017.959884636033,Premium,1,Promoter,56+,0.5306122448979592,0,0.4613681509566908,1,0,Promo Reliant
535,65,Male,Gloves,Accessories,72,Florida,L,Pink,Fall,4.5,Yes,Next Day Air,1,Yes,4,Paypal,Quarterly,0,1,1,4,288,463.51811878102086,Low,1,Promoter,56+,0.04801920768307323,0,0.2508928670850533,0,0,Bargain Hunters
536,56,Male,T-Shirt,Clothing,45,West Virginia,L,Maroon,Spring,3.2,Yes,Free Shipping,1,Yes,24,Bank Transfer,Weekly,0,1,1,52,2340,7532.1694301915895,Premium,1,Neutral,56+,0.5877551020408164,1,0.2688114502119162,0,0,Promo Reliant
537,44,Male,Jacket,Outerwear,84,Illinois,S,Maroon,Fall,4.4,Yes,Store Pickup,1,Yes,16,Debit Card,Every 3 Months,0,1,1,4,336,951.9596836028886,Mid,1,Promoter,36-45,0.14597839135654261,0,0.2509105860460888,0,0,Bargain Hunters
538,50,Male,Blouse,Clothing,49,Virginia,S,Turquoise,Summer,3.0,Yes,Store Pickup,1,Yes,14,Debit Card,Annually,0,1,1,1,49,132.6944598540083,Low,1,Neutral,46-55,0.10612244897959185,0,0.06275321222153607,0,0,Bargain Hunters
539,27,Male,Socks,Clothing,22,Virginia,Xl,Green,Spring,3.2,Yes,Free Shipping,1,Yes,43,Cash,Weekly,0,1,1,52,1144,4329.11294120249,High,1,Neutral,26-35,0.7428571428571429,1,0.19000277487931966,0,0,Promo Reliant
540,49,Male,Coat,Outerwear,48,Wyoming,M,Violet,Winter,4.0,Yes,Store Pickup,1,Yes,49,Debit Card,Weekly,0,1,1,52,2496,9764.409421548653,Premium,1,Promoter,46-55,0.7918367346938776,1,0.41973395231203303,0,0,Promo Reliant
541,49,Male,Dress,Clothing,37,South Carolina,M,Lavender,Spring,3.1,Yes,Next Day Air,1,Yes,33,Cash,Every 3 Months,0,1,1,4,148,521.9013576431919,Mid,1,Neutral,46-55,0.2847539015606242,0,0.08432934056972995,0,0,At-Risk Loyalists
542,52,Male,Jacket,Outerwear,27,Connecticut,L,Gray,Fall,2.8,Yes,Next Day Air,1,Yes,45,Cash,Bi-Weekly,0,1,1,26,702,2687.7062603353447,High,1,Detractor,46-55,0.5552621048419368,1,0.10161725977963447,0,0,Promo Reliant
543,27,Male,Boots,Footwear,79,Illinois,Xl,Teal,Spring,4.6,Yes,Next Day Air,1,Yes,35,Cash,Bi-Weekly,0,1,1,26,2054,7360.54789958885,Premium,1,Promoter,26-35,0.47362945178071225,0,0.4325888379876705,1,0,Promo Reliant
544,53,Male,Skirt,Clothing,98,Alabama,S,Red,Spring,4.3,Yes,Express,1,Yes,11,Credit Card,Monthly,0,1,1,12,1176,2922.2502201506886,High,1,Promoter,46-55,0.16790716286514606,0,0.287388028682353,0,0,Promo Reliant
545,34,Male,Sandals,Footwear,64,Washington,S,Yellow,Summer,3.3,Yes,Standard,1,Yes,30,Bank Transfer,Every 3 Months,0,1,1,4,256,879.1007243481974,Mid,1,Neutral,26-35,0.2602641056422569,0,0.11711794889319671,0,0,At-Risk Loyalists
546,33,Male,Coat,Outerwear,32,Alabama,L,Magenta,Summer,3.5,Yes,2-Day Shipping,1,Yes,48,Debit Card,Annually,0,1,1,1,32,124.53824953954005,Low,1,Neutral,26-35,0.3836734693877551,0,0.12255253510802684,0,0,At-Risk Loyalists
547,62,Male,Hoodie,Clothing,74,New Mexico,M,Brown,Winter,3.4,Yes,Free Shipping,1,Yes,45,Venmo,Bi-Weekly,0,1,1,26,1924,7366.3060468450185,Premium,1,Neutral,56+,0.5552621048419368,1,0.2887305126534745,0,0,Promo Reliant
548,38,Male,Jacket,Outerwear,50,Nevada,M,Blue,Winter,2.8,Yes,Free Shipping,1,Yes,26,Venmo,Weekly,0,1,1,52,2600,8569.175851611255,Premium,1,Detractor,36-45,0.6040816326530613,1,0.2463261742464189,0,0,Promo Reliant
549,36,Male,Backpack,Accessories,64,Nebraska,M,Black,Winter,4.6,Yes,Store Pickup,1,Yes,41,Debit Card,Every 3 Months,0,1,1,4,256,956.8434222805423,Mid,1,Promoter,36-45,0.3500600240096039,0,0.27503074657937293,0,0,At-Risk Loyalists
550,31,Male,Backpack,Accessories,29,Arizona,S,Olive,Fall,3.6,Yes,Express,1,Yes,37,Venmo,Bi-Weekly,0,1,1,26,754,2742.7399644336947,High,1,Neutral,26-35,0.48995598239295723,0,0.19897132060670591,0,0,Promo Reliant
551,62,Male,Belt,Accessories,62,Georgia,M,Olive,Summer,3.3,Yes,Store Pickup,1,Yes,12,Paypal,Weekly,0,1,1,52,3224,8269.396728455995,Premium,1,Neutral,56+,0.489795918367347,0,0.2989503456684816,0,0,Promo Reliant
552,29,Male,Coat,Outerwear,78,Idaho,Xl,Green,Fall,3.1,Yes,2-Day Shipping,1,Yes,27,Cash,Bi-Weekly,0,1,1,26,2028,6757.710746635314,Premium,1,Neutral,26-35,0.4083233293317327,0,0.23775650592332534,0,0,Promo Reliant
553,24,Male,T-Shirt,Clothing,94,Missouri,M,Peach,Fall,3.5,Yes,Express,1,Yes,18,Bank Transfer,Weekly,0,1,1,52,4888,14392.41773016556,Premium,1,Neutral,18-25,0.5387755102040817,0,0.4736024418263903,1,0,Promo Reliant
554,63,Male,Sunglasses,Accessories,59,Florida,M,White,Winter,3.2,Yes,Express,1,Yes,15,Credit Card,Quarterly,0,1,1,4,236,654.3309384485883,Mid,1,Neutral,56+,0.13781512605042018,0,0.09958766582062749,0,0,Bargain Hunters
555,56,Male,Sneakers,Footwear,47,Minnesota,M,Red,Summer,3.0,Yes,Express,1,Yes,34,Bank Transfer,Weekly,0,1,1,52,2444,8689.270662280127,Premium,1,Neutral,56+,0.6693877551020408,1,0.27328101221935763,0,0,Promo Reliant
556,63,Male,Gloves,Accessories,57,Maine,M,White,Fall,4.8,Yes,Express,1,Yes,37,Venmo,Annually,0,1,1,1,57,207.342411104404,Low,1,Promoter,56+,0.2938775510204082,0,0.2805898661096455,0,0,At-Risk Loyalists
557,40,Male,Coat,Outerwear,90,Montana,L,Indigo,Winter,5.0,Yes,Store Pickup,1,Yes,21,Cash,Fortnightly,0,1,1,26,2340,7233.03934085846,Premium,1,Promoter,36-45,0.35934373749499804,0,0.477451590598605,1,0,Promo Reliant
558,18,Male,Shirt,Clothing,60,Alaska,M,White,Spring,2.9,Yes,Free Shipping,1,Yes,31,Debit Card,Weekly,0,1,1,52,3120,10813.096016735148,Premium,1,Detractor,18-25,0.6448979591836735,1,0.3135360577977786,0,0,Promo Reliant
559,50,Male,Sneakers,Footwear,77,Iowa,L,Teal,Fall,3.2,Yes,Express,1,Yes,43,Debit Card,Every 3 Months,0,1,1,4,308,1165.5304072468243,Mid,1,Neutral,46-55,0.36638655462184877,0,0.11216532503619467,0,0,At-Risk Loyalists
560,66,Male,Scarf,Accessories,41,Arizona,M,Indigo,Fall,2.9,Yes,Store Pickup,1,Yes,22,Bank Transfer,Monthly,0,1,1,12,492,1542.6631542371417,Mid,1,Detractor,56+,0.257703081232493,0,0.08544437843941151,0,0,Bargain Hunters
561,25,Male,Jewelry,Accessories,48,Louisiana,L,Red,Fall,3.8,Yes,Free Shipping,1,Yes,12,Debit Card,Annually,1,1,1,1,48,123.11756915815377,Low,1,Neutral,18-25,0.08979591836734695,0,0.15851758038920968,0,0,Bargain Hunters
562,65,Male,Jacket,Outerwear,65,Alabama,M,Blue,Fall,2.6,Yes,Next Day Air,1,Yes,25,Paypal,Fortnightly,0,1,1,26,1690,5506.183149256305,Premium,1,Detractor,56+,0.3919967987194878,0,0.1469636577701055,0,0,Promo Reliant
563,53,Male,Jeans,Clothing,62,Missouri,M,Blue,Summer,3.5,Yes,Standard,1,Yes,40,Debit Card,Annually,0,1,1,1,62,230.2414681356671,Low,1,Neutral,46-55,0.31836734693877555,0,0.1251532793236188,0,0,At-Risk Loyalists
564,61,Male,Shoes,Footwear,99,Idaho,M,Black,Fall,4.4,Yes,Standard,1,Yes,16,Debit Card,Quarterly,0,1,1,4,396,1121.9524842462615,Mid,1,Promoter,56+,0.14597839135654261,0,0.25509312465595596,0,0,Bargain Hunters
565,67,Male,Hoodie,Clothing,58,Florida,M,Olive,Winter,3.4,Yes,Next Day Air,1,Yes,30,Bank Transfer,Weekly,0,1,1,52,3016,10356.905408727202,Premium,1,Neutral,56+,0.6367346938775511,1,0.3623118481593078,0,0,Promo Reliant
566,59,Male,Backpack,Accessories,43,Idaho,L,Lavender,Fall,4.2,Yes,Store Pickup,1,Yes,10,Venmo,Weekly,0,1,1,52,2236,5361.693829977156,Premium,1,Promoter,56+,0.47346938775510206,0,0.3354086121781084,0,0,Promo Reliant
567,55,Male,Sneakers,Footwear,93,Alabama,M,Indigo,Spring,3.6,Yes,Store Pickup,1,Yes,1,Debit Card,Fortnightly,0,1,1,26,2418,1676.0298825939476,High,1,Neutral,46-55,0.19607843137254902,0,0.1727257614657094,0,0,Promo Reliant
568,21,Male,Blouse,Clothing,50,New Hampshire,S,Red,Winter,3.0,Yes,Next Day Air,1,Yes,24,Venmo,Fortnightly,0,1,1,26,1300,4184.538572328661,High,1,Neutral,18-25,0.38383353341336535,0,0.16244563670921247,0,0,Promo Reliant
569,44,Male,Pants,Clothing,88,Utah,L,Red,Summer,4.0,Yes,Free Shipping,1,Yes,36,Paypal,Monthly,0,1,1,12,1056,3813.129315752301,High,1,Promoter,36-45,0.37198879551820735,0,0.27330740526756675,0,0,Promo Reliant
570,65,Male,Skirt,Clothing,33,Alabama,M,Pink,Fall,4.4,Yes,Express,1,Yes,46,Credit Card,Every 3 Months,0,1,1,4,132,508.21948342572773,Low,1,Promoter,56+,0.3908763505402161,0,0.23999270885972043,0,0,At-Risk Loyalists
571,65,Male,T-Shirt,Clothing,99,Iowa,Xl,Purple,Fall,4.1,Yes,Standard,1,Yes,20,Cash,Annually,0,1,1,1,99,301.4077213346189,Low,1,Promoter,56+,0.15510204081632653,0,0.19890426878080553,0,0,Bargain Hunters
572,54,Male,Jacket,Outerwear,76,Kentucky,Xl,Cyan,Spring,3.6,Yes,Free Shipping,1,Yes,37,Venmo,Weekly,0,1,1,52,3952,14375.740503238676,Premium,1,Neutral,46-55,0.6938775510204083,1,0.48519211182851263,1,1,Promo Reliant
573,56,Male,Scarf,Accessories,97,South Carolina,Xl,Cyan,Summer,4.6,Yes,Next Day Air,1,Yes,26,Bank Transfer,Annually,0,1,1,1,97,319.6961760024199,Low,1,Promoter,56+,0.20408163265306123,0,0.2593542417647988,0,0,Bargain Hunters
574,58,Male,Pants,Clothing,68,California,M,Charcoal,Summer,3.2,Yes,2-Day Shipping,1,Yes,23,Credit Card,Bi-Weekly,0,1,1,26,1768,5618.799172055168,Premium,1,Neutral,56+,0.3756702681072429,0,0.22173448607379392,0,0,Promo Reliant
575,54,Male,Sneakers,Footwear,79,Maine,L,Red,Fall,4.8,Yes,Free Shipping,1,Yes,20,Bank Transfer,Bi-Weekly,0,1,1,26,2054,6253.449087083911,Premium,1,Promoter,46-55,0.35118047218887555,0,0.42934954602521713,1,0,Promo Reliant
576,58,Male,Jeans,Clothing,86,Nebraska,M,Peach,Fall,4.8,Yes,Express,1,Yes,38,Paypal,Monthly,0,1,1,12,1032,3780.795618805795,High,1,Promoter,56+,0.3883153261304522,0,0.368511860189383,0,0,Promo Reliant
577,48,Male,Hat,Accessories,68,Washington,M,Black,Winter,5.0,Yes,2-Day Shipping,1,Yes,5,Credit Card,Every 3 Months,0,1,1,4,272,487.35857563003094,Low,1,Promoter,46-55,0.056182472989195674,0,0.31147944269808203,0,0,Bargain Hunters
578,19,Male,Skirt,Clothing,52,Alabama,M,Black,Fall,3.7,Yes,Store Pickup,1,Yes,41,Venmo,Annually,0,1,1,1,52,194.35882015073517,Low,1,Neutral,18-25,0.326530612244898,0,0.14827041510788005,0,0,At-Risk Loyalists
579,69,Male,Sandals,Footwear,90,Maine,M,Purple,Fall,4.6,Yes,Next Day Air,1,Yes,22,Credit Card,Fortnightly,0,1,1,26,2340,7337.0564652742105,Premium,1,Promoter,56+,0.3675070028011205,0,0.43201084979846327,1,0,Promo Reliant
580,58,Male,Sandals,Footwear,41,California,M,Violet,Winter,3.7,Yes,Free Shipping,1,Yes,48,Credit Card,Annually,0,1,1,1,41,159.5646322225357,Low,1,Neutral,56+,0.3836734693877551,0,0.14741433159223769,0,0,At-Risk Loyalists
581,49,Male,Sweater,Clothing,80,Iowa,M,Orange,Spring,4.1,Yes,Free Shipping,1,Yes,10,Paypal,Weekly,0,1,1,52,4160,9975.244334841222,Premium,1,Promoter,46-55,0.47346938775510206,0,0.43692137884901994,1,0,Promo Reliant
582,32,Male,Sweater,Clothing,100,Iowa,Xl,Charcoal,Winter,2.7,Yes,Store Pickup,1,Yes,12,Bank Transfer,Every 3 Months,0,1,1,4,400,1025.9797429846146,Mid,1,Detractor,26-35,0.11332533013205283,0,0.04873179115064036,0,0,Bargain Hunters
583,40,Male,Jacket,Outerwear,77,Colorado,L,Turquoise,Spring,4.9,Yes,Store Pickup,1,Yes,2,Bank Transfer,Quarterly,0,1,1,4,308,338.3725849097778,Low,1,Promoter,36-45,0.03169267707082833,0,0.2958137600564739,0,0,Bargain Hunters
584,25,Male,Shorts,Clothing,78,California,L,Yellow,Spring,4.0,Yes,Store Pickup,1,Yes,38,Paypal,Monthly,0,1,1,12,936,3429.093700777349,High,1,Promoter,18-25,0.3883153261304522,0,0.26385851224905277,0,0,Promo Reliant
585,70,Male,Socks,Clothing,94,Indiana,M,White,Spring,4.7,Yes,Free Shipping,1,Yes,20,Debit Card,Monthly,0,1,1,12,1128,3434.221309752021,High,1,Promoter,56+,0.2413765506202481,0,0.34798467301840125,0,0,Promo Reliant
586,69,Male,Socks,Clothing,23,South Carolina,M,Gray,Fall,2.8,Yes,Next Day Air,1,Yes,5,Cash,Every 3 Months,0,1,1,4,92,164.84187116898104,Low,1,Detractor,56+,0.056182472989195674,0,0.039544173888872956,0,0,Bargain Hunters
587,45,Male,Hoodie,Clothing,20,Wisconsin,S,Blue,Winter,4.9,Yes,2-Day Shipping,1,Yes,9,Venmo,Annually,0,1,1,1,20,46.05170185988092,Low,1,Promoter,36-45,0.06530612244897958,0,0.2886214355862652,0,0,Bargain Hunters
588,29,Male,Socks,Clothing,86,Washington,S,Maroon,Fall,4.2,Yes,Express,1,Yes,48,Debit Card,Every 3 Months,0,1,1,4,344,1338.7861825500554,Mid,1,Promoter,26-35,0.40720288115246095,0,0.2364281465606689,0,0,At-Risk Loyalists
589,47,Male,Boots,Footwear,60,South Dakota,M,Violet,Fall,3.0,Yes,Standard,1,Yes,9,Debit Card,Quarterly,0,1,1,4,240,552.6204223185711,Mid,1,Neutral,46-55,0.08883553421368547,0,0.07308515889602085,0,0,Bargain Hunters
590,28,Male,Shirt,Clothing,70,Minnesota,M,Orange,Fall,3.4,Yes,2-Day Shipping,1,Yes,40,Paypal,Annually,0,1,1,1,70,259.9500446693016,Low,1,Neutral,26-35,0.31836734693877555,0,0.11388423538720409,0,0,At-Risk Loyalists
591,64,Male,Belt,Accessories,39,Alaska,S,Turquoise,Fall,4.6,Yes,Standard,1,Yes,30,Venmo,Fortnightly,0,1,1,26,1014,3482.0630253479385,High,1,Promoter,56+,0.4328131252501001,0,0.3371617806481648,0,0,Promo Reliant
592,47,Male,Backpack,Accessories,37,Kentucky,L,Olive,Fall,4.2,Yes,Store Pickup,1,Yes,6,Debit Card,Bi-Weekly,0,1,1,26,962,1871.9655633912114,High,1,Promoter,46-55,0.23689475790316128,0,0.24954660415365595,0,0,Promo Reliant
593,60,Male,Boots,Footwear,29,North Dakota,M,Brown,Fall,3.2,Yes,Free Shipping,1,Yes,42,Venmo,Every 3 Months,0,1,1,4,116,436.2992134204532,Low,1,Neutral,56+,0.35822328931572633,0,0.09422316741449065,0,0,At-Risk Loyalists
594,67,Male,Coat,Outerwear,35,Alaska,S,Green,Winter,4.4,Yes,Store Pickup,1,Yes,9,Paypal,Every 3 Months,0,1,1,4,140,322.3619130191664,Low,1,Promoter,56+,0.08883553421368547,0,0.2354198301188592,0,0,Bargain Hunters
595,35,Male,Hoodie,Clothing,83,Oklahoma,S,Brown,Winter,2.5,Yes,Next Day Air,1,Yes,6,Debit Card,Monthly,0,1,1,12,996,1938.126508459092,High,1,Detractor,26-35,0.12709083633453383,0,0.04717444195716528,0,0,Promo Reliant
596,30,Male,Shoes,Footwear,77,Delaware,M,Silver,Summer,3.6,Yes,Next Day Air,1,Yes,47,Paypal,Quarterly,0,1,1,4,308,1192.3299113596304,Mid,1,Neutral,26-35,0.3990396158463386,0,0.1608247056702737,0,0,At-Risk Loyalists
597,23,Male,Shoes,Footwear,37,Montana,Xl,White,Summer,4.5,Yes,Store Pickup,1,Yes,36,Venmo,Annually,0,1,1,1,37,133.6039627678363,Low,1,Promoter,18-25,0.28571428571428575,0,0.24277558982246078,0,0,At-Risk Loyalists
598,70,Male,Jewelry,Accessories,69,Alaska,L,Gold,Summer,3.4,Yes,Standard,1,Yes,19,Bank Transfer,Fortnightly,0,1,1,26,1794,5374.34369875586,Premium,1,Neutral,56+,0.3430172068827531,0,0.2397198522093123,0,0,Promo Reliant
599,21,Male,Dress,Clothing,66,California,L,Green,Winter,3.2,Yes,2-Day Shipping,1,Yes,30,Cash,Every 3 Months,0,1,1,4,264,906.5726219840786,Mid,1,Neutral,18-25,0.2602641056422569,0,0.10579387323889561,0,0,At-Risk Loyalists
600,51,Male,Boots,Footwear,26,Massachusetts,L,Teal,Spring,4.2,Yes,Standard,1,Yes,27,Debit Card,Every 3 Months,0,1,1,4,104,346.54926905822117,Low,1,Promoter,46-55,0.23577430972388957,0,0.2120149409124991,0,0,Bargain Hunters
601,22,Male,Hat,Accessories,63,South Carolina,M,Charcoal,Spring,5.0,Yes,2-Day Shipping,1,Yes,25,Venmo,Monthly,0,1,1,12,756,2463.1209827442403,High,1,Promoter,18-25,0.2821928771508604,0,0.3600915163882826,0,0,Promo Reliant
602,32,Male,Backpack,Accessories,38,West Virginia,M,Maroon,Summer,4.7,Yes,Store Pickup,1,Yes,5,Cash,Fortnightly,0,1,1,26,988,1770.2583555973183,High,1,Promoter,26-35,0.22873149259703882,0,0.30704417862804695,0,0,Promo Reliant
603,37,Male,Shoes,Footwear,58,Oregon,L,Lavender,Summer,4.2,Yes,Next Day Air,1,Yes,10,Cash,Every 3 Months,0,1,1,4,232,556.311703289222,Mid,1,Promoter,36-45,0.09699879951980793,0,0.21717597994915477,0,0,Bargain Hunters
604,31,Male,Handbag,Accessories,46,Massachusetts,L,Green,Winter,3.4,Yes,2-Day Shipping,1,Yes,26,Paypal,Every 3 Months,0,1,1,4,184,606.4339833447966,Mid,1,Neutral,26-35,0.2276110444177671,0,0.12240919906639736,0,0,Bargain Hunters
605,44,Male,Sunglasses,Accessories,92,West Virginia,S,Pink,Fall,4.4,Yes,Store Pickup,1,Yes,11,Credit Card,Every 3 Months,0,1,1,4,368,914.4456471219842,Mid,1,Promoter,36-45,0.10516206482593038,0,0.24998758280477792,0,0,Bargain Hunters
606,40,Male,Hat,Accessories,32,California,Xl,Charcoal,Winter,4.2,Yes,Standard,1,Yes,17,Bank Transfer,Weekly,0,1,1,52,1664,4809.578605139218,Premium,1,Promoter,36-45,0.5306122448979592,0,0.32182425309795715,0,0,Promo Reliant
607,27,Male,Scarf,Accessories,90,Colorado,M,Blue,Spring,4.5,Yes,Standard,1,Yes,44,Paypal,Monthly,0,1,1,12,1080,4111.195488951945,High,1,Promoter,26-35,0.4372949179671869,0,0.3406410880646297,0,0,Promo Reliant
608,47,Male,Hoodie,Clothing,23,Indiana,L,Purple,Fall,2.8,Yes,Next Day Air,1,Yes,44,Cash,Monthly,0,1,1,12,276,1050.6388471766081,Mid,1,Detractor,46-55,0.4372949179671869,0,0.06133850893502532,0,0,At-Risk Loyalists
609,41,Male,Backpack,Accessories,25,Delaware,S,Gold,Fall,3.3,Yes,Next Day Air,1,Yes,21,Venmo,Every 3 Months,0,1,1,4,100,309.1042453358316,Low,1,Neutral,36-45,0.18679471788715488,0,0.10309363567560938,0,0,Bargain Hunters
610,51,Male,Sweater,Clothing,54,Ohio,L,Purple,Fall,4.6,Yes,Next Day Air,1,Yes,49,Credit Card,Fortnightly,0,1,1,26,1404,5492.4802996211165,Premium,1,Promoter,46-55,0.5879151660664266,1,0.3866265099765079,0,0,Promo Reliant
611,53,Male,Shorts,Clothing,72,Oklahoma,M,Charcoal,Summer,2.5,Yes,Free Shipping,1,Yes,27,Bank Transfer,Every 3 Months,0,1,1,4,288,959.6748989304587,Mid,1,Detractor,46-55,0.23577430972388957,0,0.02310041282621635,0,0,Bargain Hunters
612,43,Male,Scarf,Accessories,33,California,M,Black,Winter,4.7,Yes,Store Pickup,1,Yes,19,Cash,Monthly,0,1,1,12,396,1186.3099803273803,Mid,1,Promoter,36-45,0.23321328531412566,0,0.2926765900214002,0,0,Bargain Hunters
613,67,Male,Hat,Accessories,43,New Hampshire,L,Lavender,Fall,4.6,Yes,Express,1,Yes,33,Credit Card,Quarterly,0,1,1,4,172,606.5340102339798,Mid,1,Promoter,56+,0.2847539015606242,0,0.2664116601490105,0,0,At-Risk Loyalists
614,61,Male,Coat,Outerwear,51,Pennsylvania,L,Lavender,Fall,2.6,Yes,Standard,1,Yes,46,Cash,Bi-Weekly,0,1,1,26,1326,5105.295719867538,Premium,1,Detractor,56+,0.5634253701480593,1,0.13710013916647648,0,0,Promo Reliant
615,68,Male,Jewelry,Accessories,85,Idaho,M,Lavender,Winter,4.0,Yes,Standard,1,Yes,21,Credit Card,Bi-Weekly,0,1,1,26,2210,6831.203821921878,Premium,1,Promoter,56+,0.35934373749499804,0,0.3475647450003954,0,0,Promo Reliant
616,67,Male,Sandals,Footwear,100,Maryland,L,Olive,Summer,2.6,Yes,Next Day Air,1,Yes,23,Venmo,Annually,0,1,1,1,100,317.8053830347946,Low,1,Detractor,56+,0.1795918367346939,0,0.019307720297063638,0,0,Bargain Hunters
617,29,Male,Gloves,Accessories,72,Pennsylvania,L,Teal,Spring,4.6,Yes,Free Shipping,1,Yes,38,Credit Card,Every 3 Months,0,1,1,4,288,1055.105754085338,Mid,1,Promoter,26-35,0.3255702280912365,0,0.2774484136518235,0,0,At-Risk Loyalists
618,50,Male,Backpack,Accessories,57,Colorado,M,Maroon,Fall,2.6,Yes,Standard,1,Yes,2,Bank Transfer,Quarterly,0,1,1,4,228,250.48360181632904,Low,1,Detractor,46-55,0.03169267707082833,0,0.017651321036826866,0,0,Bargain Hunters
619,61,Male,Jacket,Outerwear,94,Indiana,L,Cyan,Spring,4.0,Yes,Express,1,Yes,21,Debit Card,Bi-Weekly,0,1,1,26,2444,7554.507756007724,Premium,1,Promoter,56+,0.35934373749499804,0,0.36536106707717264,0,0,Promo Reliant
620,19,Male,Backpack,Accessories,34,Nebraska,M,Charcoal,Summer,4.6,Yes,Store Pickup,1,Yes,1,Debit Card,Every 3 Months,0,1,1,4,136,94.26801655615256,Low,1,Promoter,18-25,0.023529411764705882,0,0.2538077599310574,0,0,Bargain Hunters
621,33,Male,Backpack,Accessories,89,Rhode Island,M,Black,Fall,3.7,Yes,2-Day Shipping,1,Yes,10,Venmo,Every 3 Months,0,1,1,4,356,853.65071711622,Mid,1,Neutral,26-35,0.09699879951980793,0,0.16449177156411998,0,0,Bargain Hunters
622,51,Male,Sunglasses,Accessories,27,Kansas,S,Red,Fall,4.4,Yes,Store Pickup,1,Yes,45,Credit Card,Weekly,0,1,1,52,1404,5375.412520670689,Premium,1,Promoter,46-55,0.7591836734693878,1,0.3597461497284362,0,0,Promo Reliant
623,69,Male,Socks,Clothing,63,Georgia,S,Peach,Spring,4.0,Yes,Next Day Air,1,Yes,44,Bank Transfer,Fortnightly,0,1,1,26,1638,6235.313158243784,Premium,1,Promoter,56+,0.5470988395358143,1,0.33290332581875814,0,0,Promo Reliant
624,19,Male,Shoes,Footwear,70,Nevada,M,White,Fall,4.7,Yes,Standard,1,Yes,48,Paypal,Bi-Weekly,0,1,1,26,1820,7083.11294256134,Premium,1,Promoter,18-25,0.5797519007603041,1,0.4377627699712447,1,1,Promo Reliant
625,55,Male,Pants,Clothing,87,South Carolina,Xl,Pink,Fall,3.4,Yes,Express,1,Yes,21,Paypal,Annually,0,1,1,1,87,268.9206934421735,Low,1,Neutral,46-55,0.163265306122449,0,0.11410495111578843,0,0,Bargain Hunters
626,49,Male,Jewelry,Accessories,79,Delaware,M,Red,Fall,4.0,Yes,Next Day Air,1,Yes,1,Venmo,Weekly,0,1,1,52,4108,2847.448617740255,High,1,Promoter,46-55,0.4,0,0.24954759432879517,0,0,Promo Reliant
627,31,Male,Sunglasses,Accessories,79,New Hampshire,M,Indigo,Spring,3.9,Yes,Standard,1,Yes,10,Venmo,Annually,0,1,1,1,79,189.4337265510713,Low,1,Neutral,26-35,0.07346938775510205,0,0.1721492370693993,0,0,Bargain Hunters
628,42,Male,Sandals,Footwear,44,Oregon,L,Black,Winter,4.1,Yes,Express,1,Yes,24,Paypal,Monthly,0,1,1,12,528,1699.56643553041,High,1,Promoter,36-45,0.27402961184473795,0,0.23330485976297466,0,0,Promo Reliant
629,69,Male,Sweater,Clothing,85,Massachusetts,M,White,Fall,3.8,Yes,2-Day Shipping,1,Yes,29,Credit Card,Monthly,1,1,1,12,1020,3469.2213292953984,High,1,Neutral,56+,0.31484593837535013,0,0.24084582085838174,0,0,Promo Reliant
630,26,Male,Shoes,Footwear,90,Vermont,L,Beige,Spring,4.7,Yes,Standard,1,Yes,11,Debit Card,Annually,0,1,1,1,90,223.64159848092004,Low,1,Promoter,26-35,0.0816326530612245,0,0.26899089474293897,0,0,Bargain Hunters
631,41,Male,Jewelry,Accessories,94,Mississippi,S,Silver,Fall,4.3,Yes,2-Day Shipping,1,Yes,33,Debit Card,Annually,0,1,1,1,94,331.4778893139192,Low,1,Promoter,36-45,0.26122448979591834,0,0.22364412151634855,0,0,At-Risk Loyalists
632,55,Male,Boots,Footwear,68,Washington,S,Violet,Summer,4.1,Yes,Store Pickup,1,Yes,27,Cash,Fortnightly,0,1,1,26,1768,5891.33757398976,Premium,1,Promoter,46-55,0.4083233293317327,0,0.33644007821915956,0,0,Promo Reliant
633,35,Male,Backpack,Accessories,51,Wyoming,M,Red,Winter,3.9,Yes,Next Day Air,1,Yes,19,Venmo,Fortnightly,0,1,1,26,1326,3972.3409947325918,High,1,Neutral,26-35,0.3430172068827531,0,0.2652246828931872,0,0,Promo Reliant
634,66,Male,Sandals,Footwear,33,Minnesota,M,Orange,Spring,2.9,Yes,Express,1,Yes,50,Debit Card,Quarterly,0,1,1,4,132,519.0009835196109,Low,1,Detractor,56+,0.42352941176470593,0,0.060257979154958105,0,0,At-Risk Loyalists
635,36,Male,Sneakers,Footwear,60,Ohio,M,Teal,Summer,3.9,Yes,Standard,1,Yes,46,Paypal,Weekly,0,1,1,52,3120,12012.460517335383,Premium,1,Neutral,36-45,0.7673469387755103,1,0.46304547414999436,1,1,Promo Reliant
636,27,Male,Hoodie,Clothing,59,South Carolina,M,Brown,Fall,4.3,Yes,2-Day Shipping,1,Yes,28,Cash,Quarterly,0,1,1,4,236,794.681815876808,Mid,1,Promoter,26-35,0.24393757503001198,0,0.2350408883191718,0,0,Bargain Hunters
637,41,Male,Handbag,Accessories,30,Wisconsin,M,Indigo,Summer,2.8,Yes,Store Pickup,1,Yes,14,Bank Transfer,Every 3 Months,0,1,1,4,120,324.9660241322652,Low,1,Detractor,36-45,0.12965186074429774,0,0.04348390221622854,0,0,Bargain Hunters
638,21,Male,Sweater,Clothing,20,Tennessee,M,Cyan,Winter,3.4,Yes,2-Day Shipping,1,Yes,46,Cash,Fortnightly,0,1,1,26,520,2002.0767528892304,High,1,Neutral,18-25,0.5634253701480593,1,0.15674788721735972,0,0,Promo Reliant
639,53,Male,Sandals,Footwear,20,Maryland,S,Blue,Summer,2.7,Yes,Express,1,Yes,41,Paypal,Monthly,0,1,1,12,240,897.0407083880084,Mid,1,Detractor,46-55,0.4128051220488196,0,0.045559348032589264,0,0,At-Risk Loyalists
640,54,Male,Dress,Clothing,24,Mississippi,L,Olive,Spring,4.0,Yes,2-Day Shipping,1,Yes,50,Credit Card,Annually,0,1,1,1,24,94.36381518538381,Low,1,Promoter,46-55,0.4,0,0.18181011698067376,0,0,At-Risk Loyalists
641,53,Male,Skirt,Clothing,88,Minnesota,M,Gray,Summer,4.4,Yes,Store Pickup,1,Yes,28,Debit Card,Fortnightly,0,1,1,26,2288,7704.372859009053,Premium,1,Promoter,46-55,0.4164865946378551,0,0.4170483795821873,0,0,Promo Reliant
642,47,Male,Blouse,Clothing,78,Alaska,M,Red,Winter,3.9,Yes,2-Day Shipping,1,Yes,23,Credit Card,Every 3 Months,0,1,1,4,312,991.552795068559,Mid,1,Neutral,46-55,0.20312124849939978,0,0.19188474328547298,0,0,Bargain Hunters
643,64,Male,Skirt,Clothing,25,Arkansas,L,Red,Spring,2.8,Yes,2-Day Shipping,1,Yes,14,Debit Card,Bi-Weekly,0,1,1,26,650,1760.2326307164365,High,1,Detractor,56+,0.3022008803521409,0,0.07879750358505987,0,0,Promo Reliant
644,18,Male,Sweater,Clothing,57,Oregon,Xl,Green,Winter,3.2,Yes,Next Day Air,1,Yes,10,Bank Transfer,Every 3 Months,0,1,1,4,228,546.7201221980285,Mid,1,Neutral,18-25,0.09699879951980793,0,0.0969399866712527,0,0,Bargain Hunters
645,68,Male,Backpack,Accessories,93,Louisiana,S,Blue,Summer,4.3,Yes,Next Day Air,1,Yes,37,Cash,Weekly,0,1,1,52,4836,17591.3666684368,Premium,1,Promoter,56+,0.6938775510204083,1,0.6483100541174672,1,1,Promo Reliant
646,62,Male,Hoodie,Clothing,42,Oklahoma,S,Purple,Summer,4.2,Yes,Express,1,Yes,15,Venmo,Bi-Weekly,0,1,1,26,1092,3027.666884685841,High,1,Promoter,56+,0.3103641456582633,0,0.27798172246157765,0,0,Promo Reliant
647,51,Male,Boots,Footwear,54,Indiana,Xl,Pink,Spring,4.9,Yes,Standard,1,Yes,19,Venmo,Bi-Weekly,0,1,1,26,1404,4206.008112069803,High,1,Promoter,46-55,0.3430172068827531,0,0.3909738777792081,0,0,Promo Reliant
648,54,Male,Blouse,Clothing,70,Mississippi,Xl,Charcoal,Summer,3.7,Yes,Express,1,Yes,23,Credit Card,Fortnightly,0,1,1,26,1820,5784.057971233261,Premium,1,Neutral,46-55,0.3756702681072429,0,0.2858005483162339,0,0,Promo Reliant
649,22,Male,Hoodie,Clothing,31,Michigan,M,Brown,Winter,4.1,Yes,Store Pickup,1,Yes,35,Credit Card,Weekly,0,1,1,52,1612,5776.63252879125,Premium,1,Promoter,18-25,0.6775510204081633,1,0.3336178511691105,0,0,Promo Reliant
650,53,Male,Pants,Clothing,93,Delaware,L,Orange,Spring,4.2,Yes,Store Pickup,1,Yes,33,Paypal,Every 3 Months,0,1,1,4,372,1311.8061151572122,Mid,1,Promoter,46-55,0.2847539015606242,0,0.2357643233096824,0,0,At-Risk Loyalists
651,34,Male,Gloves,Accessories,40,Florida,M,Magenta,Spring,3.9,Yes,Next Day Air,1,Yes,12,Bank Transfer,Annually,0,1,1,1,40,102.59797429846147,Low,1,Neutral,26-35,0.08979591836734695,0,0.17001271196281353,0,0,Bargain Hunters
652,32,Male,Hat,Accessories,32,Arkansas,L,Yellow,Summer,2.9,Yes,Next Day Air,1,Yes,41,Venmo,Fortnightly,0,1,1,26,832,3109.7411224117627,High,1,Detractor,26-35,0.522609043617447,0,0.12400109426358846,0,0,Promo Reliant
653,64,Male,Sunglasses,Accessories,27,Minnesota,M,Beige,Winter,3.1,Yes,Free Shipping,1,Yes,27,Venmo,Weekly,0,1,1,52,1404,4678.415132285986,Premium,1,Neutral,56+,0.6122448979591837,1,0.18659707943332765,0,0,Promo Reliant
654,20,Male,Scarf,Accessories,68,North Dakota,M,Olive,Winter,3.6,Yes,2-Day Shipping,1,Yes,45,Cash,Fortnightly,0,1,1,26,1768,6769.03798899272,Premium,1,Neutral,18-25,0.5552621048419368,1,0.29803520377596304,0,0,Promo Reliant
655,24,Male,Handbag,Accessories,59,California,L,Gray,Summer,4.4,Yes,2-Day Shipping,1,Yes,23,Venmo,Annually,0,1,1,1,59,187.5051759905288,Low,1,Promoter,18-25,0.1795918367346939,0,0.23210178660590902,0,0,Bargain Hunters
656,20,Male,Handbag,Accessories,36,Mississippi,S,Purple,Fall,3.1,Yes,Free Shipping,1,Yes,19,Venmo,Monthly,0,1,1,12,432,1294.156342175324,Mid,1,Neutral,18-25,0.23321328531412566,0,0.10333006458417904,0,0,Bargain Hunters
657,42,Male,Jeans,Clothing,23,Pennsylvania,M,Beige,Summer,3.9,Yes,Standard,1,Yes,6,Paypal,Quarterly,0,1,1,4,92,179.02373371308883,Low,1,Neutral,36-45,0.06434573829531813,0,0.17189310741679922,0,0,Bargain Hunters
658,48,Male,Jacket,Outerwear,80,Arizona,M,White,Winter,4.3,Yes,Free Shipping,1,Yes,6,Paypal,Quarterly,0,1,1,4,320,622.6912476977002,Mid,1,Promoter,46-55,0.06434573829531813,0,0.23080919621680307,0,0,Bargain Hunters
659,62,Male,Backpack,Accessories,37,Louisiana,S,White,Fall,4.9,Yes,Store Pickup,1,Yes,20,Venmo,Weekly,0,1,1,52,1924,5857.661170179866,Premium,1,Promoter,56+,0.5551020408163265,1,0.43161149689899037,1,1,Promo Reliant
660,62,Male,Shorts,Clothing,52,Virginia,S,Gold,Spring,3.6,Yes,2-Day Shipping,1,Yes,8,Cash,Weekly,0,1,1,52,2704,5941.295257117138,Premium,1,Neutral,56+,0.4571428571428572,0,0.2776692475589726,0,0,Promo Reliant
661,50,Male,Coat,Outerwear,79,Montana,M,Olive,Fall,5.0,Yes,2-Day Shipping,1,Yes,39,Credit Card,Quarterly,0,1,1,4,316,1165.6859075000039,Mid,1,Promoter,46-55,0.3337334933973589,0,0.32816915099711946,0,0,At-Risk Loyalists
662,57,Male,Shirt,Clothing,68,Iowa,Xl,Green,Fall,4.1,Yes,Store Pickup,1,Yes,39,Credit Card,Quarterly,0,1,1,4,272,1003.3752115189907,Mid,1,Promoter,56+,0.3337334933973589,0,0.2161756245056112,0,0,At-Risk Loyalists
663,24,Male,Gloves,Accessories,98,Illinois,L,Magenta,Fall,2.8,Yes,Express,1,Yes,39,Venmo,Bi-Weekly,0,1,1,26,2548,9399.26484908231,Premium,1,Detractor,18-25,0.5062825130052021,0,0.2667498584754483,0,0,Promo Reliant
664,59,Male,Dress,Clothing,83,Alaska,M,Charcoal,Fall,4.7,Yes,Express,1,Yes,23,Credit Card,Monthly,0,1,1,12,996,3165.341615026554,High,1,Promoter,56+,0.26586634653861546,0,0.34136910047449187,0,0,Promo Reliant
665,63,Male,Pants,Clothing,83,Colorado,M,Indigo,Winter,4.4,Yes,Express,1,Yes,41,Paypal,Bi-Weekly,0,1,1,26,2158,8065.891036255509,Premium,1,Promoter,56+,0.522609043617447,0,0.42594324882829293,1,0,Promo Reliant
666,41,Male,Pants,Clothing,55,New Mexico,M,Peach,Spring,4.9,Yes,2-Day Shipping,1,Yes,50,Credit Card,Annually,0,1,1,1,55,216.2504097998379,Low,1,Promoter,36-45,0.4,0,0.29280904038255173,0,0,At-Risk Loyalists
667,35,Male,Hoodie,Clothing,26,Colorado,L,Turquoise,Winter,3.1,Yes,Free Shipping,1,Yes,30,Debit Card,Quarterly,0,1,1,4,104,357.1346692664552,Low,1,Neutral,26-35,0.2602641056422569,0,0.08027538632491815,0,0,At-Risk Loyalists
668,34,Male,Sunglasses,Accessories,76,Arizona,S,Blue,Winter,2.6,Yes,Standard,1,Yes,32,Bank Transfer,Quarterly,0,1,1,4,304,1062.93829868581,Mid,1,Detractor,26-35,0.27659063625450186,0,0.03764112722605138,0,0,At-Risk Loyalists
669,49,Male,T-Shirt,Clothing,85,Hawaii,S,Turquoise,Fall,2.9,Yes,Express,1,Yes,35,Bank Transfer,Monthly,0,1,1,12,1020,3655.189317225232,High,1,Detractor,46-55,0.36382553021208486,0,0.13742141633520208,0,0,Promo Reliant
670,43,Male,Jacket,Outerwear,89,Illinois,M,Gray,Spring,3.3,Yes,Free Shipping,1,Yes,45,Venmo,Bi-Weekly,0,1,1,26,2314,8859.476191475766,Premium,1,Neutral,36-45,0.5552621048419368,1,0.3134687848472532,0,0,Promo Reliant
671,63,Male,Sweater,Clothing,41,Louisiana,Xl,Purple,Spring,4.8,Yes,Next Day Air,1,Yes,37,Cash,Bi-Weekly,0,1,1,26,1066,3877.666846268327,High,1,Promoter,56+,0.48995598239295723,0,0.3708953002381017,0,0,Promo Reliant
672,38,Male,Jacket,Outerwear,30,Iowa,L,Black,Winter,4.7,Yes,Express,1,Yes,45,Cash,Weekly,0,1,1,52,1560,5972.680578522988,Premium,1,Promoter,36-45,0.7591836734693878,1,0.4104414586059477,0,0,Promo Reliant
673,59,Male,Socks,Clothing,53,Washington,M,Peach,Winter,3.3,Yes,2-Day Shipping,1,Yes,29,Cash,Quarterly,0,1,1,4,212,721.0538449123769,Mid,1,Neutral,56+,0.25210084033613445,0,0.11322933024048022,0,0,Bargain Hunters
674,35,Male,Shirt,Clothing,66,Oklahoma,M,Indigo,Spring,4.2,Yes,Free Shipping,1,Yes,27,Venmo,Bi-Weekly,0,1,1,26,1716,5718.062939460649,Premium,1,Promoter,26-35,0.4083233293317327,0,0.34417679267832646,0,0,Promo Reliant
675,48,Male,Jewelry,Accessories,33,Washington,Xl,Beige,Winter,4.7,Yes,Store Pickup,1,Yes,36,Bank Transfer,Annually,0,1,1,1,33,119.1602911172594,Low,1,Promoter,46-55,0.28571428571428575,0,0.26642021468823074,0,0,At-Risk Loyalists
676,64,Male,Sunglasses,Accessories,86,Arkansas,M,Yellow,Spring,2.6,Yes,2-Day Shipping,1,Yes,9,Cash,Annually,0,1,1,1,86,198.02231799748796,Low,1,Detractor,56+,0.06530612244897958,0,0.01636055257919186,0,0,Bargain Hunters
677,28,Male,Pants,Clothing,60,Connecticut,M,Peach,Winter,2.9,Yes,2-Day Shipping,1,Yes,38,Venmo,Bi-Weekly,0,1,1,26,1560,5715.156167962248,Premium,1,Detractor,26-35,0.49811924769907967,0,0.18810527386119943,0,0,Promo Reliant
678,60,Male,Socks,Clothing,62,Washington,S,Turquoise,Summer,2.7,Yes,Express,1,Yes,41,Paypal,Annually,0,1,1,1,62,231.73551633356885,Low,1,Detractor,56+,0.326530612244898,0,0.0291900391996199,0,0,At-Risk Loyalists
679,27,Male,Blouse,Clothing,74,Maine,M,Teal,Fall,3.3,Yes,Store Pickup,1,Yes,25,Debit Card,Every 3 Months,0,1,1,4,296,964.3965752543587,Mid,1,Neutral,26-35,0.21944777911164468,0,0.11921658594327345,0,0,Bargain Hunters
680,56,Male,Sandals,Footwear,95,Michigan,M,Turquoise,Fall,3.4,Yes,Express,1,Yes,37,Venmo,Fortnightly,0,1,1,26,2470,8984.837814524173,Premium,1,Neutral,56+,0.48995598239295723,0,0.3285532085793827,0,0,Promo Reliant
681,58,Male,Sneakers,Footwear,25,Tennessee,M,Magenta,Spring,4.2,Yes,Express,1,Yes,3,Paypal,Annually,0,1,1,1,25,34.657359027997266,Low,1,Promoter,56+,0.016326530612244896,0,0.20434108677944482,0,0,Bargain Hunters
682,30,Male,Shirt,Clothing,59,Louisiana,Xl,Purple,Winter,3.8,Yes,2-Day Shipping,1,Yes,24,Credit Card,Every 3 Months,0,1,1,4,236,759.6546946688953,Mid,1,Neutral,26-35,0.21128451380552224,0,0.17417907366413862,0,0,Bargain Hunters
683,23,Male,Jacket,Outerwear,29,Missouri,M,Brown,Summer,4.0,Yes,Standard,1,Yes,49,Credit Card,Bi-Weekly,0,1,1,26,754,2949.665346092822,High,1,Promoter,18-25,0.5879151660664266,1,0.252062556205362,0,0,Promo Reliant
684,33,Male,Sandals,Footwear,36,Michigan,S,Violet,Winter,2.7,Yes,Free Shipping,1,Yes,3,Bank Transfer,Monthly,0,1,1,12,432,598.8791640037928,Mid,1,Detractor,26-35,0.10260104041616648,0,0.03822331870284828,0,0,Bargain Hunters
685,63,Male,Hat,Accessories,82,Alabama,M,Yellow,Summer,4.7,Yes,Express,1,Yes,42,Debit Card,Monthly,0,1,1,12,984,3701.0209138424652,High,1,Promoter,56+,0.420968387354942,0,0.35454906657496477,0,0,Promo Reliant
686,70,Male,Blouse,Clothing,71,Massachusetts,Xl,Magenta,Winter,3.5,Yes,Standard,1,Yes,32,Cash,Fortnightly,0,1,1,26,1846,6454.552958467122,Premium,1,Neutral,56+,0.44913965586234494,0,0.27829754796100875,0,0,Promo Reliant
687,70,Male,Sweater,Clothing,35,Indiana,L,Beige,Fall,3.0,Yes,2-Day Shipping,1,Yes,33,Venmo,Fortnightly,0,1,1,26,910,3208.988077400707,High,1,Neutral,56+,0.4573029211684674,0,0.13844298721188958,0,0,Promo Reliant
688,19,Male,Gloves,Accessories,38,West Virginia,Xl,Turquoise,Winter,3.3,Yes,Free Shipping,1,Yes,46,Bank Transfer,Quarterly,0,1,1,4,152,585.2224354599289,Mid,1,Neutral,18-25,0.3908763505402161,0,0.10988730568227911,0,0,At-Risk Loyalists
689,25,Male,Scarf,Accessories,59,Michigan,S,Peach,Summer,4.7,Yes,Store Pickup,1,Yes,44,Venmo,Monthly,0,1,1,12,708,2695.117042757386,High,1,Promoter,18-25,0.4372949179671869,0,0.32979959622854416,0,0,Promo Reliant
690,19,Male,Hoodie,Clothing,91,Pennsylvania,M,Orange,Summer,4.7,Yes,Express,1,Yes,35,Credit Card,Every 3 Months,0,1,1,4,364,1304.400893598024,Mid,1,Promoter,18-25,0.3010804321728692,0,0.2955821236814117,0,0,At-Risk Loyalists
691,25,Male,Shorts,Clothing,68,Alaska,Xl,Red,Spring,4.8,Yes,Standard,1,Yes,45,Bank Transfer,Weekly,0,1,1,52,3536,13538.07597798544,Premium,1,Promoter,18-25,0.7591836734693878,1,0.6085820377210932,1,1,Promo Reliant
692,60,Male,Backpack,Accessories,21,Massachusetts,L,Silver,Summer,2.9,Yes,Standard,1,Yes,37,Paypal,Bi-Weekly,0,1,1,26,546,1986.1220432106065,High,1,Detractor,56+,0.48995598239295723,0,0.0963553341857754,0,0,Promo Reliant
693,35,Male,Sunglasses,Accessories,95,North Dakota,M,Cyan,Spring,4.0,Yes,2-Day Shipping,1,Yes,40,Debit Card,Every 3 Months,0,1,1,4,380,1411.157385347637,Mid,1,Promoter,26-35,0.34189675870348146,0,0.2142087828511341,0,0,At-Risk Loyalists
694,46,Male,Shorts,Clothing,52,Vermont,L,Turquoise,Spring,3.1,Yes,Free Shipping,1,Yes,30,Cash,Every 3 Months,0,1,1,4,208,714.2693385329104,Mid,1,Neutral,46-55,0.2602641056422569,0,0.08906240281900349,0,0,At-Risk Loyalists
695,41,Male,Dress,Clothing,21,Kentucky,S,Charcoal,Fall,3.5,Yes,2-Day Shipping,1,Yes,38,Venmo,Every 3 Months,0,1,1,4,84,307.73917827489026,Low,1,Neutral,36-45,0.3255702280912365,0,0.12706004927862177,0,0,At-Risk Loyalists
696,30,Male,Shorts,Clothing,67,Nevada,Xl,Peach,Summer,3.7,Yes,Next Day Air,1,Yes,15,Debit Card,Every 3 Months,0,1,1,4,268,743.0537775602613,Mid,1,Neutral,26-35,0.13781512605042018,0,0.1617706212090742,0,0,Bargain Hunters
697,44,Male,Belt,Accessories,42,Utah,L,Green,Fall,2.8,Yes,Standard,1,Yes,49,Cash,Monthly,0,1,1,12,504,1971.6595947357855,High,1,Detractor,36-45,0.4781112444977992,0,0.08399949706261359,0,0,Promo Reliant
698,61,Male,Scarf,Accessories,63,North Dakota,Xl,Brown,Summer,4.6,Yes,Free Shipping,1,Yes,40,Debit Card,Quarterly,0,1,1,4,252,935.8201608094856,Mid,1,Promoter,56+,0.34189675870348146,0,0.2745134858337694,0,0,At-Risk Loyalists
699,55,Male,Boots,Footwear,41,Iowa,M,Yellow,Winter,3.8,Yes,Standard,1,Yes,40,Debit Card,Weekly,0,1,1,52,2132,7917.335646213584,Premium,1,Neutral,46-55,0.7183673469387756,1,0.35028816077631275,0,0,Promo Reliant
700,50,Male,Handbag,Accessories,46,Connecticut,M,Charcoal,Fall,2.6,Yes,2-Day Shipping,1,Yes,5,Paypal,Weekly,0,1,1,52,2392,4285.888650393507,High,1,Detractor,46-55,0.4326530612244898,0,0.11693927533987758,0,0,Promo Reliant
701,57,Male,Pants,Clothing,79,Wisconsin,L,Olive,Winter,4.1,Yes,Standard,1,Yes,5,Paypal,Monthly,0,1,1,12,948,1698.5879768281961,High,1,Promoter,56+,0.11892757102841137,0,0.2332807855593338,0,0,Promo Reliant
702,51,Male,Boots,Footwear,90,Idaho,L,Red,Fall,3.3,Yes,Next Day Air,1,Yes,5,Debit Card,Every 3 Months,0,1,1,4,360,645.0334089220997,Mid,1,Neutral,46-55,0.056182472989195674,0,0.1113589074492509,0,0,Bargain Hunters
703,18,Male,Shirt,Clothing,71,Montana,M,White,Winter,3.4,Yes,Store Pickup,1,Yes,1,Cash,Weekly,0,1,1,52,3692,2559.099390627318,High,1,Neutral,18-25,0.4,0,0.17045298931634328,0,0,Promo Reliant
704,63,Male,Dress,Clothing,87,Connecticut,L,Pink,Summer,3.0,Yes,Standard,1,Yes,21,Venmo,Weekly,0,1,1,52,4524,13983.876058993023,Premium,1,Neutral,56+,0.5632653061224491,1,0.40355059664852566,0,0,Promo Reliant
705,34,Male,Hoodie,Clothing,66,Idaho,S,Black,Spring,3.2,Yes,Express,1,Yes,18,Paypal,Annually,0,1,1,1,66,194.33297262498505,Low,1,Neutral,26-35,0.13877551020408163,0,0.08826977914992176,0,0,Bargain Hunters
706,25,Male,Pants,Clothing,90,Arkansas,Xl,Indigo,Summer,4.5,Yes,Free Shipping,1,Yes,49,Cash,Quarterly,0,1,1,4,360,1408.3282819541325,Mid,1,Promoter,18-25,0.4153661464585835,0,0.2741391749963905,0,0,At-Risk Loyalists
707,46,Male,Jeans,Clothing,47,Iowa,L,Turquoise,Summer,4.8,Yes,Express,1,Yes,27,Debit Card,Weekly,0,1,1,52,2444,8143.907822868198,Premium,1,Promoter,46-55,0.6122448979591837,1,0.47586279024999045,1,1,Promo Reliant
708,59,Male,Shirt,Clothing,38,Louisiana,L,Purple,Spring,3.7,Yes,Next Day Air,1,Yes,21,Venmo,Annually,0,1,1,1,38,117.45961322761602,Low,1,Neutral,56+,0.163265306122449,0,0.1463783708518479,0,0,Bargain Hunters
709,37,Male,Backpack,Accessories,50,Kentucky,L,Beige,Summer,3.4,Yes,Store Pickup,1,Yes,19,Cash,Fortnightly,0,1,1,26,1300,3894.451955620188,High,1,Neutral,36-45,0.3430172068827531,0,0.20330828459784692,0,0,Promo Reliant
710,49,Male,Jacket,Outerwear,79,Massachusetts,L,Charcoal,Summer,4.6,Yes,Standard,1,Yes,23,Debit Card,Monthly,0,1,1,12,948,3012.795031169853,High,1,Promoter,46-55,0.26586634653861546,0,0.325615812250701,0,0,Promo Reliant
711,22,Male,Scarf,Accessories,91,Virginia,L,Turquoise,Spring,4.1,Yes,Standard,1,Yes,26,Paypal,Fortnightly,0,1,1,26,2366,7797.950024966242,Premium,1,Promoter,18-25,0.4001600640256102,0,0.38335077184901617,0,0,Promo Reliant
712,64,Male,Boots,Footwear,60,New Hampshire,M,Maroon,Spring,3.5,Yes,2-Day Shipping,1,Yes,13,Bank Transfer,Bi-Weekly,0,1,1,26,1560,4116.929434199803,High,1,Neutral,56+,0.29403761504601844,0,0.22078216725913247,0,0,Promo Reliant
713,42,Male,Blouse,Clothing,81,New Hampshire,Xl,Black,Summer,3.8,Yes,Next Day Air,1,Yes,36,Bank Transfer,Quarterly,0,1,1,4,324,1169.9374036967288,Mid,1,Neutral,36-45,0.3092436974789916,0,0.18427375570346705,0,0,At-Risk Loyalists
714,37,Male,Hoodie,Clothing,90,Oregon,M,Lavender,Summer,2.6,Yes,Express,1,Yes,39,Bank Transfer,Bi-Weekly,0,1,1,26,2340,8631.977922626611,Premium,1,Detractor,36-45,0.5062825130052021,0,0.22387136960650011,0,0,Promo Reliant
715,26,Male,Jacket,Outerwear,70,South Dakota,M,Magenta,Fall,4.4,Yes,Store Pickup,1,Yes,40,Debit Card,Fortnightly,0,1,1,26,1820,6758.70116140184,Premium,1,Promoter,26-35,0.5144457783113245,0,0.39378087429648645,0,0,Promo Reliant
716,33,Male,Jeans,Clothing,63,Delaware,L,Green,Spring,2.6,Yes,Express,1,Yes,37,Debit Card,Quarterly,0,1,1,4,252,916.6717122510491,Mid,1,Detractor,26-35,0.31740696278511404,0,0.03404235337926785,0,0,At-Risk Loyalists
717,30,Male,Jewelry,Accessories,29,Missouri,M,Olive,Spring,3.6,Yes,Express,1,Yes,9,Venmo,Bi-Weekly,0,1,1,26,754,1736.1491601175105,High,1,Neutral,26-35,0.2613845538215286,0,0.17420494881063195,0,0,Promo Reliant
718,21,Male,Socks,Clothing,90,Alaska,L,Green,Spring,4.2,Yes,Express,1,Yes,7,Venmo,Every 3 Months,0,1,1,4,360,748.5989550047409,Mid,1,Promoter,18-25,0.07250900360144058,0,0.22190705592085214,0,0,Bargain Hunters
719,22,Male,Shirt,Clothing,22,Florida,M,Peach,Summer,4.6,Yes,Standard,1,Yes,25,Bank Transfer,Annually,0,1,1,1,22,71.67812383647261,Low,1,Promoter,18-25,0.1959183673469388,0,0.2532519534608114,0,0,Bargain Hunters
720,63,Male,Shorts,Clothing,22,Mississippi,L,Turquoise,Summer,3.3,Yes,Next Day Air,1,Yes,42,Venmo,Bi-Weekly,0,1,1,26,572,2151.4064661767175,High,1,Neutral,56+,0.5307723089235694,0,0.14842202688128348,0,0,Promo Reliant
721,33,Male,Jewelry,Accessories,62,New Mexico,L,Orange,Fall,3.4,Yes,Free Shipping,1,Yes,19,Debit Card,Weekly,0,1,1,52,3224,9658.240849938067,Premium,1,Neutral,26-35,0.5469387755102041,0,0.34512175845302784,0,0,Promo Reliant
722,43,Male,Blouse,Clothing,57,California,L,Silver,Summer,4.4,Yes,Next Day Air,1,Yes,41,Debit Card,Every 3 Months,0,1,1,4,228,852.188672968608,Mid,1,Promoter,36-45,0.3500600240096039,0,0.24845579912250146,0,0,At-Risk Loyalists
723,27,Male,Sweater,Clothing,32,Wyoming,S,Blue,Summer,4.3,Yes,Store Pickup,1,Yes,50,Cash,Bi-Weekly,0,1,1,26,832,3271.278926426639,High,1,Promoter,26-35,0.596078431372549,1,0.295975604358653,0,0,Promo Reliant
724,35,Male,Jewelry,Accessories,53,Missouri,L,Cyan,Fall,3.5,Yes,Express,1,Yes,43,Paypal,Monthly,0,1,1,12,636,2406.744607172014,High,1,Neutral,26-35,0.42913165266106446,0,0.1787044201899566,0,0,Promo Reliant
725,37,Male,T-Shirt,Clothing,79,New Hampshire,Xl,Green,Fall,4.7,Yes,Store Pickup,1,Yes,36,Venmo,Every 3 Months,0,1,1,4,316,1141.050060395575,Mid,1,Promoter,36-45,0.3092436974789916,0,0.291563005435007,0,0,At-Risk Loyalists
726,61,Male,Hat,Accessories,61,Texas,L,Silver,Winter,3.1,Yes,Standard,1,Yes,33,Debit Card,Fortnightly,0,1,1,26,1586,5592.8077920412325,Premium,1,Neutral,56+,0.4573029211684674,0,0.20909498869496035,0,0,Promo Reliant
727,32,Male,Shorts,Clothing,78,North Dakota,L,Yellow,Summer,3.6,Yes,Next Day Air,1,Yes,20,Bank Transfer,Every 3 Months,0,1,1,4,312,949.891000569708,Mid,1,Neutral,26-35,0.1786314525810324,0,0.15485968773377728,0,0,Bargain Hunters
728,62,Male,Sweater,Clothing,97,Arkansas,S,Gray,Winter,4.8,Yes,Next Day Air,1,Yes,37,Venmo,Every 3 Months,0,1,1,4,388,1411.3834299738376,Mid,1,Promoter,56+,0.31740696278511404,0,0.31021434450064544,0,0,At-Risk Loyalists
729,29,Male,Jeans,Clothing,78,Nebraska,M,Pink,Winter,3.7,Yes,Next Day Air,1,Yes,12,Paypal,Every 3 Months,0,1,1,4,312,800.2641995279995,Mid,1,Neutral,26-35,0.11332533013205283,0,0.1631782384602827,0,0,Bargain Hunters
730,41,Male,Sunglasses,Accessories,56,Minnesota,L,Beige,Summer,3.2,Yes,Express,1,Yes,46,Paypal,Every 3 Months,0,1,1,4,224,862.4330627830531,Mid,1,Neutral,36-45,0.3908763505402161,0,0.10470785424349056,0,0,At-Risk Loyalists
731,48,Male,Boots,Footwear,25,Massachusetts,M,Indigo,Summer,3.9,Yes,Standard,1,Yes,28,Venmo,Fortnightly,0,1,1,26,650,2188.7422894912083,High,1,Neutral,46-55,0.4164865946378551,0,0.22134064532837666,0,0,Promo Reliant
732,43,Male,Coat,Outerwear,28,Arkansas,M,Red,Spring,3.5,Yes,Free Shipping,1,Yes,30,Paypal,Fortnightly,0,1,1,26,728,2499.9426848651865,High,1,Neutral,36-45,0.4328131252501001,0,0.1809974852894302,0,0,Promo Reliant
733,34,Male,Shirt,Clothing,57,New Hampshire,L,Blue,Spring,2.8,Yes,Express,1,Yes,28,Cash,Bi-Weekly,0,1,1,26,1482,4990.332420039955,Premium,1,Detractor,26-35,0.4164865946378551,0,0.15827155796523285,0,0,Promo Reliant
734,45,Male,Dress,Clothing,36,Rhode Island,L,Cyan,Fall,2.7,Yes,2-Day Shipping,1,Yes,20,Debit Card,Bi-Weekly,0,1,1,26,936,2849.673001709124,High,1,Detractor,36-45,0.35118047218887555,0,0.09360232353966622,0,0,Promo Reliant
735,65,Male,Shirt,Clothing,69,New Jersey,S,Violet,Winter,3.1,Yes,Express,1,Yes,39,Bank Transfer,Every 3 Months,0,1,1,4,276,1018.1307293354464,Mid,1,Neutral,56+,0.3337334933973589,0,0.09653867236847562,0,0,At-Risk Loyalists
736,61,Male,Sunglasses,Accessories,48,Montana,M,Orange,Fall,3.6,Yes,2-Day Shipping,1,Yes,48,Cash,Bi-Weekly,0,1,1,26,1248,4856.991732042062,Premium,1,Neutral,56+,0.5797519007603041,1,0.25099081564140097,0,0,Promo Reliant
737,18,Male,Dress,Clothing,58,Colorado,L,Maroon,Spring,2.9,Yes,2-Day Shipping,1,Yes,32,Credit Card,Every 3 Months,0,1,1,4,232,811.1897542602234,Mid,1,Detractor,18-25,0.27659063625450186,0,0.06744705310613117,0,0,At-Risk Loyalists
738,47,Male,Sunglasses,Accessories,24,Nebraska,M,Teal,Spring,3.6,Yes,Store Pickup,1,Yes,28,Paypal,Annually,0,1,1,1,24,80.81509991967538,Low,1,Neutral,46-55,0.2204081632653061,0,0.13347676154151134,0,0,Bargain Hunters
739,56,Male,Sunglasses,Accessories,31,Minnesota,L,Orange,Winter,3.5,Yes,2-Day Shipping,1,Yes,27,Venmo,Quarterly,0,1,1,4,124,413.1933592617253,Low,1,Neutral,56+,0.23577430972388957,0,0.12965466612051182,0,0,Bargain Hunters
740,64,Male,Shorts,Clothing,29,Minnesota,S,Purple,Summer,3.5,Yes,Free Shipping,1,Yes,26,Venmo,Bi-Weekly,0,1,1,26,754,2485.060996967264,High,1,Neutral,56+,0.4001600640256102,0,0.18063133311135277,0,0,Promo Reliant
741,26,Male,Jeans,Clothing,69,South Dakota,M,Orange,Summer,2.8,Yes,Next Day Air,1,Yes,22,Credit Card,Fortnightly,0,1,1,26,1794,5625.0766233768945,Premium,1,Detractor,26-35,0.3675070028011205,0,0.17388893780601614,0,0,Promo Reliant
742,22,Male,T-Shirt,Clothing,79,West Virginia,Xl,Yellow,Summer,4.7,Yes,Free Shipping,1,Yes,23,Bank Transfer,Every 3 Months,0,1,1,4,316,1004.2650103899508,Mid,1,Promoter,18-25,0.20312124849939978,0,0.28819751730412224,0,0,Bargain Hunters
743,64,Male,Pants,Clothing,39,Nevada,M,Charcoal,Summer,3.1,Yes,Express,1,Yes,21,Debit Card,Quarterly,0,1,1,4,156,482.2026227238973,Low,1,Neutral,56+,0.18679471788715488,0,0.08335258454868429,0,0,Bargain Hunters
744,21,Male,Sunglasses,Accessories,84,North Carolina,L,Gray,Fall,4.9,Yes,Free Shipping,1,Yes,36,Cash,Weekly,0,1,1,52,4368,15772.489442429973,Premium,1,Promoter,18-25,0.6857142857142857,1,0.6755580164100506,1,1,Promo Reliant
745,67,Male,Boots,Footwear,66,Illinois,S,Charcoal,Spring,4.1,Yes,Next Day Air,1,Yes,42,Debit Card,Bi-Weekly,0,1,1,26,1716,6454.219398530153,Premium,1,Promoter,56+,0.5307723089235694,0,0.3502893409821849,0,0,Promo Reliant
746,46,Male,T-Shirt,Clothing,92,Michigan,L,Orange,Fall,4.7,Yes,Standard,1,Yes,4,Venmo,Monthly,0,1,1,12,1104,1776.8194553272467,High,1,Promoter,46-55,0.11076430572228893,0,0.3072056093053448,0,0,Promo Reliant
747,40,Male,Sandals,Footwear,45,Michigan,M,Red,Winter,2.5,Yes,Free Shipping,1,Yes,47,Credit Card,Annually,0,1,1,1,45,174.2040454908551,Low,1,Detractor,36-45,0.3755102040816327,0,0.003774522794387476,0,0,At-Risk Loyalists
748,51,Male,Shorts,Clothing,74,Oklahoma,L,Gold,Spring,4.4,Yes,Next Day Air,1,Yes,13,Bank Transfer,Weekly,0,1,1,52,3848,10155.092604359514,Premium,1,Promoter,46-55,0.4979591836734694,0,0.47734640348730534,1,0,Promo Reliant
749,35,Male,Hat,Accessories,39,South Dakota,L,Brown,Fall,3.9,Yes,Free Shipping,1,Yes,8,Bank Transfer,Quarterly,0,1,1,4,156,342.76703406445023,Low,1,Neutral,26-35,0.08067226890756302,0,0.17592188200745623,0,0,Bargain Hunters
750,56,Male,Scarf,Accessories,71,Oklahoma,M,Olive,Winter,3.7,Yes,Standard,1,Yes,11,Debit Card,Quarterly,0,1,1,4,284,705.7134885397921,Mid,1,Neutral,56+,0.10516206482593038,0,0.16085189288681218,0,0,Bargain Hunters
751,25,Male,T-Shirt,Clothing,95,Maryland,L,Violet,Fall,3.4,Yes,Free Shipping,1,Yes,5,Venmo,Annually,0,1,1,1,95,170.2171495766652,Low,1,Neutral,18-25,0.03265306122448979,0,0.11167642836902646,0,0,Bargain Hunters
752,65,Male,Gloves,Accessories,72,Ohio,L,Indigo,Fall,4.8,Yes,Free Shipping,1,Yes,1,Credit Card,Monthly,0,1,1,12,864,598.8791640037928,Mid,1,Promoter,56+,0.08627450980392158,0,0.29022331870284823,0,0,Bargain Hunters
753,39,Male,Scarf,Accessories,85,Ohio,L,Yellow,Fall,4.2,Yes,2-Day Shipping,1,Yes,17,Paypal,Every 3 Months,0,1,1,4,340,982.7263976846959,Mid,1,Promoter,36-45,0.15414165666266505,0,0.22766757674839427,0,0,Bargain Hunters
754,47,Male,Boots,Footwear,54,Massachusetts,M,Teal,Fall,3.4,Yes,Store Pickup,1,Yes,27,Venmo,Quarterly,0,1,1,4,216,719.7561741978441,Mid,1,Neutral,46-55,0.23577430972388957,0,0.12519740207737046,0,0,Bargain Hunters
755,36,Male,Gloves,Accessories,41,North Carolina,L,Pink,Spring,2.9,Yes,Store Pickup,1,Yes,3,Debit Card,Quarterly,0,1,1,4,164,227.35227522366205,Low,1,Detractor,36-45,0.03985594237695078,0,0.05308219301372755,0,0,Bargain Hunters
756,66,Male,Coat,Outerwear,24,Florida,M,Violet,Spring,3.3,Yes,Free Shipping,1,Yes,22,Paypal,Weekly,0,1,1,52,1248,3913.0967814795786,High,1,Neutral,56+,0.5714285714285714,1,0.19176702581356903,0,0,Promo Reliant
757,62,Male,Belt,Accessories,99,Montana,S,Orange,Summer,4.8,Yes,Standard,1,Yes,24,Cash,Fortnightly,0,1,1,26,2574,8285.386373210747,Premium,1,Promoter,56+,0.38383353341336535,0,0.47934375825002445,1,0,Promo Reliant
758,41,Male,Hoodie,Clothing,32,Minnesota,M,Red,Fall,3.8,Yes,Store Pickup,1,Yes,18,Debit Card,Quarterly,0,1,1,4,128,376.88818933330435,Low,1,Neutral,36-45,0.1623049219687875,0,0.1647614060860356,0,0,Bargain Hunters
759,66,Male,Shoes,Footwear,71,Massachusetts,L,Peach,Summer,4.6,Yes,2-Day Shipping,1,Yes,39,Bank Transfer,Every 3 Months,0,1,1,4,284,1047.6417649683578,Mid,1,Promoter,56+,0.3337334933973589,0,0.2772647680942043,0,0,At-Risk Loyalists
760,51,Male,Dress,Clothing,49,Rhode Island,Xl,Green,Winter,2.6,Yes,Next Day Air,1,Yes,25,Credit Card,Fortnightly,0,1,1,26,1274,4150.814989439368,High,1,Detractor,46-55,0.3919967987194878,0,0.11361589458505375,0,0,Promo Reliant
761,33,Male,Gloves,Accessories,50,Minnesota,Xl,Violet,Fall,3.4,Yes,Free Shipping,1,Yes,6,Cash,Annually,0,1,1,1,50,97.29550745276566,Low,1,Neutral,26-35,0.04081632653061225,0,0.10988224895364065,0,0,Bargain Hunters
762,57,Male,Jewelry,Accessories,91,Nevada,L,Yellow,Fall,4.2,Yes,Express,1,Yes,26,Bank Transfer,Weekly,0,1,1,52,4732,15595.900049932485,Premium,1,Promoter,56+,0.6040816326530613,1,0.5872131738671995,1,1,Promo Reliant
763,45,Male,Belt,Accessories,46,New Mexico,M,Pink,Fall,3.9,Yes,Standard,1,Yes,43,Debit Card,Fortnightly,0,1,1,26,1196,4525.89080216624,High,1,Neutral,36-45,0.5389355742296918,0,0.27884433874515996,0,0,Promo Reliant
764,61,Male,Sweater,Clothing,50,North Carolina,M,Brown,Spring,2.9,Yes,2-Day Shipping,1,Yes,6,Credit Card,Monthly,0,1,1,12,600,1167.546089433188,Mid,1,Detractor,56+,0.12709083633453383,0,0.07621491930452706,0,0,Bargain Hunters
765,55,Male,Skirt,Clothing,39,Virginia,Xl,Silver,Fall,4.2,Yes,Free Shipping,1,Yes,6,Debit Card,Quarterly,0,1,1,4,156,303.56198325262886,Low,1,Promoter,46-55,0.06434573829531813,0,0.2109572726939933,0,0,Bargain Hunters
766,54,Male,Sneakers,Footwear,99,Alaska,M,Pink,Summer,3.0,Yes,Store Pickup,1,Yes,13,Cash,Quarterly,0,1,1,4,396,1045.0667025276423,Mid,1,Neutral,46-55,0.12148859543817528,0,0.08520141071647809,0,0,Bargain Hunters
767,57,Male,Gloves,Accessories,48,Nevada,M,Cyan,Winter,3.6,Yes,Next Day Air,1,Yes,13,Paypal,Monthly,0,1,1,12,576,1520.0970218583889,Mid,1,Neutral,56+,0.184233693477391,0,0.1688891565735896,0,0,Bargain Hunters
768,27,Male,Coat,Outerwear,77,Pennsylvania,M,Brown,Fall,2.5,Yes,Next Day Air,1,Yes,11,Cash,Annually,0,1,1,1,77,191.33781203367602,Low,1,Detractor,26-35,0.0816326530612245,0,0.0041960855889680475,0,0,Bargain Hunters
769,64,Male,Backpack,Accessories,95,Illinois,Xl,Red,Spring,2.6,Yes,Express,1,Yes,45,Venmo,Weekly,0,1,1,52,4940,18913.48849865613,Premium,1,Detractor,56+,0.7591836734693878,1,0.47683981761869665,1,1,Promo Reliant
770,52,Male,Socks,Clothing,100,Delaware,M,Silver,Spring,4.3,Yes,Store Pickup,1,Yes,8,Paypal,Monthly,0,1,1,12,1200,2636.6694928034635,High,1,Promoter,46-55,0.14341736694677873,0,0.2803615404202439,0,0,Promo Reliant
771,19,Male,Sneakers,Footwear,54,Vermont,M,Gray,Spring,3.3,Yes,Express,1,Yes,8,Credit Card,Annually,0,1,1,1,54,118.65012717615586,Low,1,Neutral,18-25,0.05714285714285714,0,0.09840766250735629,0,0,Bargain Hunters
772,22,Male,Sweater,Clothing,68,Hawaii,L,Cyan,Fall,2.6,Yes,Next Day Air,1,Yes,34,Bank Transfer,Fortnightly,0,1,1,26,1768,6285.855372713283,Premium,1,Detractor,18-25,0.4654661864745898,0,0.16614687709061673,0,0,Promo Reliant
773,18,Male,Jeans,Clothing,22,Illinois,L,Teal,Fall,3.6,Yes,Free Shipping,1,Yes,40,Debit Card,Bi-Weekly,0,1,1,26,572,2124.1632221548643,High,1,Neutral,18-25,0.5144457783113245,0,0.1837517283771811,0,0,Promo Reliant
774,29,Male,Hat,Accessories,84,California,L,Indigo,Winter,2.6,Yes,Express,1,Yes,14,Debit Card,Bi-Weekly,0,1,1,26,2184,5914.381639207227,Premium,1,Detractor,26-35,0.3022008803521409,0,0.15700705924503583,0,0,Promo Reliant
775,42,Male,Hat,Accessories,46,Nevada,M,Yellow,Summer,3.5,Yes,Standard,1,Yes,11,Credit Card,Quarterly,0,1,1,4,184,457.2228235609921,Low,1,Neutral,36-45,0.10516206482593038,0,0.13073797631780534,0,0,Bargain Hunters
776,49,Male,Handbag,Accessories,53,Kentucky,S,Gold,Winter,3.0,Yes,Store Pickup,1,Yes,8,Paypal,Monthly,0,1,1,12,636,1397.4348311858357,Mid,1,Neutral,46-55,0.14341736694677873,0,0.0938711502432207,0,0,Bargain Hunters
777,49,Male,Shirt,Clothing,60,Alabama,M,Maroon,Spring,5.0,Yes,Standard,1,Yes,8,Venmo,Every 3 Months,0,1,1,4,240,527.3338985606927,Mid,1,Promoter,46-55,0.08067226890756302,0,0.312463003948715,0,0,Bargain Hunters
778,55,Male,Socks,Clothing,32,Wyoming,Xl,Silver,Spring,2.5,Yes,Express,1,Yes,37,Venmo,Weekly,0,1,1,52,1664,6052.943369784705,Premium,1,Detractor,46-55,0.6938775510204083,1,0.14841626119827694,0,0,Promo Reliant
779,29,Male,Socks,Clothing,50,Massachusetts,M,Yellow,Summer,2.9,Yes,Store Pickup,1,Yes,23,Debit Card,Annually,0,1,1,1,50,158.9026915173973,Low,1,Detractor,26-35,0.1795918367346939,0,0.051398045063948204,0,0,Bargain Hunters
780,60,Male,Dress,Clothing,94,Utah,M,Blue,Spring,4.6,Yes,Express,1,Yes,38,Cash,Annually,0,1,1,1,94,344.37479473618674,Low,1,Promoter,56+,0.3020408163265306,0,0.25996143968907276,0,0,At-Risk Loyalists
781,34,Male,Shoes,Footwear,26,New York,M,Turquoise,Spring,3.6,Yes,Free Shipping,1,Yes,38,Cash,Quarterly,0,1,1,4,104,381.0104111974832,Low,1,Neutral,26-35,0.3255702280912365,0,0.1408628300995239,0,0,At-Risk Loyalists
782,30,Male,Scarf,Accessories,44,Vermont,L,Indigo,Winter,3.0,Yes,Store Pickup,1,Yes,12,Credit Card,Fortnightly,0,1,1,26,1144,2934.302064935998,High,1,Neutral,26-35,0.28587434973989595,0,0.13168455480548236,0,0,Promo Reliant
783,28,Male,Hoodie,Clothing,57,Hawaii,M,Green,Summer,4.5,Yes,Standard,1,Yes,15,Cash,Weekly,0,1,1,52,2964,8217.952972718711,Premium,1,Promoter,26-35,0.5142857142857143,0,0.4416846126857116,1,0,Promo Reliant
784,63,Male,T-Shirt,Clothing,65,Louisiana,L,Purple,Winter,4.5,Yes,Next Day Air,1,Yes,38,Paypal,Fortnightly,0,1,1,26,1690,6191.419181959102,Premium,1,Promoter,56+,0.49811924769907967,0,0.3918233491970633,0,0,Promo Reliant
785,31,Male,Jeans,Clothing,72,Alabama,M,Peach,Winter,3.2,Yes,Store Pickup,1,Yes,41,Bank Transfer,Every 3 Months,0,1,1,4,288,1076.44885006561,Mid,1,Neutral,26-35,0.3500600240096039,0,0.10997354367294054,0,0,At-Risk Loyalists
786,46,Male,Shorts,Clothing,62,Louisiana,S,Purple,Spring,4.0,Yes,Next Day Air,1,Yes,37,Paypal,Fortnightly,0,1,1,26,1612,5863.788889478934,Premium,1,Promoter,46-55,0.48995598239295723,0,0.3237622645930443,0,0,Promo Reliant
787,70,Male,Hat,Accessories,21,Indiana,S,Teal,Winter,4.8,Yes,Express,1,Yes,16,Bank Transfer,Every 3 Months,0,1,1,4,84,237.98992090072215,Low,1,Promoter,56+,0.14597839135654261,0,0.28134392388464674,0,0,Bargain Hunters
788,53,Male,Handbag,Accessories,85,Michigan,S,Green,Spring,3.7,Yes,Free Shipping,1,Yes,25,Venmo,Weekly,0,1,1,52,4420,14400.786698054952,Premium,1,Neutral,46-55,0.5959183673469388,1,0.4978083536720075,1,1,Promo Reliant
789,50,Male,Pants,Clothing,51,Rhode Island,Xl,Yellow,Summer,3.8,Yes,Store Pickup,1,Yes,18,Bank Transfer,Quarterly,0,1,1,4,204,600.6655517499538,Mid,1,Neutral,46-55,0.1623049219687875,0,0.17026727136256226,0,0,Bargain Hunters
790,33,Male,Handbag,Accessories,84,Idaho,S,Purple,Fall,2.7,Yes,Standard,1,Yes,4,Credit Card,Bi-Weekly,0,1,1,26,2184,3515.012400756075,High,1,Detractor,26-35,0.22056822729091635,0,0.10997247400867172,0,0,Promo Reliant
791,22,Male,Sweater,Clothing,37,Louisiana,M,Indigo,Summer,4.9,Yes,Store Pickup,1,Yes,12,Bank Transfer,Quarterly,0,1,1,4,148,379.61250490430746,Low,1,Promoter,18-25,0.11332533013205283,0,0.2968284357191616,0,0,Bargain Hunters
792,50,Male,Scarf,Accessories,44,North Carolina,S,Magenta,Summer,3.1,Yes,2-Day Shipping,1,Yes,35,Paypal,Fortnightly,0,1,1,26,1144,4099.54566559379,High,1,Neutral,46-55,0.47362945178071225,0,0.17235445336122346,0,0,Promo Reliant
793,34,Male,Sneakers,Footwear,45,New Jersey,M,Violet,Spring,4.2,Yes,Next Day Air,1,Yes,45,Venmo,Weekly,0,1,1,52,2340,8959.020867784482,Premium,1,Promoter,26-35,0.7591836734693878,1,0.4239180029935051,0,0,Promo Reliant
794,24,Male,Pants,Clothing,35,Alabama,L,Maroon,Summer,3.8,Yes,Free Shipping,1,Yes,16,Credit Card,Monthly,0,1,1,12,420,1189.9496045036108,Mid,1,Neutral,18-25,0.20872348939575833,0,0.18476614009990275,0,0,Bargain Hunters
795,69,Male,Backpack,Accessories,50,Kentucky,Xl,Yellow,Winter,4.2,Yes,Store Pickup,1,Yes,10,Debit Card,Fortnightly,0,1,1,26,1300,3117.2638546378816,High,1,Promoter,56+,0.2695478191276511,0,0.2801861851490163,0,0,Promo Reliant
796,39,Male,Sandals,Footwear,26,New York,M,Beige,Summer,4.6,Yes,Store Pickup,1,Yes,34,Venmo,Annually,0,1,1,1,26,92.43904959872475,Low,1,Promoter,36-45,0.2693877551020408,0,0.2537627596434766,0,0,At-Risk Loyalists
797,42,Male,Socks,Clothing,78,Arizona,Xl,Black,Fall,4.0,Yes,2-Day Shipping,1,Yes,43,Credit Card,Annually,0,1,1,1,78,295.16679144562437,Low,1,Promoter,36-45,0.34285714285714286,0,0.18675071562959325,0,0,At-Risk Loyalists
798,42,Male,Coat,Outerwear,82,Maryland,M,Violet,Fall,4.0,Yes,2-Day Shipping,1,Yes,38,Debit Card,Weekly,0,1,1,52,4264,15621.426859096811,Premium,1,Promoter,36-45,0.7020408163265306,1,0.5638412408471682,1,1,Promo Reliant
799,29,Male,Socks,Clothing,39,Alaska,M,Violet,Spring,3.8,Yes,2-Day Shipping,1,Yes,48,Paypal,Every 3 Months,0,1,1,4,156,607.1239665052577,Mid,1,Neutral,26-35,0.40720288115246095,0,0.17042617555715378,0,0,At-Risk Loyalists
800,55,Male,Belt,Accessories,55,Nevada,L,Brown,Summer,3.8,Yes,Free Shipping,1,Yes,31,Paypal,Annually,1,1,1,1,55,190.61547465398496,Low,1,Neutral,46-55,0.2448979591836735,0,0.1601783130481988,0,0,At-Risk Loyalists
801,32,Male,Socks,Clothing,20,Utah,S,Gold,Summer,2.6,Yes,Free Shipping,1,Yes,20,Cash,Every 3 Months,0,1,1,4,80,243.56179501787383,Low,1,Detractor,26-35,0.1786314525810324,0,0.017481015446972413,0,0,Bargain Hunters
802,25,Male,Belt,Accessories,29,New Mexico,L,Blue,Fall,4.9,Yes,Express,1,Yes,12,Credit Card,Fortnightly,0,1,1,26,754,1933.9718155259986,High,1,Promoter,18-25,0.28587434973989595,0,0.33507221901867007,0,0,Promo Reliant
803,38,Male,Pants,Clothing,41,Delaware,M,Teal,Winter,3.5,Yes,Next Day Air,1,Yes,2,Bank Transfer,Weekly,0,1,1,52,2132,2342.24139944041,High,1,Neutral,36-45,0.40816326530612246,0,0.17711736970442635,0,0,Promo Reliant
804,32,Male,Shorts,Clothing,38,Connecticut,L,Silver,Winter,2.8,Yes,Express,1,Yes,30,Venmo,Every 3 Months,0,1,1,4,152,521.9660550817422,Mid,1,Detractor,26-35,0.2602641056422569,0,0.04833093239911135,0,0,At-Risk Loyalists
805,43,Male,Boots,Footwear,47,Mississippi,M,Maroon,Summer,2.6,Yes,Store Pickup,1,Yes,28,Venmo,Quarterly,0,1,1,4,188,633.0516160374572,Mid,1,Detractor,36-45,0.24393757503001198,0,0.02706410489781473,0,0,Bargain Hunters
806,41,Male,Dress,Clothing,30,Connecticut,L,White,Summer,3.7,Yes,Next Day Air,1,Yes,40,Debit Card,Monthly,0,1,1,12,360,1336.885944013551,Mid,1,Neutral,36-45,0.40464185674269715,0,0.1763813926921709,0,0,At-Risk Loyalists
807,56,Male,Jeans,Clothing,56,Florida,L,Charcoal,Summer,2.7,Yes,Standard,1,Yes,46,Paypal,Quarterly,0,1,1,4,224,862.4330627830531,Mid,1,Detractor,56+,0.3908763505402161,0,0.044707854243490566,0,0,At-Risk Loyalists
808,27,Male,T-Shirt,Clothing,89,New York,S,Brown,Winter,3.3,Yes,Express,1,Yes,15,Credit Card,Weekly,0,1,1,52,4628,12831.540606525707,Premium,1,Neutral,26-35,0.5142857142857143,0,0.4111982928849418,0,0,Promo Reliant
809,46,Male,Shoes,Footwear,96,Wisconsin,L,Lavender,Fall,4.6,Yes,Next Day Air,1,Yes,38,Cash,Every 3 Months,0,1,1,4,384,1406.807672113784,Mid,1,Promoter,46-55,0.3255702280912365,0,0.2861017615921538,0,0,At-Risk Loyalists
810,48,Male,Boots,Footwear,81,South Carolina,M,Violet,Fall,4.9,Yes,Next Day Air,1,Yes,30,Paypal,Bi-Weekly,0,1,1,26,2106,7231.977052645718,Premium,1,Promoter,46-55,0.4328131252501001,0,0.46542545383606104,1,0,Promo Reliant
811,52,Male,Scarf,Accessories,83,South Dakota,S,Lavender,Fall,4.9,Yes,Store Pickup,1,Yes,32,Debit Card,Bi-Weekly,0,1,1,26,2158,7545.463317644664,Premium,1,Promoter,46-55,0.44913965586234494,0,0.47313853581399623,1,0,Promo Reliant
812,18,Male,Sneakers,Footwear,35,Illinois,M,Green,Winter,2.7,Yes,Free Shipping,1,Yes,36,Venmo,Quarterly,0,1,1,4,140,505.5285077701914,Low,1,Detractor,18-25,0.3092436974789916,0,0.03592649952888467,0,0,At-Risk Loyalists
813,64,Male,Boots,Footwear,56,Alaska,M,Olive,Summer,3.2,Yes,Standard,1,Yes,32,Credit Card,Weekly,0,1,1,52,2912,10181.830018990391,Premium,1,Neutral,56+,0.653061224489796,1,0.334004256458716,0,0,Promo Reliant
814,54,Male,Handbag,Accessories,45,Montana,S,Olive,Summer,2.9,Yes,Store Pickup,1,Yes,14,Debit Card,Annually,0,1,1,1,45,121.86225904959946,Low,1,Detractor,46-55,0.10612244897959185,0,0.050486694475356204,0,0,Bargain Hunters
815,31,Male,Shirt,Clothing,62,Minnesota,M,Pink,Winter,3.8,Yes,Express,1,Yes,8,Paypal,Monthly,0,1,1,12,744,1634.7350855381474,High,1,Neutral,26-35,0.14341736694677873,0,0.19570973559626767,0,0,Promo Reliant
816,30,Male,Hat,Accessories,84,West Virginia,L,Teal,Spring,3.0,Yes,Next Day Air,1,Yes,27,Venmo,Bi-Weekly,0,1,1,26,2184,7277.534650222645,Premium,1,Neutral,26-35,0.4083233293317327,0,0.23854636254582476,0,0,Promo Reliant
817,26,Male,Sweater,Clothing,24,Illinois,L,Cyan,Summer,3.9,Yes,Store Pickup,1,Yes,24,Debit Card,Monthly,0,1,1,12,288,927.0362375620417,Mid,1,Neutral,26-35,0.27402961184473795,0,0.1902973643392738,0,0,Bargain Hunters
818,25,Male,Handbag,Accessories,21,Nevada,S,Gray,Spring,4.7,Yes,Store Pickup,1,Yes,30,Paypal,Fortnightly,0,1,1,26,546,1874.9570136488899,High,1,Promoter,18-25,0.4328131252501001,0,0.3096202064247809,0,0,Promo Reliant
819,59,Male,Shirt,Clothing,91,Idaho,M,Peach,Winter,4.9,Yes,Store Pickup,1,Yes,34,Debit Card,Monthly,0,1,1,12,1092,3882.4400831464395,High,1,Promoter,56+,0.3556622649059624,0,0.38301274196187585,0,0,Promo Reliant
820,55,Male,Sunglasses,Accessories,36,Colorado,S,Teal,Winter,4.8,Yes,Next Day Air,1,Yes,28,Debit Card,Quarterly,0,1,1,4,144,484.8905995180523,Low,1,Promoter,46-55,0.24393757503001198,0,0.28741872009490405,0,0,Bargain Hunters
821,56,Male,Sneakers,Footwear,39,Louisiana,M,Turquoise,Spring,2.5,Yes,2-Day Shipping,1,Yes,27,Debit Card,Monthly,0,1,1,12,468,1559.4717107619954,High,1,Detractor,56+,0.29851940776310526,0,0.037857939698331074,0,0,Promo Reliant
822,62,Male,Hoodie,Clothing,39,Vermont,M,Green,Spring,3.9,Yes,Standard,1,Yes,31,Credit Card,Bi-Weekly,0,1,1,26,1014,3514.2562054389227,High,1,Neutral,56+,0.4409763905562225,0,0.25395386842009016,0,0,Promo Reliant
823,35,Male,Shirt,Clothing,59,Mississippi,L,Magenta,Winter,3.4,Yes,Standard,1,Yes,23,Bank Transfer,Annually,0,1,1,1,59,187.5051759905288,Low,1,Neutral,26-35,0.1795918367346939,0,0.11210178660590898,0,0,Bargain Hunters
824,51,Male,Sunglasses,Accessories,27,Georgia,M,Green,Winter,2.5,Yes,Free Shipping,1,Yes,11,Credit Card,Quarterly,0,1,1,4,108,268.369918177104,Low,1,Detractor,46-55,0.10516206482593038,0,0.006091399725360162,0,0,Bargain Hunters
825,61,Male,Blouse,Clothing,94,Georgia,M,White,Spring,3.0,Yes,Store Pickup,1,Yes,48,Cash,Quarterly,0,1,1,4,376,1463.3244320895956,Mid,1,Neutral,56+,0.40720288115246095,0,0.09549231183786294,0,0,At-Risk Loyalists
826,27,Male,Belt,Accessories,94,Nebraska,Xl,Brown,Fall,3.6,Yes,Next Day Air,1,Yes,17,Cash,Monthly,0,1,1,12,1128,3260.3393429068738,High,1,Neutral,26-35,0.21688675470188074,0,0.21170644454556609,0,0,Promo Reliant
827,54,Male,Dress,Clothing,94,Massachusetts,M,Purple,Winter,3.6,Yes,Standard,1,Yes,36,Paypal,Weekly,0,1,1,52,4888,17650.16675700497,Premium,1,Neutral,46-55,0.6857142857142857,1,0.5657567838599575,1,1,Promo Reliant
828,31,Male,Shoes,Footwear,51,Colorado,S,Green,Fall,4.1,Yes,Free Shipping,1,Yes,33,Bank Transfer,Fortnightly,0,1,1,26,1326,4675.95405564103,Premium,1,Promoter,26-35,0.4573029211684674,0,0.30653652658608693,0,0,Promo Reliant
829,24,Male,Socks,Clothing,62,Nevada,M,Peach,Fall,3.7,Yes,2-Day Shipping,1,Yes,27,Paypal,Bi-Weekly,0,1,1,26,1612,5371.513670402429,Premium,1,Neutral,18-25,0.4083233293317327,0,0.2756502215966602,0,0,Promo Reliant
830,42,Male,Socks,Clothing,57,Idaho,S,Silver,Spring,3.8,Yes,2-Day Shipping,1,Yes,14,Credit Card,Fortnightly,1,1,1,26,1482,4013.3303980334754,High,1,Neutral,36-45,0.3022008803521409,0,0.2542331947904705,0,0,Promo Reliant
831,41,Male,Shorts,Clothing,76,Wyoming,M,Maroon,Fall,4.2,Yes,Express,1,Yes,5,Credit Card,Annually,0,1,1,1,76,136.17371966133217,Low,1,Promoter,36-45,0.03265306122448979,0,0.20683881666138776,0,0,Bargain Hunters
832,66,Male,Gloves,Accessories,63,Washington,M,Red,Summer,4.3,Yes,Express,1,Yes,47,Cash,Every 3 Months,0,1,1,4,252,975.5426547487886,Mid,1,Promoter,56+,0.3990396158463386,0,0.239490826426739,0,0,At-Risk Loyalists
833,58,Male,Jacket,Outerwear,80,California,L,Blue,Fall,2.5,Yes,Express,1,Yes,28,Cash,Bi-Weekly,0,1,1,26,2080,7003.975326371866,Premium,1,Detractor,56+,0.4164865946378551,0,0.17181565142297323,0,0,Promo Reliant
834,43,Male,Handbag,Accessories,68,Oklahoma,M,Purple,Fall,3.5,Yes,Standard,1,Yes,11,Credit Card,Annually,0,1,1,1,68,168.97365218558403,Low,1,Neutral,36-45,0.0816326530612245,0,0.12364583309775742,0,0,Bargain Hunters
835,52,Male,Backpack,Accessories,89,Nevada,M,Indigo,Summer,3.1,Yes,Free Shipping,1,Yes,18,Credit Card,Weekly,0,1,1,52,4628,13626.863595582285,Premium,1,Neutral,46-55,0.5387755102040817,0,0.40676658693300954,0,0,Promo Reliant
836,35,Male,Boots,Footwear,26,Maryland,L,Indigo,Summer,2.5,Yes,Next Day Air,1,Yes,21,Debit Card,Weekly,0,1,1,52,1352,4179.089396940443,High,1,Detractor,26-35,0.5632653061224491,1,0.10231156405221228,0,0,Promo Reliant
837,23,Male,Gloves,Accessories,90,West Virginia,L,Violet,Winter,3.9,Yes,Store Pickup,1,Yes,22,Cash,Bi-Weekly,0,1,1,26,2340,7337.0564652742105,Premium,1,Neutral,18-25,0.3675070028011205,0,0.3480108497984633,0,0,Promo Reliant
838,25,Male,Hoodie,Clothing,28,Illinois,L,Brown,Spring,4.9,Yes,Express,1,Yes,33,Cash,Every 3 Months,0,1,1,4,112,394.9523787570101,Low,1,Promoter,18-25,0.2847539015606242,0,0.29720586120080905,0,0,At-Risk Loyalists
839,33,Male,Coat,Outerwear,29,Kentucky,M,Gray,Spring,4.3,Yes,Express,1,Yes,49,Credit Card,Annually,0,1,1,1,29,113.44866715741624,Low,1,Promoter,26-35,0.3918367346938776,0,0.2182796846913916,0,0,At-Risk Loyalists
840,48,Male,Shirt,Clothing,31,Illinois,L,Teal,Spring,2.6,Yes,Free Shipping,1,Yes,10,Debit Card,Every 3 Months,0,1,1,4,124,297.339013826998,Low,1,Detractor,46-55,0.09699879951980793,0,0.018804161445798002,0,0,Bargain Hunters
841,42,Male,Shirt,Clothing,24,Alabama,L,Teal,Summer,4.2,Yes,2-Day Shipping,1,Yes,18,Paypal,Weekly,0,1,1,52,1248,3674.6598459997176,High,1,Promoter,36-45,0.5387755102040817,0,0.2939004733190602,0,0,Promo Reliant
842,55,Male,Sweater,Clothing,88,Texas,M,Beige,Summer,2.6,Yes,Store Pickup,1,Yes,28,Paypal,Fortnightly,0,1,1,26,2288,7704.372859009053,Premium,1,Detractor,46-55,0.4164865946378551,0,0.2010483795821873,0,0,Promo Reliant
843,59,Male,Shirt,Clothing,87,Missouri,M,Violet,Spring,3.6,Yes,Express,1,Yes,25,Paypal,Weekly,0,1,1,52,4524,14739.628738009185,Premium,1,Neutral,56+,0.5959183673469388,1,0.49414529446827044,1,1,Promo Reliant
844,65,Male,Hoodie,Clothing,80,Pennsylvania,S,Beige,Summer,3.2,Yes,Express,1,Yes,6,Paypal,Weekly,0,1,1,52,4160,8094.986220070103,Premium,1,Neutral,56+,0.44081632653061226,0,0.28265911284844636,0,0,Promo Reliant
845,59,Male,Sandals,Footwear,48,Missouri,L,Purple,Winter,4.4,Yes,Express,1,Yes,44,Venmo,Bi-Weekly,0,1,1,26,1248,4750.714787233359,Premium,1,Promoter,56+,0.5470988395358143,1,0.34437595534544263,0,0,Promo Reliant
846,31,Male,Belt,Accessories,21,Michigan,Xl,Charcoal,Winter,3.7,Yes,Standard,1,Yes,30,Venmo,Monthly,0,1,1,12,252,865.3647755302569,Mid,1,Neutral,26-35,0.3230092036814726,0,0.1647799867203473,0,0,At-Risk Loyalists
847,49,Male,Boots,Footwear,72,Kentucky,M,Pink,Spring,3.7,Yes,Express,1,Yes,42,Debit Card,Quarterly,0,1,1,4,288,1083.225633319746,Mid,1,Neutral,46-55,0.35822328931572633,0,0.1701402810730178,0,0,At-Risk Loyalists
848,53,Male,Hoodie,Clothing,44,New Jersey,L,Blue,Fall,4.1,Yes,Standard,1,Yes,30,Paypal,Monthly,0,1,1,12,528,1813.1452439681573,High,1,Promoter,46-55,0.3230092036814726,0,0.23609937664695838,0,0,Promo Reliant
849,48,Male,Sandals,Footwear,73,Delaware,M,Lavender,Fall,3.6,Yes,Store Pickup,1,Yes,33,Credit Card,Bi-Weekly,0,1,1,26,1898,6693.032275721474,Premium,1,Neutral,46-55,0.4573029211684674,0,0.2961651432256084,0,0,Promo Reliant
850,23,Male,Jeans,Clothing,61,Missouri,S,Charcoal,Spring,4.3,Yes,Express,1,Yes,24,Paypal,Quarterly,0,1,1,4,244,785.405701267841,Mid,1,Promoter,18-25,0.21128451380552224,0,0.23481265684492866,0,0,Bargain Hunters
851,68,Male,Shoes,Footwear,20,Connecticut,L,Turquoise,Winter,2.6,Yes,Store Pickup,1,Yes,13,Venmo,Monthly,0,1,1,12,240,633.3737591076621,Mid,1,Detractor,56+,0.184233693477391,0,0.027072030973648138,0,0,Bargain Hunters
852,35,Male,Sandals,Footwear,86,Massachusetts,M,Red,Summer,2.9,Yes,Express,1,Yes,19,Debit Card,Monthly,0,1,1,12,1032,3091.5957063077185,High,1,Detractor,26-35,0.23321328531412566,0,0.12355464063049323,0,0,Promo Reliant
853,34,Male,Dress,Clothing,60,Florida,L,Yellow,Spring,4.2,Yes,Next Day Air,1,Yes,23,Debit Card,Every 3 Months,0,1,1,4,240,762.7329192835069,Mid,1,Promoter,26-35,0.20312124849939978,0,0.2222548109497868,0,0,Bargain Hunters
854,62,Male,Hat,Accessories,43,Delaware,L,Orange,Winter,4.0,Yes,Free Shipping,1,Yes,35,Cash,Monthly,0,1,1,12,516,1849.0957722433527,High,1,Promoter,56+,0.36382553021208486,0,0.22498391100363138,0,0,Promo Reliant
855,21,Male,Pants,Clothing,44,California,L,Blue,Spring,4.3,Yes,Free Shipping,1,Yes,22,Venmo,Monthly,0,1,1,12,528,1655.5409460105911,High,1,Promoter,18-25,0.257703081232493,0,0.25622164736199043,0,0,Promo Reliant
856,70,Male,Socks,Clothing,76,Oregon,L,Gold,Spring,3.0,Yes,2-Day Shipping,1,Yes,14,Credit Card,Quarterly,0,1,1,4,304,823.2472611350719,Mid,1,Neutral,56+,0.12965186074429774,0,0.07974371854050208,0,0,Bargain Hunters
857,55,Male,Shirt,Clothing,33,Alaska,M,Gold,Summer,3.5,Yes,Express,1,Yes,47,Debit Card,Fortnightly,0,1,1,26,858,3321.490467358971,High,1,Neutral,46-55,0.5715886354541817,1,0.20121101966927535,0,0,Promo Reliant
858,43,Male,Shorts,Clothing,60,Missouri,L,Cyan,Fall,3.0,Yes,Standard,1,Yes,50,Debit Card,Every 3 Months,0,1,1,4,240,943.6381518538382,Mid,1,Neutral,36-45,0.42352941176470593,0,0.08270584132924245,0,0,At-Risk Loyalists
859,19,Male,Jacket,Outerwear,26,Oklahoma,L,Olive,Fall,3.1,Yes,Free Shipping,1,Yes,33,Paypal,Weekly,0,1,1,52,1352,4767.63942928105,Premium,1,Neutral,18-25,0.6612244897959183,1,0.1887923727969743,0,0,Promo Reliant
860,47,Male,Hoodie,Clothing,73,Wisconsin,M,Teal,Winter,4.0,Yes,Next Day Air,1,Yes,7,Debit Card,Monthly,0,1,1,12,876,1821.5907905115362,High,1,Promoter,46-55,0.13525410164065627,0,0.22430717264987982,0,0,Promo Reliant
861,26,Male,Shoes,Footwear,87,South Carolina,M,Maroon,Spring,4.1,Yes,Standard,1,Yes,3,Cash,Monthly,0,1,1,12,1044,1447.2913130091658,Mid,1,Promoter,26-35,0.10260104041616648,0,0.22709782960487013,0,0,Bargain Hunters
862,46,Male,Skirt,Clothing,100,Virginia,Xl,Green,Spring,3.8,Yes,2-Day Shipping,1,Yes,35,Credit Card,Every 3 Months,1,1,1,4,400,1433.407575382444,Mid,1,Neutral,46-55,0.3010804321728692,0,0.19075623120509524,0,0,At-Risk Loyalists
863,19,Male,Coat,Outerwear,84,Arkansas,M,Charcoal,Winter,4.9,Yes,Standard,1,Yes,13,Paypal,Fortnightly,0,1,1,26,2184,5763.701207879724,Premium,1,Promoter,18-25,0.29403761504601844,0,0.42929968623045234,1,0,Promo Reliant
864,49,Male,Sneakers,Footwear,41,Vermont,M,Cyan,Summer,3.9,Yes,Standard,1,Yes,42,Paypal,Fortnightly,0,1,1,26,1066,4009.4393233293376,High,1,Neutral,46-55,0.5307723089235694,0,0.2661374579703091,0,0,Promo Reliant
865,51,Male,Jeans,Clothing,59,Kentucky,S,Charcoal,Winter,3.9,Yes,Next Day Air,1,Yes,5,Paypal,Annually,0,1,1,1,59,105.71380868445524,Low,1,Neutral,46-55,0.03265306122448979,0,0.17008937460718462,0,0,Bargain Hunters
866,64,Male,Blouse,Clothing,26,Colorado,L,Charcoal,Winter,4.8,Yes,Store Pickup,1,Yes,23,Venmo,Annually,0,1,1,1,26,82.62939958904659,Low,1,Promoter,56+,0.1795918367346939,0,0.2775214009520528,0,0,Bargain Hunters
867,67,Male,Sunglasses,Accessories,69,New Mexico,M,Lavender,Summer,2.7,Yes,Free Shipping,1,Yes,11,Paypal,Bi-Weekly,0,1,1,26,1794,4457.922529719673,High,1,Detractor,56+,0.2777110844337735,0,0.13317203307881517,0,0,Promo Reliant
868,37,Male,Jacket,Outerwear,20,Colorado,M,Turquoise,Spring,3.1,Yes,Free Shipping,1,Yes,23,Bank Transfer,Fortnightly,0,1,1,26,520,1652.5879917809318,High,1,Neutral,36-45,0.3756702681072429,0,0.11214899225523313,0,0,Promo Reliant
869,40,Male,Dress,Clothing,83,North Carolina,M,Green,Summer,3.2,Yes,Next Day Air,1,Yes,2,Credit Card,Every 3 Months,0,1,1,4,332,364.73927983781243,Low,1,Neutral,36-45,0.03169267707082833,0,0.09246249176236802,0,0,Bargain Hunters
870,38,Male,Hat,Accessories,54,New Hampshire,M,Silver,Spring,2.7,Yes,2-Day Shipping,1,Yes,33,Paypal,Weekly,0,1,1,52,2808,9902.020353122181,Premium,1,Detractor,36-45,0.6612244897959183,1,0.2671197606066652,0,0,Promo Reliant
871,66,Male,Hoodie,Clothing,66,West Virginia,M,Blue,Fall,2.5,Yes,Standard,1,Yes,6,Bank Transfer,Bi-Weekly,0,1,1,26,1716,3339.1818157789176,High,1,Detractor,56+,0.23689475790316128,0,0.08164630132559839,0,0,Promo Reliant
872,47,Male,Handbag,Accessories,42,Hawaii,M,Charcoal,Spring,2.6,Yes,Next Day Air,1,Yes,45,Debit Card,Quarterly,0,1,1,4,168,643.211754610168,Mid,1,Detractor,46-55,0.38271308523409364,0,0.02731408708353749,0,0,At-Risk Loyalists
873,56,Male,Jeans,Clothing,33,North Dakota,M,Pink,Spring,2.9,Yes,Standard,1,Yes,25,Cash,Quarterly,0,1,1,4,132,430.0687430188356,Low,1,Detractor,56+,0.21944777911164468,0,0.058069871610704975,0,0,Bargain Hunters
874,51,Male,Boots,Footwear,77,Mississippi,M,Pink,Summer,4.2,Yes,Free Shipping,1,Yes,24,Venmo,Quarterly,0,1,1,4,308,991.4137540594057,Mid,1,Promoter,46-55,0.21128451380552224,0,0.2278813222912489,0,0,Bargain Hunters
875,25,Male,Jacket,Outerwear,65,Maine,M,Magenta,Fall,4.4,Yes,Free Shipping,1,Yes,10,Venmo,Every 3 Months,0,1,1,4,260,623.4527709275764,Mid,1,Promoter,18-25,0.09699879951980793,0,0.24282793289446952,0,0,Bargain Hunters
876,37,Male,Sandals,Footwear,39,North Dakota,L,Gray,Summer,4.1,Yes,Free Shipping,1,Yes,7,Bank Transfer,Every 3 Months,0,1,1,4,156,324.39288050205437,Low,1,Promoter,36-45,0.07250900360144058,0,0.19946980046984114,0,0,Bargain Hunters
877,41,Male,Belt,Accessories,51,Nebraska,L,Gray,Summer,3.8,Yes,2-Day Shipping,1,Yes,1,Debit Card,Weekly,0,1,1,52,2652,1838.226322844975,High,1,Neutral,36-45,0.4,0,0.20071647678521357,0,0,Promo Reliant
878,64,Male,Handbag,Accessories,65,Nebraska,M,Orange,Winter,4.9,Yes,Next Day Air,1,Yes,45,Venmo,Every 3 Months,0,1,1,4,260,995.4467630871648,Mid,1,Promoter,56+,0.38271308523409364,0,0.311980551293352,0,0,At-Risk Loyalists
879,23,Male,Sunglasses,Accessories,89,Tennessee,S,Black,Summer,4.9,Yes,Express,1,Yes,37,Debit Card,Weekly,0,1,1,52,4628,16834.748747213715,Premium,1,Promoter,18-25,0.6938775510204083,1,0.7016940676965369,1,1,Promo Reliant
880,62,Male,Skirt,Clothing,76,Wyoming,S,Lavender,Spring,4.1,Yes,Free Shipping,1,Yes,14,Paypal,Quarterly,0,1,1,4,304,823.2472611350719,Mid,1,Promoter,56+,0.12965186074429774,0,0.21174371854050206,0,0,Bargain Hunters
881,39,Male,Backpack,Accessories,75,Nevada,L,Red,Spring,3.1,Yes,Express,1,Yes,25,Debit Card,Monthly,0,1,1,12,900,2932.286884219334,High,1,Neutral,36-45,0.2821928771508604,0,0.14363497287541588,0,0,Promo Reliant
882,52,Male,Sandals,Footwear,61,South Carolina,M,Silver,Summer,2.7,Yes,Next Day Air,1,Yes,18,Venmo,Annually,0,1,1,1,61,179.61077772915286,Low,1,Detractor,46-55,0.13877551020408163,0,0.02790755117120291,0,0,Bargain Hunters
883,50,Male,Boots,Footwear,35,Virginia,M,Cyan,Fall,3.8,Yes,Next Day Air,1,Yes,37,Cash,Every 3 Months,0,1,1,4,140,509.262062361694,Low,1,Neutral,46-55,0.31740696278511404,0,0.16801836069107445,0,0,At-Risk Loyalists
884,28,Male,Sneakers,Footwear,37,Pennsylvania,S,Gold,Fall,4.3,Yes,Free Shipping,1,Yes,30,Bank Transfer,Monthly,0,1,1,12,444,1524.690318791405,Mid,1,Promoter,26-35,0.3230092036814726,0,0.25300217101712025,0,0,At-Risk Loyalists
885,67,Male,Skirt,Clothing,91,Hawaii,L,Yellow,Winter,4.1,Yes,Express,1,Yes,34,Bank Transfer,Weekly,0,1,1,52,4732,16823.907026967903,Premium,1,Promoter,56+,0.6693877551020408,1,0.6054273157320191,1,1,Promo Reliant
886,41,Male,Dress,Clothing,99,Ohio,L,Purple,Fall,4.4,Yes,Free Shipping,1,Yes,49,Debit Card,Every 3 Months,0,1,1,4,396,1549.1611101495457,Mid,1,Promoter,36-45,0.4153661464585835,0,0.2656042555129463,0,0,At-Risk Loyalists
887,19,Male,Shorts,Clothing,54,Utah,S,Brown,Summer,3.6,Yes,Express,1,Yes,48,Bank Transfer,Monthly,0,1,1,12,648,2521.899553175686,High,1,Neutral,18-25,0.4699479791916767,0,0.1935377166940124,0,0,Promo Reliant
888,70,Male,Handbag,Accessories,47,Minnesota,L,Turquoise,Winter,3.3,Yes,2-Day Shipping,1,Yes,33,Paypal,Fortnightly,0,1,1,26,1222,4309.21256108095,High,1,Neutral,56+,0.4573029211684674,0,0.20151314174253762,0,0,Promo Reliant
889,49,Male,Scarf,Accessories,77,New Hampshire,S,Gold,Spring,3.8,Yes,Express,1,Yes,44,Cash,Annually,1,1,1,1,77,293.11301171231463,Low,1,Neutral,46-55,0.3510204081632653,0,0.16270018400120534,0,0,At-Risk Loyalists
890,59,Male,Belt,Accessories,84,Arizona,S,Olive,Fall,2.8,Yes,Free Shipping,1,Yes,50,Venmo,Weekly,0,1,1,52,4368,17174.214363739855,Premium,1,Detractor,56+,0.8,1,0.4580463511018887,1,1,Promo Reliant
891,52,Male,Gloves,Accessories,51,New York,S,Purple,Spring,4.3,Yes,2-Day Shipping,1,Yes,47,Credit Card,Monthly,0,1,1,12,612,2369.1750186756294,High,1,Promoter,46-55,0.4617847138855543,0,0.2737800501351764,0,0,Promo Reliant
892,20,Male,Skirt,Clothing,26,Pennsylvania,S,Lavender,Summer,3.9,Yes,Store Pickup,1,Yes,24,Paypal,Every 3 Months,0,1,1,4,104,334.76308578629283,Low,1,Neutral,18-25,0.21128451380552224,0,0.17572495118110315,0,0,Bargain Hunters
893,31,Male,Shorts,Clothing,64,New Mexico,L,Gray,Summer,2.7,Yes,Free Shipping,1,Yes,43,Debit Card,Monthly,0,1,1,12,768,2906.2576388492243,High,1,Detractor,26-35,0.42913165266106446,0,0.09499454384939741,0,0,Promo Reliant
894,33,Male,Backpack,Accessories,51,Nebraska,M,Red,Spring,4.7,Yes,Express,1,Yes,14,Venmo,Monthly,0,1,1,12,612,1657.3267230745525,High,1,Promoter,26-35,0.19239695878351343,0,0.30426558499635126,0,0,Promo Reliant
895,44,Male,Hoodie,Clothing,60,Wyoming,L,Purple,Spring,3.8,Yes,Free Shipping,1,Yes,3,Debit Card,Quarterly,0,1,1,4,240,332.71064666877373,Low,1,Neutral,36-45,0.03985594237695078,0,0.16367445253750804,0,0,Bargain Hunters
896,40,Male,Hat,Accessories,69,Mississippi,Xl,Olive,Spring,4.7,Yes,Next Day Air,1,Yes,33,Debit Card,Quarterly,0,1,1,4,276,973.2755047940606,Mid,1,Promoter,36-45,0.2847539015606242,0,0.2874350449925599,0,0,At-Risk Loyalists
897,69,Male,Jewelry,Accessories,29,Arkansas,M,Lavender,Spring,4.7,Yes,Express,1,Yes,38,Cash,Fortnightly,0,1,1,26,754,2762.3254811817533,High,1,Promoter,56+,0.49811924769907967,0,0.3314532067788434,0,0,Promo Reliant
898,29,Male,Shirt,Clothing,91,Illinois,M,Gray,Spring,3.4,Yes,Express,1,Yes,46,Venmo,Weekly,0,1,1,52,4732,18218.898451291996,Premium,1,Neutral,26-35,0.7673469387755103,1,0.5557499780482278,1,1,Promo Reliant
899,54,Male,Belt,Accessories,70,Nevada,L,Red,Spring,3.5,Yes,2-Day Shipping,1,Yes,19,Bank Transfer,Every 3 Months,0,1,1,4,280,838.8050365951175,Mid,1,Neutral,46-55,0.17046818727490998,0,0.14012650531911275,0,0,Bargain Hunters
900,65,Male,Sweater,Clothing,58,Rhode Island,M,Peach,Summer,4.0,Yes,Standard,1,Yes,20,Paypal,Annually,0,1,1,1,58,176.58230138795852,Low,1,Promoter,56+,0.15510204081632653,0,0.183833037902534,0,0,Bargain Hunters
901,54,Male,Hat,Accessories,98,West Virginia,L,Gray,Fall,3.3,Yes,Free Shipping,1,Yes,42,Bank Transfer,Quarterly,0,1,1,4,392,1474.3904453518765,Mid,1,Neutral,46-55,0.35822328931572633,0,0.1317645823549179,0,0,At-Risk Loyalists
902,60,Male,Scarf,Accessories,68,Missouri,L,Violet,Summer,4.7,Yes,2-Day Shipping,1,Yes,34,Cash,Monthly,0,1,1,12,816,2901.1640181753614,High,1,Promoter,56+,0.3556622649059624,0,0.33486921933534847,0,0,Promo Reliant
903,43,Male,Hat,Accessories,44,Kentucky,M,Beige,Summer,2.8,Yes,Next Day Air,1,Yes,5,Cash,Monthly,0,1,1,12,528,946.048999752413,Mid,1,Detractor,36-45,0.11892757102841137,0,0.058765158337846,0,0,Bargain Hunters
904,44,Male,Jacket,Outerwear,45,Washington,M,Blue,Winter,3.3,Yes,Express,1,Yes,3,Paypal,Quarterly,0,1,1,4,180,249.5329850015803,Low,1,Neutral,36-45,0.03985594237695078,0,0.10162793186083922,0,0,Bargain Hunters
905,69,Male,T-Shirt,Clothing,99,Alaska,L,Magenta,Spring,2.9,Yes,Free Shipping,1,Yes,46,Paypal,Every 3 Months,0,1,1,4,396,1524.6584502771832,Mid,1,Detractor,56+,0.3908763505402161,0,0.0850013869174956,0,0,At-Risk Loyalists
906,46,Male,Dress,Clothing,68,Mississippi,S,Cyan,Spring,2.8,Yes,Standard,1,Yes,16,Venmo,Annually,0,1,1,1,68,192.6585073958227,Low,1,Detractor,46-55,0.12244897959183675,0,0.04022858025534887,0,0,Bargain Hunters
907,41,Male,Pants,Clothing,56,South Carolina,M,Red,Spring,4.2,Yes,Standard,1,Yes,21,Debit Card,Bi-Weekly,0,1,1,26,1456,4500.557812089708,High,1,Promoter,36-45,0.35934373749499804,0,0.3142210405307799,0,0,Promo Reliant
908,32,Male,Sweater,Clothing,43,Missouri,L,Cyan,Winter,4.4,Yes,Express,1,Yes,34,Credit Card,Bi-Weekly,0,1,1,26,1118,3974.8791327451645,High,1,Promoter,26-35,0.4654661864745898,0,0.32528713177451973,0,0,Promo Reliant
909,26,Male,Sunglasses,Accessories,99,New Jersey,M,Turquoise,Winter,3.6,Yes,Free Shipping,1,Yes,9,Paypal,Every 3 Months,0,1,1,4,396,911.8236968256422,Mid,1,Neutral,26-35,0.08883553421368547,0,0.1539230717883931,0,0,Bargain Hunters
910,61,Male,Belt,Accessories,56,Louisiana,L,Silver,Fall,2.7,Yes,Express,1,Yes,36,Paypal,Weekly,0,1,1,52,2912,10514.99296161998,Premium,1,Detractor,56+,0.6857142857142857,1,0.28220146755031134,0,0,Promo Reliant
911,49,Male,Hoodie,Clothing,25,South Carolina,S,Pink,Spring,3.4,Yes,Express,1,Yes,22,Credit Card,Monthly,0,1,1,12,300,940.6482647787449,Mid,1,Neutral,46-55,0.257703081232493,0,0.13063227751899054,0,0,Bargain Hunters
912,53,Male,Pants,Clothing,74,Vermont,M,Black,Winter,2.8,Yes,2-Day Shipping,1,Yes,2,Bank Transfer,Quarterly,0,1,1,4,296,325.1892374457605,Low,1,Detractor,46-55,0.03169267707082833,0,0.043489394203526814,0,0,Bargain Hunters
913,24,Male,Hoodie,Clothing,56,Arkansas,M,Green,Winter,3.4,Yes,Next Day Air,1,Yes,32,Bank Transfer,Monthly,0,1,1,12,672,2349.6530813054746,High,1,Neutral,18-25,0.33933573429371755,0,0.1652997282834212,0,0,Promo Reliant
914,37,Male,Sneakers,Footwear,47,Utah,M,Yellow,Fall,2.6,Yes,Next Day Air,1,Yes,29,Cash,Every 3 Months,0,1,1,4,188,639.4251077524852,Mid,1,Detractor,36-45,0.25210084033613445,0,0.027220919628067324,0,0,Bargain Hunters
915,43,Male,Dress,Clothing,67,Washington,L,Purple,Summer,4.1,Yes,Standard,1,Yes,27,Venmo,Every 3 Months,0,1,1,4,268,893.0308087269547,Mid,1,Promoter,36-45,0.23577430972388957,0,0.21346068761820358,0,0,Bargain Hunters
916,31,Male,Dress,Clothing,22,Rhode Island,L,Purple,Winter,2.9,Yes,Store Pickup,1,Yes,33,Credit Card,Fortnightly,0,1,1,26,572,2017.0782200804445,High,1,Detractor,26-35,0.4573029211684674,0,0.09711698647035419,0,0,Promo Reliant
917,49,Male,Jeans,Clothing,34,Illinois,S,Blue,Spring,2.7,Yes,Standard,1,Yes,16,Venmo,Monthly,0,1,1,12,408,1155.9510443749361,Mid,1,Detractor,46-55,0.20872348939575833,0,0.05192963237792936,0,0,Bargain Hunters
918,69,Male,Sweater,Clothing,64,Missouri,M,Maroon,Spring,3.7,Yes,Standard,1,Yes,11,Bank Transfer,Quarterly,0,1,1,4,256,636.1361023457281,Mid,1,Neutral,56+,0.10516206482593038,0,0.15913999624749028,0,0,Bargain Hunters
919,65,Male,Shorts,Clothing,42,North Carolina,M,Orange,Spring,4.3,Yes,2-Day Shipping,1,Yes,11,Cash,Fortnightly,0,1,1,26,1092,2713.5180615684963,High,1,Promoter,56+,0.2777110844337735,0,0.28225233876438727,0,0,Promo Reliant
920,41,Male,Shirt,Clothing,82,Massachusetts,L,Green,Winter,2.6,Yes,2-Day Shipping,1,Yes,17,Debit Card,Bi-Weekly,0,1,1,26,2132,6162.272587834623,Premium,1,Detractor,36-45,0.3266906762705082,0,0.16310622026683583,0,0,Promo Reliant
921,37,Male,Belt,Accessories,81,Arkansas,Xl,Gold,Summer,4.3,Yes,Free Shipping,1,Yes,37,Cash,Weekly,0,1,1,52,4212,15321.512904767536,Premium,1,Promoter,36-45,0.6938775510204083,1,0.5924620948546758,1,1,Promo Reliant
922,70,Male,Coat,Outerwear,24,South Dakota,L,Silver,Summer,4.1,Yes,Express,1,Yes,18,Paypal,Weekly,0,1,1,52,1248,3674.6598459997176,High,1,Promoter,56+,0.5387755102040817,0,0.2819004733190602,0,0,Promo Reliant
923,63,Male,Sneakers,Footwear,60,Georgia,M,Cyan,Fall,4.2,Yes,Standard,1,Yes,13,Credit Card,Monthly,0,1,1,12,720,1900.121277322986,High,1,Promoter,56+,0.184233693477391,0,0.2502393532592788,0,0,Promo Reliant
924,55,Male,Shirt,Clothing,24,Arkansas,M,Silver,Spring,4.2,Yes,2-Day Shipping,1,Yes,7,Paypal,Weekly,0,1,1,52,1248,2595.143044016435,High,1,Promoter,46-55,0.44897959183673475,0,0.2673398149428998,0,0,Promo Reliant
925,52,Male,Socks,Clothing,78,Kansas,Xl,Beige,Winter,3.1,Yes,Standard,1,Yes,37,Cash,Quarterly,0,1,1,4,312,1134.9268818346322,Mid,1,Neutral,46-55,0.31740696278511404,0,0.09941234946222857,0,0,At-Risk Loyalists
926,22,Male,Jeans,Clothing,88,Arizona,L,Teal,Winter,4.9,Yes,Express,1,Yes,8,Cash,Monthly,0,1,1,12,1056,2320.2691536670477,High,1,Promoter,18-25,0.14341736694677873,0,0.34457675994951464,0,0,Promo Reliant
927,54,Male,Jeans,Clothing,63,Massachusetts,Xl,Green,Spring,4.4,Yes,Express,1,Yes,11,Cash,Bi-Weekly,0,1,1,26,1638,4070.2770923527446,High,1,Promoter,46-55,0.2777110844337735,0,0.32763432323116454,0,0,Promo Reliant
928,28,Male,Sneakers,Footwear,78,New Mexico,L,Black,Summer,4.4,Yes,Standard,1,Yes,8,Venmo,Bi-Weekly,0,1,1,26,2028,4455.971442837853,High,1,Promoter,26-35,0.25322128851540615,0,0.33712402812693765,0,0,Promo Reliant
929,67,Male,Dress,Clothing,37,Arkansas,Xl,Yellow,Winter,3.4,Yes,Store Pickup,1,Yes,31,Cash,Every 3 Months,0,1,1,4,148,512.9289136143595,Low,1,Neutral,56+,0.2684273709483794,0,0.12010858067029048,0,0,At-Risk Loyalists
930,59,Male,Boots,Footwear,94,Nebraska,M,White,Fall,4.5,Yes,2-Day Shipping,1,Yes,26,Debit Card,Fortnightly,0,1,1,26,2444,8055.0253005145805,Premium,1,Promoter,56+,0.4001600640256102,0,0.43767590598148376,1,0,Promo Reliant
931,26,Male,T-Shirt,Clothing,78,Hawaii,L,Green,Fall,4.5,Yes,Store Pickup,1,Yes,20,Credit Card,Bi-Weekly,0,1,1,26,2028,6174.291503703102,Premium,1,Promoter,26-35,0.35118047218887555,0,0.39140193619997177,0,0,Promo Reliant
932,24,Male,Coat,Outerwear,36,Nebraska,M,Silver,Winter,4.1,Yes,Standard,1,Yes,24,Bank Transfer,Fortnightly,0,1,1,26,936,3012.867772076636,High,1,Promoter,18-25,0.38383353341336535,0,0.2656176019832661,0,0,Promo Reliant
933,62,Male,Skirt,Clothing,24,Indiana,L,Blue,Winter,3.2,Yes,Standard,1,Yes,45,Debit Card,Bi-Weekly,0,1,1,26,624,2389.0722314091954,High,1,Neutral,56+,0.5552621048419368,1,0.1422696053408788,0,0,Promo Reliant
934,70,Male,Sneakers,Footwear,84,Colorado,M,Magenta,Spring,2.7,Yes,Store Pickup,1,Yes,33,Debit Card,Monthly,0,1,1,12,1008,3554.571408813091,High,1,Detractor,56+,0.34749899959983993,0,0.11094579216061878,0,0,Promo Reliant
935,45,Male,Jeans,Clothing,47,Oregon,S,Yellow,Spring,3.7,Yes,Express,1,Yes,21,Bank Transfer,Monthly,0,1,1,12,564,1743.3479436940902,High,1,Neutral,36-45,0.2495398159263706,0,0.18638206919537276,0,0,Promo Reliant
936,58,Male,Hoodie,Clothing,51,Ohio,L,White,Fall,2.6,Yes,Store Pickup,1,Yes,2,Bank Transfer,Fortnightly,0,1,1,26,1326,1456.7598947739136,Mid,1,Detractor,56+,0.20424169667867145,0,0.047330796581482454,0,0,Bargain Hunters
937,31,Male,Shoes,Footwear,84,Maine,M,Pink,Summer,2.7,Yes,Free Shipping,1,Yes,28,Cash,Weekly,0,1,1,52,4368,14708.348185380919,Premium,1,Detractor,26-35,0.6204081632653061,1,0.38537566117432775,0,0,Promo Reliant
938,32,Male,Shorts,Clothing,24,Iowa,M,Magenta,Summer,2.7,Yes,Express,1,Yes,18,Venmo,Quarterly,0,1,1,4,96,282.66614199997827,Low,1,Detractor,26-35,0.1623049219687875,0,0.03044314702223493,0,0,Bargain Hunters
939,36,Male,Blouse,Clothing,97,Wisconsin,S,Teal,Fall,4.8,Yes,Free Shipping,1,Yes,21,Debit Card,Fortnightly,0,1,1,26,2522,7795.6090673696735,Premium,1,Promoter,36-45,0.35934373749499804,0,0.46729317443609836,1,0,Promo Reliant
940,25,Male,T-Shirt,Clothing,89,New York,L,Indigo,Winter,4.8,Yes,Next Day Air,1,Yes,24,Credit Card,Monthly,0,1,1,12,1068,3437.759380959238,High,1,Promoter,18-25,0.27402961184473795,0,0.3600717244663016,0,0,Promo Reliant
941,48,Male,Belt,Accessories,44,Colorado,S,Maroon,Spring,2.6,Yes,Store Pickup,1,Yes,15,Paypal,Every 3 Months,0,1,1,4,176,487.9756151142015,Low,1,Detractor,46-55,0.13781512605042018,0,0.02349462446728985,0,0,Bargain Hunters
942,39,Male,Handbag,Accessories,35,Illinois,L,Black,Winter,4.5,Yes,2-Day Shipping,1,Yes,38,Paypal,Every 3 Months,0,1,1,4,140,512.8986304581505,Low,1,Promoter,36-45,0.3255702280912365,0,0.2521078355771477,0,0,At-Risk Loyalists
943,26,Male,Dress,Clothing,91,Arizona,M,Cyan,Winter,3.2,Yes,Express,1,Yes,38,Paypal,Bi-Weekly,0,1,1,26,2366,8667.986854742743,Premium,1,Neutral,26-35,0.49811924769907967,0,0.29675734094355555,0,0,Promo Reliant
944,32,Male,Hat,Accessories,63,Oklahoma,L,Cyan,Winter,3.8,Yes,Next Day Air,1,Yes,13,Venmo,Fortnightly,0,1,1,26,1638,4322.775905909793,High,1,Neutral,26-35,0.29403761504601844,0,0.26184685713054745,0,0,Promo Reliant
945,54,Male,Belt,Accessories,97,Indiana,S,Gray,Spring,4.8,Yes,Express,1,Yes,39,Cash,Bi-Weekly,0,1,1,26,2522,9303.353983275347,Premium,1,Promoter,46-55,0.5062825130052021,0,0.5043900473668297,1,0,Promo Reliant
946,38,Male,Boots,Footwear,38,Minnesota,M,Violet,Summer,4.1,Yes,Store Pickup,1,Yes,8,Venmo,Every 3 Months,0,1,1,4,152,333.97813575510537,Low,1,Promoter,36-45,0.08067226890756302,0,0.19970563810549152,0,0,Bargain Hunters
947,46,Male,Coat,Outerwear,24,Pennsylvania,Xl,Blue,Spring,2.8,Yes,Next Day Air,1,Yes,4,Paypal,Quarterly,0,1,1,4,96,154.50603959367362,Low,1,Detractor,46-55,0.04801920768307323,0,0.03928986891557294,0,0,Bargain Hunters
948,57,Male,Blouse,Clothing,32,Indiana,M,Charcoal,Winter,3.9,Yes,Store Pickup,1,Yes,6,Cash,Every 3 Months,0,1,1,4,128,249.0764990790801,Low,1,Neutral,56+,0.06434573829531813,0,0.1736167003852209,0,0,Bargain Hunters
949,49,Male,Hat,Accessories,90,Alabama,L,Olive,Summer,4.9,Yes,Express,1,Yes,11,Venmo,Every 3 Months,0,1,1,4,360,894.5663939236802,Mid,1,Promoter,46-55,0.10516206482593038,0,0.3094984694792574,0,0,Bargain Hunters
950,33,Male,Jeans,Clothing,36,Montana,M,Olive,Summer,3.4,Yes,Standard,1,Yes,49,Venmo,Monthly,0,1,1,12,432,1689.9939383449591,High,1,Neutral,26-35,0.4781112444977992,0,0.14906933602950206,0,0,Promo Reliant
951,54,Male,Backpack,Accessories,37,New Mexico,Xl,Turquoise,Winter,4.1,Yes,Free Shipping,1,Yes,30,Paypal,Quarterly,0,1,1,4,148,508.23010626380164,Low,1,Promoter,46-55,0.2602641056422569,0,0.20399297022626192,0,0,At-Risk Loyalists
952,47,Male,Dress,Clothing,51,Alaska,M,Cyan,Summer,2.9,Yes,Express,1,Yes,34,Bank Transfer,Monthly,0,1,1,12,612,2175.873013631521,High,1,Detractor,46-55,0.3556622649059624,0,0.10102400695921954,0,0,Promo Reliant
953,36,Male,Hat,Accessories,71,Idaho,S,Red,Fall,3.1,Yes,2-Day Shipping,1,Yes,28,Paypal,Monthly,0,1,1,12,852,2868.936047148476,High,1,Neutral,36-45,0.3066826730692277,0,0.14207627555992108,0,0,Promo Reliant
954,68,Male,Sunglasses,Accessories,50,Utah,S,Cyan,Spring,3.6,Yes,2-Day Shipping,1,Yes,36,Venmo,Quarterly,0,1,1,4,200,722.1835825288449,Mid,1,Neutral,56+,0.3092436974789916,0,0.14925712654233544,0,0,At-Risk Loyalists
955,60,Male,Hat,Accessories,74,Louisiana,S,Turquoise,Fall,3.5,Yes,Standard,1,Yes,18,Credit Card,Every 3 Months,0,1,1,4,296,871.5539378332663,Mid,1,Neutral,56+,0.1623049219687875,0,0.1409322661709893,0,0,Bargain Hunters
956,55,Male,Dress,Clothing,75,Mississippi,L,Lavender,Summer,3.4,Yes,Free Shipping,1,Yes,4,Paypal,Monthly,0,1,1,12,900,1448.4941211906903,Mid,1,Neutral,46-55,0.11076430572228893,0,0.1431274237502719,0,0,Bargain Hunters
957,29,Male,Shirt,Clothing,99,Mississippi,Xl,Cyan,Spring,2.9,Yes,2-Day Shipping,1,Yes,42,Debit Card,Quarterly,0,1,1,4,396,1489.4352458146507,Mid,1,Detractor,26-35,0.35822328931572633,0,0.08413474778883713,0,0,At-Risk Loyalists
958,38,Male,Scarf,Accessories,23,Indiana,Xl,Violet,Spring,4.7,Yes,Store Pickup,1,Yes,11,Cash,Quarterly,0,1,1,4,92,228.61141178049604,Low,1,Promoter,36-45,0.10516206482593038,0,0.2691131730743191,0,0,Bargain Hunters
959,70,Male,Sneakers,Footwear,53,Washington,Xl,Beige,Winter,4.4,Yes,Free Shipping,1,Yes,31,Credit Card,Bi-Weekly,0,1,1,26,1378,4775.784074058023,Premium,1,Promoter,56+,0.4409763905562225,0,0.34499276534956724,0,0,Promo Reliant
960,36,Male,Skirt,Clothing,99,Nevada,M,Cyan,Spring,2.6,Yes,Standard,1,Yes,12,Cash,Fortnightly,0,1,1,26,2574,6602.179646105996,Premium,1,Detractor,36-45,0.28587434973989595,0,0.17392978602379436,0,0,Promo Reliant
961,18,Male,Jewelry,Accessories,48,Louisiana,Xl,Indigo,Spring,4.4,Yes,Standard,1,Yes,20,Venmo,Quarterly,0,1,1,4,192,584.5483080428972,Mid,1,Promoter,18-25,0.1786314525810324,0,0.24187071930956788,0,0,Bargain Hunters
962,62,Male,Boots,Footwear,72,Pennsylvania,L,Olive,Fall,3.7,Yes,Next Day Air,1,Yes,37,Debit Card,Quarterly,0,1,1,4,288,1047.624814001199,Mid,1,Neutral,56+,0.31740696278511404,0,0.1692643510290443,0,0,At-Risk Loyalists
963,29,Male,Sunglasses,Accessories,64,Michigan,L,Green,Spring,4.4,Yes,Standard,1,Yes,26,Debit Card,Fortnightly,0,1,1,26,1664,5484.272545031204,Premium,1,Promoter,26-35,0.4001600640256102,0,0.36242456465680795,0,0,Promo Reliant
964,21,Male,Boots,Footwear,63,South Carolina,L,Green,Spring,2.5,Yes,2-Day Shipping,1,Yes,14,Credit Card,Weekly,0,1,1,52,3276,8871.57245881084,Premium,1,Detractor,18-25,0.5061224489795919,0,0.21776640395213737,0,0,Promo Reliant
965,42,Male,Sandals,Footwear,51,Arizona,M,Beige,Spring,2.6,Yes,Next Day Air,1,Yes,12,Venmo,Bi-Weekly,0,1,1,26,1326,3401.1228479939978,High,1,Detractor,36-45,0.28587434973989595,0,0.09517031150599481,0,0,Promo Reliant
966,43,Male,Boots,Footwear,55,Delaware,L,Black,Spring,5.0,Yes,Store Pickup,1,Yes,10,Credit Card,Annually,0,1,1,1,55,131.88424000391038,Low,1,Promoter,36-45,0.07346938775510205,0,0.3027332774019867,0,0,Bargain Hunters
967,58,Male,Dress,Clothing,55,Kentucky,M,Brown,Spring,4.9,Yes,Express,1,Yes,19,Cash,Annually,0,1,1,1,55,164.7652750454695,Low,1,Promoter,56+,0.1469387755102041,0,0.291542289301745,0,0,Bargain Hunters
968,27,Male,Hoodie,Clothing,26,Georgia,S,Silver,Summer,3.7,Yes,Store Pickup,1,Yes,4,Cash,Weekly,0,1,1,52,1352,2175.9600576109037,High,1,Neutral,26-35,0.4244897959183674,0,0.1970261486075902,0,0,Promo Reliant
969,57,Male,Shorts,Clothing,67,North Carolina,L,Gray,Summer,3.1,Yes,Next Day Air,1,Yes,48,Bank Transfer,Quarterly,0,1,1,4,268,1043.007839893648,Mid,1,Neutral,56+,0.40720288115246095,0,0.09715075402733302,0,0,At-Risk Loyalists
970,40,Male,Coat,Outerwear,31,California,S,Pink,Fall,3.2,Yes,Express,1,Yes,37,Paypal,Monthly,0,1,1,12,372,1353.1820514182155,Mid,1,Neutral,36-45,0.3801520608243298,0,0.11678234554518932,0,0,At-Risk Loyalists
971,45,Male,Jeans,Clothing,66,California,S,Maroon,Winter,4.4,Yes,Free Shipping,1,Yes,4,Cash,Monthly,0,1,1,12,792,1274.6748266478073,Mid,1,Promoter,36-45,0.11076430572228893,0,0.25885073727993924,0,0,Bargain Hunters
972,47,Male,Sunglasses,Accessories,67,Indiana,M,Cyan,Summer,4.3,Yes,Next Day Air,1,Yes,15,Credit Card,Weekly,0,1,1,52,3484,9659.699108283397,Premium,1,Promoter,46-55,0.5142857142857143,0,0.453157637747971,1,0,Promo Reliant
973,61,Male,Sneakers,Footwear,61,Colorado,L,Gold,Winter,3.0,Yes,Standard,1,Yes,33,Credit Card,Weekly,0,1,1,52,3172,11185.615584082465,Premium,1,Neutral,56+,0.6612244897959183,1,0.33470160755908784,0,0,Promo Reliant
974,60,Male,Jacket,Outerwear,75,Colorado,M,Teal,Fall,3.5,Yes,2-Day Shipping,1,Yes,30,Bank Transfer,Quarterly,0,1,1,4,300,1030.196161345544,Mid,1,Neutral,56+,0.2602641056422569,0,0.14483553279454053,0,0,At-Risk Loyalists
975,69,Male,Skirt,Clothing,90,North Carolina,M,Beige,Spring,3.6,Yes,2-Day Shipping,1,Yes,23,Bank Transfer,Monthly,0,1,1,12,1080,3432.2981367757816,High,1,Neutral,56+,0.26586634653861546,0,0.21593735486612578,0,0,Promo Reliant
976,58,Male,Sweater,Clothing,40,Washington,M,Olive,Summer,3.8,Yes,2-Day Shipping,1,Yes,2,Bank Transfer,Weekly,0,1,1,52,2080,2285.1135604296683,High,1,Neutral,56+,0.40816326530612246,0,0.21171178434165575,0,0,Promo Reliant
977,34,Male,T-Shirt,Clothing,90,Florida,M,Gray,Fall,3.6,Yes,Express,1,Yes,50,Credit Card,Every 3 Months,0,1,1,4,360,1415.4572277807572,Mid,1,Neutral,26-35,0.42352941176470593,0,0.1663145770784473,0,0,At-Risk Loyalists
978,20,Male,Belt,Accessories,20,Washington,M,Black,Spring,4.6,Yes,Express,1,Yes,34,Cash,Bi-Weekly,0,1,1,26,520,1848.780991974495,High,1,Promoter,18-25,0.4654661864745898,0,0.29697616608371036,0,0,Promo Reliant
979,56,Male,Gloves,Accessories,40,Colorado,M,Turquoise,Summer,2.5,Yes,Standard,1,Yes,33,Credit Card,Weekly,0,1,1,52,2080,7334.829891201616,Premium,1,Detractor,56+,0.6612244897959183,1,0.17995606670181974,0,0,Promo Reliant
980,64,Male,Hat,Accessories,33,New Hampshire,S,Brown,Fall,3.5,Yes,Store Pickup,1,Yes,34,Debit Card,Monthly,0,1,1,12,396,1407.9178323498077,Mid,1,Neutral,56+,0.3556622649059624,0,0.1541290762080242,0,0,At-Risk Loyalists
981,56,Male,Boots,Footwear,98,Maryland,S,Magenta,Spring,4.0,Yes,Free Shipping,1,Yes,39,Paypal,Every 3 Months,0,1,1,4,392,1446.040746012663,Mid,1,Promoter,56+,0.3337334933973589,0,0.21506706039154289,0,0,At-Risk Loyalists
982,27,Male,Belt,Accessories,42,Maryland,M,Silver,Spring,3.5,Yes,Next Day Air,1,Yes,47,Credit Card,Quarterly,0,1,1,4,168,650.3617698325257,Mid,1,Neutral,26-35,0.3990396158463386,0,0.13549000756143692,0,0,At-Risk Loyalists
983,35,Male,Coat,Outerwear,62,Texas,S,Red,Summer,3.2,Yes,Standard,1,Yes,37,Paypal,Monthly,0,1,1,12,744,2706.364102836431,High,1,Neutral,26-35,0.3801520608243298,0,0.15007632125954581,0,0,Promo Reliant
984,24,Male,Hat,Accessories,45,New Mexico,L,Indigo,Winter,3.5,Yes,Free Shipping,1,Yes,40,Venmo,Bi-Weekly,0,1,1,26,1170,4344.879318044041,High,1,Neutral,18-25,0.5144457783113245,0,0.2263906941301816,0,0,Promo Reliant
985,26,Male,Shoes,Footwear,78,Utah,M,Green,Summer,3.4,Yes,Free Shipping,1,Yes,8,Credit Card,Bi-Weekly,0,1,1,26,2028,4455.971442837853,High,1,Neutral,26-35,0.25322128851540615,0,0.2171240281269376,0,0,Promo Reliant
986,32,Male,Handbag,Accessories,80,West Virginia,M,Gray,Fall,5.0,Yes,Express,1,Yes,12,Bank Transfer,Annually,0,1,1,1,80,205.19594859692293,Low,1,Promoter,26-35,0.08979591836734695,0,0.3045370540947943,0,0,Bargain Hunters
987,54,Male,Scarf,Accessories,96,Connecticut,S,Peach,Spring,4.5,Yes,Store Pickup,1,Yes,36,Bank Transfer,Monthly,0,1,1,12,1152,4159.777435366146,High,1,Promoter,46-55,0.37198879551820735,0,0.34183640848908803,0,0,Promo Reliant
988,62,Male,Handbag,Accessories,47,West Virginia,M,Charcoal,Summer,2.8,Yes,Express,1,Yes,48,Paypal,Weekly,0,1,1,52,2444,9511.60880858237,Premium,1,Detractor,56+,0.7836734693877552,1,0.2695139928765287,0,0,Promo Reliant
989,50,Male,Pants,Clothing,84,Ohio,M,Orange,Winter,4.9,Yes,2-Day Shipping,1,Yes,47,Paypal,Fortnightly,0,1,1,26,2184,8454.703007822834,Premium,1,Promoter,46-55,0.5715886354541817,1,0.4955096603286866,1,1,Promo Reliant
990,70,Male,Shoes,Footwear,31,Texas,M,Beige,Spring,3.1,Yes,Store Pickup,1,Yes,2,Bank Transfer,Monthly,0,1,1,12,372,408.68377138453684,Low,1,Neutral,56+,0.09443777511004403,0,0.08154371127219152,0,0,Bargain Hunters
991,48,Male,Sunglasses,Accessories,63,Washington,S,Yellow,Spring,4.8,Yes,Store Pickup,1,Yes,24,Cash,Weekly,0,1,1,52,3276,10545.037202268226,Premium,1,Promoter,46-55,0.5877551020408164,1,0.5349406823643494,1,1,Promo Reliant
992,20,Male,Shorts,Clothing,97,Wisconsin,Xl,White,Spring,2.7,Yes,Standard,1,Yes,40,Bank Transfer,Bi-Weekly,0,1,1,26,2522,9365.628752228266,Premium,1,Detractor,18-25,0.5144457783113245,0,0.25392226887609576,0,0,Promo Reliant
993,46,Male,Jacket,Outerwear,99,Louisiana,M,Gray,Winter,4.6,Yes,Express,1,Yes,50,Debit Card,Weekly,0,1,1,52,5148,20241.038357264828,Premium,1,Promoter,46-55,0.8,1,0.74950313347172,1,1,Promo Reliant
994,51,Male,Sandals,Footwear,90,Iowa,M,Peach,Winter,4.4,Yes,Store Pickup,1,Yes,25,Cash,Weekly,0,1,1,52,4680,15247.891797940536,Premium,1,Promoter,46-55,0.5959183673469388,1,0.6026507056626649,1,1,Promo Reliant
995,53,Male,Shoes,Footwear,68,New York,L,Violet,Fall,3.2,Yes,Express,1,Yes,20,Debit Card,Monthly,0,1,1,12,816,2484.330309182313,High,1,Neutral,46-55,0.2413765506202481,0,0.1446133551154568,0,0,Promo Reliant
996,44,Male,Jewelry,Accessories,80,Idaho,M,Magenta,Spring,3.0,Yes,2-Day Shipping,1,Yes,10,Venmo,Weekly,0,1,1,52,4160,9975.244334841222,Premium,1,Neutral,36-45,0.47346938775510206,0,0.30492137884902,0,0,Promo Reliant
997,29,Male,Sandals,Footwear,91,Delaware,L,Maroon,Summer,4.9,Yes,Standard,1,Yes,32,Bank Transfer,Quarterly,0,1,1,4,364,1272.728752373799,Mid,1,Promoter,26-35,0.27659063625450186,0,0.3188028556593182,0,0,At-Risk Loyalists
998,64,Male,Pants,Clothing,30,Kentucky,M,Cyan,Spring,3.6,Yes,Express,1,Yes,31,Cash,Fortnightly,0,1,1,26,780,2703.274004183787,High,1,Neutral,56+,0.4409763905562225,0,0.19800029182256926,0,0,Promo Reliant
999,51,Male,Shoes,Footwear,90,Connecticut,M,White,Spring,3.8,Yes,Next Day Air,1,Yes,48,Bank Transfer,Bi-Weekly,0,1,1,26,2340,9106.859497578866,Premium,1,Neutral,46-55,0.5797519007603041,1,0.379555455725648,0,0,Promo Reliant
1000,50,Male,Socks,Clothing,28,New Mexico,L,Brown,Spring,2.9,Yes,Standard,1,Yes,23,Debit Card,Monthly,0,1,1,12,336,1067.8260869969097,Mid,1,Detractor,46-55,0.26586634653861546,0,0.07376138739736839,0,0,Bargain Hunters
1001,43,Male,Socks,Clothing,46,Georgia,M,Red,Winter,3.9,Yes,Express,1,Yes,1,Bank Transfer,Bi-Weekly,0,1,1,26,1196,829.0040279496945,Mid,1,Neutral,36-45,0.19607843137254902,0,0.18788535924163197,0,0,Bargain Hunters
1002,61,Male,Dress,Clothing,60,Washington,M,Orange,Fall,3.6,Yes,Standard,1,Yes,4,Debit Card,Fortnightly,0,1,1,26,1560,2510.7231433971965,High,1,Neutral,56+,0.22056822729091635,0,0.1932627299578606,0,0,Promo Reliant
1003,55,Male,Shoes,Footwear,59,North Dakota,M,White,Spring,3.5,Yes,Store Pickup,1,Yes,3,Bank Transfer,Bi-Weekly,0,1,1,26,1534,2126.5755499579122,High,1,Neutral,46-55,0.21240496198479392,0,0.17181108179766547,0,0,Promo Reliant
1004,56,Male,Hat,Accessories,68,Ohio,M,Green,Fall,4.0,Yes,Store Pickup,1,Yes,3,Cash,Bi-Weekly,0,1,1,26,1768,2450.9684304599664,High,1,Promoter,56+,0.21240496198479392,0,0.23979251243667382,0,0,Promo Reliant
1005,33,Male,Backpack,Accessories,79,Tennessee,M,Black,Summer,4.8,Yes,2-Day Shipping,1,Yes,44,Cash,Annually,0,1,1,1,79,300.72633669185524,Low,1,Promoter,26-35,0.3510204081632653,0,0.28288750384978645,0,0,At-Risk Loyalists
1006,43,Male,Backpack,Accessories,94,New York,M,Gold,Winter,3.9,Yes,Store Pickup,1,Yes,5,Debit Card,Bi-Weekly,0,1,1,26,2444,4379.060142793366,High,1,Neutral,36-45,0.22873149259703882,0,0.2752316863292046,0,0,Promo Reliant
1007,21,Male,Pants,Clothing,83,Michigan,S,Lavender,Summer,4.5,Yes,Next Day Air,1,Yes,50,Venmo,Quarterly,0,1,1,4,332,1305.366110064476,Mid,1,Promoter,18-25,0.42352941176470593,0,0.2716058720702995,0,0,At-Risk Loyalists
1008,58,Male,Gloves,Accessories,62,Georgia,Xl,Turquoise,Spring,4.8,Yes,Standard,1,Yes,2,Credit Card,Annually,0,1,1,1,62,68.11396189742281,Low,1,Promoter,56+,0.008163265306122448,0,0.2771642600710592,0,0,Bargain Hunters
1009,41,Male,Scarf,Accessories,85,New Mexico,M,Pink,Spring,2.6,Yes,Store Pickup,1,Yes,29,Paypal,Annually,0,1,1,1,85,289.1017774412832,Low,1,Detractor,36-45,0.22857142857142856,0,0.01860149074979522,0,0,Bargain Hunters
1010,39,Male,Hoodie,Clothing,30,Louisiana,M,Silver,Summer,3.1,Yes,Express,1,Yes,11,Venmo,Annually,0,1,1,1,30,74.54719949364001,Low,1,Neutral,36-45,0.0816326530612245,0,0.07332254480153486,0,0,Bargain Hunters
1011,54,Male,Jeans,Clothing,24,South Dakota,Xl,Gray,Spring,4.7,Yes,2-Day Shipping,1,Yes,37,Credit Card,Fortnightly,0,1,1,26,624,2269.8537636692645,High,1,Promoter,46-55,0.48995598239295723,0,0.31933632909362436,0,0,Promo Reliant
1012,43,Male,Backpack,Accessories,25,Montana,L,Indigo,Spring,2.9,Yes,Next Day Air,1,Yes,32,Debit Card,Fortnightly,0,1,1,26,650,2272.7299149532123,High,1,Detractor,36-45,0.44913965586234494,0,0.10340709452455671,0,0,Promo Reliant
1013,28,Male,Sandals,Footwear,37,New Mexico,L,Teal,Summer,3.8,Yes,Express,1,Yes,27,Credit Card,Annually,0,1,1,1,37,123.29156687648253,Low,1,Neutral,26-35,0.2122448979591837,0,0.15852186146565636,0,0,Bargain Hunters
1014,59,Male,Belt,Accessories,69,South Carolina,Xl,Green,Summer,3.8,Yes,2-Day Shipping,1,Yes,31,Venmo,Bi-Weekly,0,1,1,26,1794,6217.53020962271,Premium,1,Neutral,56+,0.4409763905562225,0,0.30846579041182665,0,0,Promo Reliant
1015,28,Male,Shoes,Footwear,97,Ohio,M,Violet,Summer,3.0,Yes,Standard,1,Yes,36,Debit Card,Fortnightly,0,1,1,26,2522,9106.734975688734,Premium,1,Neutral,26-35,0.4817927170868348,0,0.2835523919628812,0,0,Promo Reliant
1016,68,Male,Gloves,Accessories,24,North Carolina,M,Cyan,Summer,4.1,Yes,Standard,1,Yes,34,Cash,Weekly,0,1,1,52,1248,4437.074380738788,High,1,Promoter,56+,0.6693877551020408,1,0.30065908083773907,0,0,Promo Reliant
1017,20,Male,Belt,Accessories,30,Idaho,Xl,Blue,Summer,3.4,Yes,Express,1,Yes,15,Bank Transfer,Every 3 Months,0,1,1,4,120,332.71064666877373,Low,1,Neutral,18-25,0.13781512605042018,0,0.11567445253750805,0,0,Bargain Hunters
1018,21,Male,Jacket,Outerwear,53,Oklahoma,L,Orange,Fall,2.5,Yes,Express,1,Yes,14,Credit Card,Annually,0,1,1,1,53,143.52666065841714,Low,1,Detractor,18-25,0.10612244897959185,0,0.0030197299677159287,0,0,Bargain Hunters
1019,50,Male,Dress,Clothing,70,Georgia,Xl,Charcoal,Spring,4.9,Yes,Next Day Air,1,Yes,46,Cash,Weekly,0,1,1,52,3640,14014.537270224613,Premium,1,Promoter,46-55,0.7673469387755103,1,0.6323049915365213,1,1,Promo Reliant
1020,32,Male,Shirt,Clothing,76,Kentucky,S,Beige,Winter,2.8,Yes,Standard,1,Yes,33,Venmo,Bi-Weekly,0,1,1,26,1976,6968.088396641535,Premium,1,Detractor,26-35,0.4573029211684674,0,0.20693268185827035,0,0,Promo Reliant
1021,24,Male,Scarf,Accessories,95,Delaware,M,Black,Fall,4.5,Yes,Express,1,Yes,41,Debit Card,Annually,0,1,1,1,95,355.07861373692,Low,1,Promoter,18-25,0.326530612244898,0,0.2482247987023614,0,0,At-Risk Loyalists
1022,55,Male,Coat,Outerwear,51,Massachusetts,S,Lavender,Winter,4.9,Yes,2-Day Shipping,1,Yes,39,Paypal,Weekly,0,1,1,52,2652,9782.908312310159,Premium,1,Promoter,46-55,0.7102040816326531,1,0.5281891029099224,1,1,Promo Reliant
1023,61,Male,Handbag,Accessories,41,Nebraska,M,Lavender,Winter,4.9,Yes,Store Pickup,1,Yes,7,Cash,Annually,0,1,1,1,41,85.25710320887326,Low,1,Promoter,56+,0.0489795918367347,0,0.28958605352441835,0,0,Bargain Hunters
1024,61,Male,Sunglasses,Accessories,71,Maine,S,Turquoise,Winter,3.5,Yes,Free Shipping,1,Yes,29,Bank Transfer,Every 3 Months,0,1,1,4,284,965.9400563920522,Mid,1,Neutral,56+,0.25210084033613445,0,0.14325456207771897,0,0,Bargain Hunters
1025,28,Male,T-Shirt,Clothing,66,Pennsylvania,M,Purple,Summer,3.5,Yes,Free Shipping,1,Yes,18,Venmo,Quarterly,0,1,1,4,264,777.3318904999402,Mid,1,Neutral,26-35,0.1623049219687875,0,0.1386140071071886,0,0,Bargain Hunters
1026,60,Male,Shirt,Clothing,84,Nebraska,M,Olive,Winter,4.9,Yes,Free Shipping,1,Yes,15,Credit Card,Annually,0,1,1,1,84,232.89745266814163,Low,1,Promoter,56+,0.11428571428571428,0,0.2932186277255055,0,0,Bargain Hunters
1027,49,Male,Handbag,Accessories,95,Virginia,L,Turquoise,Winter,3.0,Yes,Express,1,Yes,39,Paypal,Bi-Weekly,0,1,1,26,2470,9111.532251661423,Premium,1,Neutral,46-55,0.5062825130052021,0,0.28367042514959273,0,0,Promo Reliant
1028,33,Male,Jewelry,Accessories,90,Ohio,L,Teal,Summer,2.8,Yes,Next Day Air,1,Yes,11,Cash,Monthly,0,1,1,12,1080,2683.6991817710405,High,1,Detractor,26-35,0.16790716286514606,0,0.10151866877610642,0,0,Promo Reliant
1029,45,Male,Hoodie,Clothing,36,Nebraska,S,Lavender,Summer,3.7,Yes,Standard,1,Yes,4,Cash,Fortnightly,0,1,1,26,936,1506.433886038318,Mid,1,Neutral,36-45,0.22056822729091635,0,0.1805529859070495,0,0,Bargain Hunters
1030,29,Male,Gloves,Accessories,22,Ohio,M,Purple,Spring,3.6,Yes,2-Day Shipping,1,Yes,33,Venmo,Bi-Weekly,0,1,1,26,572,2017.0782200804445,High,1,Neutral,26-35,0.4573029211684674,0,0.1811169864703542,0,0,Promo Reliant
1031,58,Male,Coat,Outerwear,89,Kentucky,L,Blue,Winter,3.3,Yes,Next Day Air,1,Yes,37,Debit Card,Quarterly,0,1,1,4,356,1294.9806728625933,Mid,1,Neutral,56+,0.31740696278511404,0,0.1273503465897331,0,0,At-Risk Loyalists
1032,22,Male,Sandals,Footwear,50,Tennessee,M,Teal,Spring,3.4,Yes,Free Shipping,1,Yes,32,Cash,Quarterly,0,1,1,4,200,699.301512293296,Mid,1,Neutral,18-25,0.27659063625450186,0,0.12469413127505555,0,0,At-Risk Loyalists
1033,55,Male,Boots,Footwear,36,Maine,M,Lavender,Fall,4.0,Yes,Free Shipping,1,Yes,44,Credit Card,Quarterly,0,1,1,4,144,548.159398526926,Mid,1,Promoter,46-55,0.3745498199279712,0,0.19297539892867238,0,0,At-Risk Loyalists
1034,19,Male,Pants,Clothing,52,Montana,S,Silver,Spring,4.6,Yes,Free Shipping,1,Yes,41,Bank Transfer,Quarterly,0,1,1,4,208,777.4352806029407,Mid,1,Promoter,18-25,0.3500600240096039,0,0.27061655093902165,0,0,At-Risk Loyalists
1035,68,Male,Socks,Clothing,29,Maryland,M,Olive,Fall,4.2,Yes,Next Day Air,1,Yes,44,Bank Transfer,Weekly,0,1,1,52,1508,5740.447034573642,Premium,1,Promoter,56+,0.7510204081632653,1,0.34472753566098635,0,0,Promo Reliant
1036,61,Male,Blouse,Clothing,89,Georgia,M,Brown,Fall,2.8,Yes,Express,1,Yes,32,Venmo,Annually,0,1,1,1,89,311.1891729705167,Low,1,Detractor,56+,0.25306122448979596,0,0.043144933673511895,0,0,At-Risk Loyalists
1037,68,Male,Handbag,Accessories,47,Hawaii,M,Yellow,Fall,3.7,Yes,2-Day Shipping,1,Yes,13,Bank Transfer,Monthly,0,1,1,12,564,1488.4283339030058,Mid,1,Neutral,56+,0.184233693477391,0,0.18010997351644886,0,0,Bargain Hunters
1038,52,Male,Jewelry,Accessories,25,Rhode Island,Xl,Brown,Spring,3.4,Yes,Standard,1,Yes,48,Debit Card,Quarterly,0,1,1,4,100,389.18202981106265,Low,1,Neutral,46-55,0.40720288115246095,0,0.11706388632206421,0,0,At-Risk Loyalists
1039,41,Male,Pants,Clothing,74,Nebraska,Xl,Cyan,Fall,3.0,Yes,Express,1,Yes,3,Bank Transfer,Weekly,0,1,1,52,3848,5334.460701589339,Premium,1,Neutral,36-45,0.4163265306122449,0,0.19073856256119273,0,0,Promo Reliant
1040,29,Male,Belt,Accessories,46,Michigan,M,Magenta,Fall,4.8,Yes,Standard,1,Yes,39,Venmo,Monthly,0,1,1,12,552,2036.2614586708928,High,1,Promoter,26-35,0.39647859143657466,0,0.3255889749061184,0,0,Promo Reliant
1041,68,Male,Jeans,Clothing,22,North Carolina,S,Magenta,Fall,4.0,Yes,Next Day Air,1,Yes,7,Cash,Fortnightly,0,1,1,26,572,1189.440561840866,Mid,1,Promoter,56+,0.24505802320928372,0,0.20875361550719682,0,0,Bargain Hunters
1042,36,Male,Shirt,Clothing,25,Minnesota,M,Orange,Summer,4.9,Yes,Next Day Air,1,Yes,11,Cash,Fortnightly,0,1,1,26,650,1615.1893223622003,High,1,Promoter,36-45,0.2777110844337735,0,0.32722882752937715,0,0,Promo Reliant
1043,55,Male,Belt,Accessories,80,Maryland,M,Maroon,Spring,4.9,Yes,Next Day Air,1,Yes,47,Credit Card,Weekly,0,1,1,52,4160,16104.196205376827,Premium,1,Promoter,46-55,0.7755102040816327,1,0.6837193993505544,1,1,Promo Reliant
1044,28,Male,Jeans,Clothing,76,Hawaii,M,Green,Spring,3.3,Yes,2-Day Shipping,1,Yes,28,Debit Card,Fortnightly,0,1,1,26,1976,6653.776560053273,Premium,1,Neutral,26-35,0.4164865946378551,0,0.2591992873433662,0,0,Promo Reliant
1045,39,Male,Jeans,Clothing,30,Oregon,L,Teal,Summer,4.4,Yes,Next Day Air,1,Yes,17,Bank Transfer,Every 3 Months,0,1,1,4,120,346.84461094753976,Low,1,Promoter,36-45,0.15414165666266505,0,0.23602220756644277,0,0,Bargain Hunters
1046,54,Male,Sweater,Clothing,79,New Mexico,L,Black,Fall,3.5,Yes,2-Day Shipping,1,Yes,11,Paypal,Bi-Weekly,0,1,1,26,2054,5103.998258664553,Premium,1,Neutral,46-55,0.2777110844337735,0,0.24506821615823288,0,0,Promo Reliant
1047,40,Male,Sneakers,Footwear,22,Illinois,M,Magenta,Winter,4.2,Yes,Standard,1,Yes,12,Venmo,Annually,0,1,1,1,22,56.428885864153806,Low,1,Promoter,36-45,0.08979591836734695,0,0.20487675800342223,0,0,Bargain Hunters
1048,31,Male,Socks,Clothing,36,Utah,S,Olive,Fall,4.2,Yes,Standard,1,Yes,7,Credit Card,Fortnightly,0,1,1,26,936,1946.3572830123262,High,1,Promoter,26-35,0.24505802320928372,0,0.25137695366488305,0,0,Promo Reliant
1049,30,Male,Socks,Clothing,77,Maine,L,Yellow,Fall,2.7,Yes,Standard,1,Yes,19,Venmo,Fortnightly,0,1,1,26,2002,5997.456011655089,Premium,1,Detractor,26-35,0.3430172068827531,0,0.17105103857203457,0,0,Promo Reliant
1050,45,Male,Sunglasses,Accessories,33,Virginia,S,Purple,Fall,2.8,Yes,Store Pickup,1,Yes,24,Cash,Quarterly,0,1,1,4,132,424.8916088826025,Low,1,Detractor,36-45,0.21128451380552224,0,0.045942492313868245,0,0,Bargain Hunters
1051,48,Male,Sneakers,Footwear,64,Florida,M,Beige,Winter,3.8,Yes,Next Day Air,1,Yes,19,Venmo,Monthly,0,1,1,12,768,2300.722386089465,High,1,Neutral,46-55,0.23321328531412566,0,0.21209582717011496,0,0,Promo Reliant
1052,45,Male,Socks,Clothing,53,Ohio,M,Indigo,Fall,2.6,Yes,Free Shipping,1,Yes,39,Paypal,Annually,0,1,1,1,53,195.51061106803863,Low,1,Detractor,36-45,0.31020408163265306,0,0.016298754013785957,0,0,At-Risk Loyalists
1053,60,Male,Shoes,Footwear,36,Virginia,Xl,Pink,Fall,3.0,Yes,2-Day Shipping,1,Yes,1,Credit Card,Fortnightly,0,1,1,26,936,648.7857610041087,Mid,1,Neutral,56+,0.19607843137254902,0,0.07545123110884955,0,0,Bargain Hunters
1054,59,Male,Blouse,Clothing,70,Kansas,M,Blue,Spring,3.3,No,2-Day Shipping,1,Yes,10,Debit Card,Bi-Weekly,0,1,0,26,1820,4364.169396493035,High,1,Neutral,56+,0.2695478191276511,0,0.2028653112762897,0,0,Promo Reliant
1055,18,Male,Shorts,Clothing,96,Arkansas,L,Cyan,Winter,4.9,No,Express,1,Yes,48,Paypal,Quarterly,0,1,0,4,384,1494.4589944744805,Mid,1,Promoter,18-25,0.40720288115246095,0,0.3242583531571615,0,0,At-Risk Loyalists
1056,70,Male,Jacket,Outerwear,27,Massachusetts,M,Orange,Spring,3.3,No,Next Day Air,1,Yes,24,Debit Card,Annually,0,1,0,1,27,86.90964727144141,Low,1,Neutral,56+,0.18775510204081636,0,0.09762671306599913,0,0,Bargain Hunters
1057,20,Male,Sweater,Clothing,64,Idaho,L,Black,Winter,2.9,No,2-Day Shipping,1,Yes,42,Venmo,Fortnightly,0,1,0,26,1664,6258.636992514088,Premium,1,Detractor,18-25,0.5307723089235694,0,0.20147719034123487,0,0,Promo Reliant
1058,65,Male,Jacket,Outerwear,23,Wisconsin,S,Maroon,Spring,4.4,No,2-Day Shipping,1,Yes,20,Credit Card,Weekly,0,1,0,52,1196,3641.248835517214,High,1,Promoter,56+,0.5551020408163265,1,0.3170784217921199,0,0,Promo Reliant
1059,29,Male,Scarf,Accessories,33,New Mexico,L,Violet,Summer,3.1,No,Next Day Air,1,Yes,49,Bank Transfer,Every 3 Months,0,1,0,4,132,516.3870367165152,Low,1,Neutral,26-35,0.4153661464585835,0,0.08419366505820397,0,0,At-Risk Loyalists
1060,22,Male,Jacket,Outerwear,34,North Carolina,M,Beige,Winter,2.5,No,Standard,1,Yes,25,Debit Card,Monthly,0,1,0,12,408,1329.3033875127646,Mid,1,Detractor,18-25,0.2821928771508604,0,0.03219482987771046,0,0,Bargain Hunters
1061,27,Male,Sweater,Clothing,35,Iowa,S,Gray,Summer,2.6,No,Next Day Air,1,Yes,21,Debit Card,Every 3 Months,0,1,0,4,140,432.74594347016426,Low,1,Detractor,26-35,0.18679471788715488,0,0.022135742013520032,0,0,Bargain Hunters
1062,36,Male,Coat,Outerwear,62,Idaho,M,Gray,Summer,4.4,No,Free Shipping,1,Yes,12,Venmo,Every 3 Months,0,1,0,4,248,636.1074406504611,Mid,1,Promoter,36-45,0.11332533013205283,0,0.2431392910491135,0,0,Bargain Hunters
1063,59,Male,Boots,Footwear,75,Ohio,M,Brown,Fall,2.6,No,Next Day Air,1,Yes,21,Debit Card,Every 3 Months,0,1,0,4,300,927.3127360074948,Mid,1,Detractor,56+,0.18679471788715488,0,0.03430416736516258,0,0,Bargain Hunters
1064,62,Male,Hoodie,Clothing,29,Alabama,S,Indigo,Summer,3.3,No,Free Shipping,1,Yes,35,Cash,Monthly,0,1,0,12,348,1247.0645905827262,Mid,1,Neutral,56+,0.36382553021208486,0,0.12617140922644113,0,0,At-Risk Loyalists
1065,34,Male,Hat,Accessories,28,Wyoming,M,Violet,Spring,3.5,No,Express,1,Yes,42,Credit Card,Every 3 Months,0,1,0,4,112,421.254412957679,Low,1,Neutral,26-35,0.35822328931572633,0,0.1298530019805714,0,0,At-Risk Loyalists
1066,59,Male,T-Shirt,Clothing,20,Alabama,Xl,Blue,Spring,4.1,No,Store Pickup,1,Yes,3,Paypal,Every 3 Months,0,1,0,4,80,110.90354888959125,Low,1,Promoter,56+,0.03985594237695078,0,0.1942170640663912,0,0,Bargain Hunters
1067,49,Male,Coat,Outerwear,96,Mississippi,M,Red,Winter,4.0,No,Store Pickup,1,Yes,11,Paypal,Bi-Weekly,0,1,0,26,2496,6202.326997870849,Premium,1,Promoter,46-55,0.2777110844337735,0,0.332091727393243,0,0,Promo Reliant
1068,18,Male,Dress,Clothing,43,Pennsylvania,S,Peach,Summer,2.7,No,2-Day Shipping,1,Yes,22,Paypal,Quarterly,0,1,0,4,172,539.3050051398137,Mid,1,Detractor,18-25,0.1949579831932773,0,0.036757543572043264,0,0,Bargain Hunters
1069,55,Male,Shirt,Clothing,94,Wyoming,M,Olive,Fall,2.5,No,Standard,1,Yes,47,Credit Card,Weekly,0,1,0,52,4888,18922.43054131777,Premium,1,Detractor,46-55,0.7755102040816327,1,0.4650598295165055,1,1,Promo Reliant
1070,38,Male,Skirt,Clothing,81,Maryland,Xl,White,Fall,4.3,No,Next Day Air,1,Yes,33,Venmo,Every 3 Months,0,1,0,4,324,1142.5408099756364,Mid,1,Promoter,36-45,0.2847539015606242,0,0.24359968415112115,0,0,At-Risk Loyalists
1071,50,Male,Jewelry,Accessories,75,North Carolina,M,Magenta,Summer,3.3,No,Free Shipping,1,Yes,50,Debit Card,Weekly,0,1,0,52,3900,15334.11996762487,Premium,1,Neutral,46-55,0.8,1,0.47277228167998986,1,1,Promo Reliant
1072,61,Male,Hat,Accessories,81,Pennsylvania,M,Beige,Summer,2.6,No,Express,1,Yes,46,Credit Card,Monthly,0,1,0,12,972,3742.343468862177,High,1,Detractor,56+,0.4536214485794318,0,0.10356577540718699,0,0,Promo Reliant
1073,48,Male,Shorts,Clothing,92,Idaho,L,Gold,Fall,3.8,No,Express,1,Yes,34,Debit Card,Fortnightly,1,1,0,26,2392,8504.392563082678,Premium,1,Neutral,46-55,0.4654661864745898,0,0.36473223259406984,0,0,Promo Reliant
1074,22,Male,Scarf,Accessories,96,California,Xl,Purple,Spring,4.0,No,Store Pickup,1,Yes,33,Credit Card,Monthly,0,1,0,12,1152,4062.3673243578182,High,1,Promoter,18-25,0.34749899959983993,0,0.2794397096363025,0,0,Promo Reliant
1075,48,Male,Jewelry,Accessories,71,Tennessee,S,White,Fall,2.6,No,Standard,1,Yes,45,Bank Transfer,Fortnightly,0,1,0,26,1846,7067.67201791887,Premium,1,Detractor,46-55,0.5552621048419368,1,0.18538285821471878,0,0,Promo Reliant
1076,57,Male,Sunglasses,Accessories,50,Missouri,L,Indigo,Summer,4.9,No,Next Day Air,1,Yes,32,Debit Card,Bi-Weekly,0,1,0,26,1300,4545.459829906425,High,1,Promoter,56+,0.44913965586234494,0,0.3993258192182807,0,0,Promo Reliant
1077,33,Male,Coat,Outerwear,72,North Dakota,L,Charcoal,Spring,2.9,No,Standard,1,Yes,47,Venmo,Bi-Weekly,0,1,0,26,1872,7246.888292419572,Premium,1,Detractor,26-35,0.5715886354541817,1,0.22579233311470748,0,0,Promo Reliant
1078,58,Male,Jacket,Outerwear,28,West Virginia,M,Pink,Winter,3.7,No,Standard,1,Yes,5,Paypal,Quarterly,0,1,0,4,112,200.67706055354216,Low,1,Neutral,56+,0.056182472989195674,0,0.14842587042322955,0,0,Bargain Hunters
1079,37,Male,Sweater,Clothing,59,Arizona,M,Silver,Fall,4.4,No,Express,1,Yes,49,Credit Card,Fortnightly,0,1,0,26,1534,6001.043290326776,Premium,1,Promoter,36-45,0.5879151660664266,1,0.37513930073073715,0,0,Promo Reliant
1080,18,Male,Coat,Outerwear,33,Oklahoma,S,Blue,Summer,4.4,No,Free Shipping,1,Yes,48,Bank Transfer,Monthly,0,1,0,12,396,1541.160838051808,Mid,1,Promoter,18-25,0.4699479791916767,0,0.26540741513610927,0,0,At-Risk Loyalists
1081,65,Male,Scarf,Accessories,59,Pennsylvania,L,Blue,Fall,3.8,No,Express,1,Yes,22,Cash,Every 3 Months,0,1,0,4,236,739.9766349592793,Mid,1,Neutral,56+,0.1949579831932773,0,0.17369491054551686,0,0,Bargain Hunters
1082,62,Male,Belt,Accessories,30,Idaho,Xl,Brown,Spring,4.5,No,Standard,1,Yes,45,Credit Card,Annually,0,1,0,1,30,114.85924189467285,Low,1,Promoter,56+,0.3591836734693878,0,0.24231439076881578,0,0,At-Risk Loyalists
1083,54,Male,Hat,Accessories,85,South Carolina,Xl,Cyan,Winter,2.6,No,Next Day Air,1,Yes,30,Venmo,Quarterly,0,1,0,4,340,1167.5556495249498,Mid,1,Detractor,46-55,0.2602641056422569,0,0.040215154523034896,0,0,At-Risk Loyalists
1084,35,Male,Backpack,Accessories,97,Washington,L,Teal,Summer,3.3,No,Store Pickup,1,Yes,43,Cash,Weekly,0,1,0,52,5044,19087.45251348371,Premium,1,Neutral,26-35,0.7428571428571429,1,0.565120064817343,1,1,Promo Reliant
1085,34,Male,T-Shirt,Clothing,36,Arkansas,S,Purple,Fall,4.1,No,Next Day Air,1,Yes,48,Cash,Quarterly,0,1,0,4,144,560.4221229279302,Mid,1,Promoter,26-35,0.40720288115246095,0,0.20527711357820602,0,0,At-Risk Loyalists
1086,25,Male,Jewelry,Accessories,85,Utah,M,Turquoise,Winter,3.0,No,Store Pickup,1,Yes,23,Venmo,Fortnightly,0,1,0,26,2210,7023.49896506896,Premium,1,Neutral,18-25,0.3756702681072429,0,0.23229601513453418,0,0,Promo Reliant
1087,53,Male,Sunglasses,Accessories,62,Alaska,M,Olive,Winter,3.0,No,Free Shipping,1,Yes,27,Paypal,Bi-Weekly,0,1,0,26,1612,5371.513670402429,Premium,1,Neutral,46-55,0.4083233293317327,0,0.1916502215966602,0,0,Promo Reliant
1088,45,Male,Jeans,Clothing,71,West Virginia,S,White,Winter,3.4,No,Next Day Air,1,Yes,7,Bank Transfer,Monthly,0,1,0,12,852,1771.68419351122,High,1,Neutral,36-45,0.13525410164065627,0,0.15107926024387852,0,0,Promo Reliant
1089,49,Male,Pants,Clothing,21,Louisiana,M,Turquoise,Winter,2.7,No,Free Shipping,1,Yes,2,Paypal,Weekly,0,1,0,52,1092,1199.684619225576,Mid,1,Detractor,46-55,0.40816326530612246,0,0.05300566244901488,0,0,Bargain Hunters
1090,40,Male,Backpack,Accessories,61,Arizona,M,Silver,Spring,3.8,No,Next Day Air,1,Yes,33,Paypal,Bi-Weekly,0,1,0,26,1586,5592.8077920412325,Premium,1,Neutral,36-45,0.4573029211684674,0,0.2930949886949603,0,0,Promo Reliant
1091,38,Male,Scarf,Accessories,58,Connecticut,M,Violet,Spring,4.2,No,Store Pickup,1,Yes,27,Cash,Fortnightly,0,1,0,26,1508,5024.9644013442075,Premium,1,Promoter,36-45,0.4083233293317327,0,0.3271236505149939,0,0,Promo Reliant
1092,44,Male,Sweater,Clothing,80,North Carolina,L,Lavender,Spring,4.7,No,Store Pickup,1,Yes,6,Credit Card,Fortnightly,0,1,0,26,2080,4047.4931100350514,High,1,Promoter,36-45,0.23689475790316128,0,0.3630737413396396,0,0,Promo Reliant
1093,68,Male,Jewelry,Accessories,50,South Dakota,L,Magenta,Spring,4.1,No,2-Day Shipping,1,Yes,20,Venmo,Quarterly,0,1,0,4,200,608.9044875446846,Mid,1,Promoter,56+,0.1786314525810324,0,0.2064699838711818,0,0,Bargain Hunters
1094,60,Male,Sneakers,Footwear,48,Delaware,S,Indigo,Winter,4.2,No,2-Day Shipping,1,Yes,46,Venmo,Every 3 Months,0,1,0,4,192,739.2283395283312,Mid,1,Promoter,56+,0.3908763505402161,0,0.2216764993273966,0,0,At-Risk Loyalists
1095,25,Male,Jewelry,Accessories,40,Connecticut,M,Black,Winter,4.8,No,Next Day Air,1,Yes,25,Cash,Quarterly,0,1,0,4,160,521.2954460834371,Low,1,Promoter,18-25,0.21944777911164468,0,0.2883144325943142,0,0,Bargain Hunters
1096,19,Male,Coat,Outerwear,34,Tennessee,S,Peach,Summer,3.0,No,Free Shipping,1,Yes,30,Bank Transfer,Quarterly,0,1,0,4,136,467.0222598099799,Low,1,Neutral,18-25,0.2602641056422569,0,0.07097908370771364,0,0,At-Risk Loyalists
1097,57,Male,Coat,Outerwear,46,New Hampshire,S,Beige,Fall,2.6,No,Standard,1,Yes,48,Credit Card,Annually,0,1,0,1,46,179.02373371308883,Low,1,Detractor,56+,0.3836734693877551,0,0.015893107416799262,0,0,At-Risk Loyalists
1098,58,Male,Sunglasses,Accessories,27,Vermont,M,Black,Summer,3.2,No,Store Pickup,1,Yes,47,Bank Transfer,Weekly,0,1,0,52,1404,5435.166219314679,Premium,1,Neutral,56+,0.7755102040816327,1,0.21721634229373885,0,0,Promo Reliant
1099,49,Male,Handbag,Accessories,98,Idaho,S,Turquoise,Spring,3.6,No,Next Day Air,1,Yes,27,Credit Card,Weekly,0,1,0,52,5096,16980.914183852838,Premium,1,Neutral,46-55,0.6122448979591837,1,0.5492903528324806,1,1,Promo Reliant
1100,19,Male,Sweater,Clothing,73,North Carolina,M,Peach,Fall,2.6,No,Next Day Air,1,Yes,45,Bank Transfer,Fortnightly,0,1,0,26,1898,7266.761370536303,Premium,1,Detractor,18-25,0.5552621048419368,1,0.19028129450722261,0,0,Promo Reliant
1101,50,Male,Pants,Clothing,28,Nevada,L,Gold,Spring,4.4,No,Express,1,Yes,2,Credit Card,Weekly,0,1,0,52,1456,1599.579492300768,High,1,Promoter,46-55,0.40816326530612246,0,0.2668447599884089,0,0,Promo Reliant
1102,30,Male,Gloves,Accessories,76,Delaware,Xl,Silver,Fall,3.0,No,Free Shipping,1,Yes,39,Cash,Fortnightly,0,1,0,26,1976,7289.225801329138,Premium,1,Neutral,26-35,0.5062825130052021,0,0.23883401408584076,0,0,Promo Reliant
1103,52,Male,Sweater,Clothing,83,Texas,M,Peach,Fall,2.9,No,Express,1,Yes,24,Cash,Fortnightly,0,1,0,26,2158,6946.334030065576,Premium,1,Detractor,46-55,0.38383353341336535,0,0.218397432848943,0,0,Promo Reliant
1104,35,Male,Hoodie,Clothing,23,Tennessee,S,Charcoal,Spring,4.3,No,Free Shipping,1,Yes,8,Debit Card,Bi-Weekly,0,1,0,26,598,1313.9402972470593,Mid,1,Promoter,26-35,0.25322128851540615,0,0.247816833174556,0,0,Bargain Hunters
1105,35,Male,Hat,Accessories,28,Delaware,M,Beige,Fall,3.1,No,Express,1,Yes,8,Bank Transfer,Quarterly,0,1,0,4,112,246.08915266165658,Low,1,Neutral,26-35,0.08067226890756302,0,0.0775431990858445,0,0,Bargain Hunters
1106,33,Male,T-Shirt,Clothing,83,Massachusetts,S,Olive,Spring,3.0,No,Next Day Air,1,Yes,6,Venmo,Every 3 Months,0,1,0,4,332,646.042169486364,Mid,1,Neutral,26-35,0.06434573829531813,0,0.07538372720627695,0,0,Bargain Hunters
1107,52,Male,Skirt,Clothing,96,Minnesota,L,Violet,Winter,3.6,No,Store Pickup,1,Yes,12,Venmo,Fortnightly,0,1,0,26,2496,6402.113596223996,Premium,1,Neutral,46-55,0.28587434973989595,0,0.2890073188664319,0,0,Promo Reliant
1108,69,Male,Sneakers,Footwear,62,Texas,M,Peach,Fall,2.8,No,Store Pickup,1,Yes,26,Bank Transfer,Weekly,0,1,0,52,3224,10625.778055997956,Premium,1,Detractor,56+,0.6040816326530613,1,0.2969272473061596,0,0,Promo Reliant
1109,27,Male,Shorts,Clothing,25,Nebraska,M,Teal,Fall,2.8,No,Standard,1,Yes,50,Cash,Fortnightly,0,1,0,26,650,2555.686661270812,High,1,Detractor,26-35,0.596078431372549,1,0.09836902180569229,0,0,Promo Reliant
1110,66,Male,Hoodie,Clothing,97,Oklahoma,L,Violet,Winter,3.8,No,Next Day Air,1,Yes,2,Venmo,Weekly,1,1,0,52,5044,5541.4003840419455,Premium,1,Neutral,56+,0.40816326530612246,0,0.29183015001957846,0,0,Promo Reliant
1111,28,Male,Hoodie,Clothing,61,Texas,L,Cyan,Fall,3.0,No,Standard,1,Yes,31,Cash,Bi-Weekly,0,1,0,26,1586,5496.657141840366,Premium,1,Neutral,26-35,0.4409763905562225,0,0.1947292778806969,0,0,Promo Reliant
1112,22,Male,Shoes,Footwear,66,New York,S,Olive,Summer,4.1,No,Next Day Air,1,Yes,4,Credit Card,Bi-Weekly,0,1,0,26,1716,2761.795457736916,High,1,Promoter,18-25,0.22056822729091635,0,0.25944016597056335,0,0,Promo Reliant
1113,69,Male,Hoodie,Clothing,67,Washington,Xl,Pink,Spring,4.6,No,Free Shipping,1,Yes,32,Paypal,Quarterly,0,1,0,4,268,937.0640264730167,Mid,1,Promoter,56+,0.27659063625450186,0,0.2745440901660912,0,0,At-Risk Loyalists
1114,28,Male,Sunglasses,Accessories,80,Maryland,M,Purple,Summer,4.8,No,Next Day Air,1,Yes,11,Paypal,Bi-Weekly,0,1,0,26,2080,5168.605831559041,Premium,1,Promoter,26-35,0.2777110844337735,0,0.40265783446617465,0,0,Promo Reliant
1115,55,Male,Skirt,Clothing,25,New Hampshire,L,Violet,Fall,2.6,No,Next Day Air,1,Yes,47,Bank Transfer,Every 3 Months,0,1,0,4,100,387.1201010907891,Low,1,Detractor,46-55,0.3990396158463386,0,0.02101315419428765,0,0,At-Risk Loyalists
1116,30,Male,Hat,Accessories,58,New York,S,Peach,Fall,4.0,No,2-Day Shipping,1,Yes,37,Cash,Weekly,0,1,0,52,3016,10970.959857734779,Premium,1,Promoter,26-35,0.6938775510204083,1,0.4494201729343253,1,1,Promo Reliant
1117,67,Male,Backpack,Accessories,96,Hawaii,M,Charcoal,Winter,4.2,No,Express,1,Yes,39,Paypal,Fortnightly,0,1,0,26,2496,9207.443117468385,Premium,1,Promoter,56+,0.5062825130052021,0,0.43003023625821124,1,0,Promo Reliant
1118,25,Male,Sunglasses,Accessories,77,California,L,Lavender,Spring,4.5,No,Store Pickup,1,Yes,24,Credit Card,Monthly,0,1,0,12,924,2974.2412621782173,High,1,Promoter,18-25,0.27402961184473795,0,0.31266722721208107,0,0,Promo Reliant
1119,49,Male,Belt,Accessories,65,Indiana,M,Purple,Summer,4.9,No,Standard,1,Yes,11,Paypal,Every 3 Months,0,1,0,4,260,646.0757289448801,Mid,1,Promoter,46-55,0.10516206482593038,0,0.30338455291025057,0,0,Bargain Hunters
1120,34,Male,Jewelry,Accessories,36,Louisiana,M,Indigo,Spring,3.1,No,Standard,1,Yes,36,Credit Card,Weekly,0,1,0,52,1872,6759.638332469988,Premium,1,Neutral,26-35,0.6857142857142857,1,0.2378039326504976,0,0,Promo Reliant
1121,22,Male,Sneakers,Footwear,84,Pennsylvania,M,Magenta,Winter,4.0,No,Next Day Air,1,Yes,40,Debit Card,Monthly,0,1,0,12,1008,3743.2806432379425,High,1,Promoter,18-25,0.40464185674269715,0,0.2715888338425794,0,0,Promo Reliant
1122,63,Male,T-Shirt,Clothing,58,Florida,Xl,Peach,Fall,3.2,No,Express,1,Yes,25,Cash,Quarterly,0,1,0,4,232,755.8783968209839,Mid,1,Neutral,56+,0.21944777911164468,0,0.1020861608378809,0,0,Bargain Hunters
1123,70,Male,Handbag,Accessories,62,North Carolina,S,Charcoal,Spring,4.3,No,2-Day Shipping,1,Yes,12,Credit Card,Annually,0,1,0,1,62,159.02686016261526,Low,1,Promoter,56+,0.08979591836734695,0,0.21940110013540295,0,0,Bargain Hunters
1124,36,Male,Hat,Accessories,67,Massachusetts,S,Purple,Fall,2.5,No,Store Pickup,1,Yes,38,Cash,Monthly,0,1,0,12,804,2945.5035634882356,High,1,Detractor,36-45,0.3883153261304522,0,0.07196015883109867,0,0,Promo Reliant
1125,42,Male,Sweater,Clothing,20,Iowa,M,Orange,Spring,3.8,No,Express,1,Yes,40,Cash,Quarterly,1,1,0,4,80,297.08576533634465,Low,1,Neutral,36-45,0.34189675870348146,0,0.16279793046668567,0,0,At-Risk Loyalists
1126,27,Male,Sandals,Footwear,90,North Dakota,M,Lavender,Summer,2.7,No,2-Day Shipping,1,Yes,10,Bank Transfer,Weekly,0,1,0,52,4680,11222.149876696374,Premium,1,Detractor,26-35,0.47346938775510206,0,0.2996005049762934,0,0,Promo Reliant
1127,23,Male,Scarf,Accessories,58,Iowa,L,Beige,Winter,3.4,No,Standard,1,Yes,47,Venmo,Fortnightly,0,1,0,26,1508,5837.7711244491,Premium,1,Neutral,18-25,0.5715886354541817,1,0.25112211803173184,0,0,Promo Reliant
1128,50,Male,Shirt,Clothing,53,Delaware,Xl,Maroon,Spring,4.8,No,Store Pickup,1,Yes,22,Debit Card,Monthly,0,1,0,12,636,1994.1743213309392,High,1,Promoter,46-55,0.257703081232493,0,0.3245534541297272,0,0,Promo Reliant
1129,56,Male,Gloves,Accessories,30,New York,L,Charcoal,Winter,4.7,No,Next Day Air,1,Yes,35,Debit Card,Monthly,0,1,0,12,360,1290.0668178441995,Mid,1,Promoter,56+,0.36382553021208486,0,0.295229445067669,0,0,At-Risk Loyalists
1130,37,Male,Hoodie,Clothing,65,New Hampshire,Xl,White,Winter,4.7,No,Express,1,Yes,46,Venmo,Fortnightly,0,1,0,26,1690,6506.749446889999,Premium,1,Promoter,36-45,0.5634253701480593,1,0.4235818013370453,0,0,Promo Reliant
1131,67,Male,Jewelry,Accessories,41,Kentucky,M,Lavender,Summer,3.9,No,Standard,1,Yes,30,Paypal,Bi-Weekly,0,1,0,26,1066,3660.630359981166,High,1,Neutral,56+,0.4328131252501001,0,0.25755528889520757,0,0,Promo Reliant
1132,67,Male,Shirt,Clothing,73,Illinois,M,Black,Spring,3.7,No,Express,1,Yes,20,Bank Transfer,Monthly,0,1,0,12,876,2667.0016554457184,High,1,Neutral,56+,0.2413765506202481,0,0.2091078393275615,0,0,Promo Reliant
1133,50,Male,Hoodie,Clothing,98,North Carolina,S,Teal,Spring,4.3,No,Store Pickup,1,Yes,25,Cash,Fortnightly,0,1,0,26,2548,8301.629978878736,Premium,1,Promoter,46-55,0.3919967987194878,0,0.41974341933927467,0,0,Promo Reliant
1134,36,Male,Shoes,Footwear,36,Connecticut,Xl,Magenta,Winter,4.1,No,2-Day Shipping,1,Yes,29,Cash,Weekly,0,1,0,52,1872,6367.041498471555,Premium,1,Promoter,36-45,0.6285714285714286,1,0.3481443975990403,0,0,Promo Reliant
1135,62,Male,T-Shirt,Clothing,81,Wisconsin,M,Brown,Summer,3.8,No,Express,1,Yes,2,Venmo,Every 3 Months,1,1,0,4,324,355.9503815284676,Low,1,Neutral,56+,0.03169267707082833,0,0.16424624786040326,0,0,Bargain Hunters
1136,65,Male,Skirt,Clothing,90,Massachusetts,L,Peach,Winter,3.6,No,2-Day Shipping,1,Yes,32,Bank Transfer,Quarterly,0,1,0,4,360,1258.742722127933,Mid,1,Neutral,56+,0.27659063625450186,0,0.16245874043043373,0,0,At-Risk Loyalists
1137,23,Male,Handbag,Accessories,83,Illinois,S,Cyan,Summer,4.8,No,Free Shipping,1,Yes,37,Cash,Monthly,0,1,0,12,996,3623.03581508748,High,1,Promoter,18-25,0.3801520608243298,0,0.3646303048079808,0,0,Promo Reliant
1138,46,Male,Shirt,Clothing,91,New Mexico,Xl,Pink,Winter,2.8,No,2-Day Shipping,1,Yes,16,Bank Transfer,Every 3 Months,0,1,0,4,364,1031.2896572364627,Mid,1,Detractor,46-55,0.14597839135654261,0,0.06086243739736008,0,0,Bargain Hunters
1139,18,Male,Pants,Clothing,36,Iowa,M,Purple,Summer,4.7,No,Express,1,Yes,32,Venmo,Fortnightly,0,1,0,26,936,3272.7310775326255,High,1,Promoter,18-25,0.44913965586234494,0,0.3440113333897953,0,0,Promo Reliant
1140,58,Male,Coat,Outerwear,53,Alabama,L,Purple,Spring,3.9,No,Standard,1,Yes,42,Debit Card,Bi-Weekly,0,1,0,26,1378,5182.933759425729,Premium,1,Neutral,56+,0.5307723089235694,0,0.2950103618160095,0,0,Promo Reliant
1141,31,Male,Jeans,Clothing,39,Maryland,M,White,Winter,2.6,No,Store Pickup,1,Yes,6,Credit Card,Every 3 Months,0,1,0,4,156,303.56198325262886,Low,1,Detractor,26-35,0.06434573829531813,0,0.01895727269399332,0,0,Bargain Hunters
1142,39,Male,Gloves,Accessories,33,Ohio,S,Silver,Winter,4.7,No,Next Day Air,1,Yes,23,Paypal,Fortnightly,0,1,0,26,858,2726.7701864385376,High,1,Promoter,36-45,0.3756702681072429,0,0.33057839683109336,0,0,Promo Reliant
1143,69,Male,T-Shirt,Clothing,76,Ohio,L,Green,Spring,3.5,No,Store Pickup,1,Yes,27,Venmo,Bi-Weekly,0,1,0,26,1976,6584.436112106203,Premium,1,Neutral,56+,0.4083233293317327,0,0.2814932203824922,0,0,Promo Reliant
1144,68,Male,Boots,Footwear,23,Nevada,L,Teal,Winter,4.4,No,Standard,1,Yes,43,Paypal,Quarterly,0,1,0,4,92,348.14544632048,Low,1,Promoter,56+,0.36638655462184877,0,0.2360542135934734,0,0,At-Risk Loyalists
1145,41,Male,Jeans,Clothing,54,South Carolina,S,Indigo,Fall,4.4,No,2-Day Shipping,1,Yes,25,Bank Transfer,Fortnightly,0,1,0,26,1404,4574.367539382161,High,1,Promoter,36-45,0.3919967987194878,0,0.34003707058038246,0,0,Promo Reliant
1146,31,Male,Sneakers,Footwear,89,Nevada,L,Pink,Summer,3.0,No,Express,1,Yes,30,Cash,Every 3 Months,0,1,0,4,356,1222.4994447967122,Mid,1,Neutral,26-35,0.2602641056422569,0,0.08956700321443263,0,0,At-Risk Loyalists
1147,48,Male,Sneakers,Footwear,38,Wisconsin,M,Indigo,Summer,4.2,No,Standard,1,Yes,7,Bank Transfer,Every 3 Months,0,1,0,4,152,316.07511433533506,Low,1,Promoter,46-55,0.07250900360144058,0,0.2112651484021743,0,0,Bargain Hunters
1148,59,Male,Hat,Accessories,36,Tennessee,Xl,Red,Winter,4.3,No,Next Day Air,1,Yes,17,Debit Card,Annually,0,1,0,1,36,104.05338328426193,Low,1,Promoter,56+,0.13061224489795917,0,0.21804852115151577,0,0,Bargain Hunters
1149,34,Male,Pants,Clothing,66,Florida,M,Violet,Spring,2.6,No,Store Pickup,1,Yes,10,Paypal,Fortnightly,0,1,0,26,1716,4114.788288122004,High,1,Detractor,26-35,0.2695478191276511,0,0.11272948605083502,0,0,Promo Reliant
1150,21,Male,Jewelry,Accessories,42,Georgia,L,Cyan,Spring,3.3,No,Store Pickup,1,Yes,40,Venmo,Annually,0,1,0,1,42,155.97002680158093,Low,1,Neutral,18-25,0.31836734693877555,0,0.09932588916465557,0,0,At-Risk Loyalists
1151,29,Male,Jewelry,Accessories,36,Kentucky,S,Red,Winter,2.7,No,Next Day Air,1,Yes,50,Venmo,Bi-Weekly,0,1,0,26,936,3680.188792229969,High,1,Detractor,26-35,0.596078431372549,1,0.11403650867463051,0,0,Promo Reliant
1152,41,Male,Blouse,Clothing,86,Ohio,M,Gray,Spring,3.8,No,Express,1,Yes,24,Credit Card,Weekly,1,1,0,52,4472,14394.812688810593,Premium,1,Neutral,36-45,0.5877551020408164,1,0.5096613678924587,1,1,Promo Reliant
1153,62,Male,Handbag,Accessories,49,Connecticut,M,Gold,Fall,4.0,No,Standard,1,Yes,8,Paypal,Every 3 Months,0,1,0,4,196,430.65601715789904,Low,1,Promoter,56+,0.08067226890756302,0,0.19008432102710326,0,0,Bargain Hunters
1154,27,Male,Shirt,Clothing,41,Idaho,M,Pink,Summer,4.0,No,Free Shipping,1,Yes,6,Bank Transfer,Quarterly,0,1,0,4,164,319.1292644450714,Low,1,Promoter,26-35,0.06434573829531813,0,0.18734029335364255,0,0,Bargain Hunters
1155,49,Male,Dress,Clothing,82,Georgia,L,Cyan,Spring,2.9,No,2-Day Shipping,1,Yes,44,Credit Card,Bi-Weekly,0,1,0,26,2132,8115.804428190321,Premium,1,Detractor,46-55,0.5470988395358143,1,0.24717132841829118,0,0,Promo Reliant
1156,67,Male,T-Shirt,Clothing,53,Tennessee,S,Red,Fall,2.6,No,Express,1,Yes,47,Paypal,Quarterly,0,1,0,4,212,820.6946143124729,Mid,1,Detractor,56+,0.3990396158463386,0,0.031680912681357074,0,0,At-Risk Loyalists
1157,20,Male,Shoes,Footwear,21,Hawaii,M,Gold,Summer,4.8,No,Express,1,Yes,6,Venmo,Every 3 Months,0,1,0,4,84,163.4564525206463,Low,1,Promoter,18-25,0.06434573829531813,0,0.27951008675714994,0,0,Bargain Hunters
1158,37,Male,Belt,Accessories,66,Maryland,M,Charcoal,Fall,4.4,No,Standard,1,Yes,11,Cash,Quarterly,0,1,0,4,264,656.0153555440321,Mid,1,Promoter,36-45,0.10516206482593038,0,0.24362910957301084,0,0,Bargain Hunters
1159,69,Male,Belt,Accessories,89,Nevada,L,Orange,Summer,4.0,No,2-Day Shipping,1,Yes,41,Bank Transfer,Annually,0,1,0,1,89,332.6525960272198,Low,1,Promoter,56+,0.326530612244898,0,0.18767302424731747,0,0,At-Risk Loyalists
1160,66,Male,Handbag,Accessories,55,New Hampshire,L,Blue,Fall,3.6,No,2-Day Shipping,1,Yes,46,Venmo,Every 3 Months,0,1,0,4,220,847.0324723762128,Mid,1,Neutral,56+,0.3908763505402161,0,0.1523289348789788,0,0,At-Risk Loyalists
1161,37,Male,Scarf,Accessories,42,North Dakota,S,Blue,Summer,3.2,No,Next Day Air,1,Yes,9,Venmo,Bi-Weekly,0,1,0,26,1092,2514.422921549498,High,1,Neutral,36-45,0.2613845538215286,0,0.14535376007743847,0,0,Promo Reliant
1162,63,Male,Shorts,Clothing,52,Oklahoma,S,Orange,Fall,3.1,No,2-Day Shipping,1,Yes,37,Paypal,Monthly,0,1,0,12,624,2269.8537636692645,High,1,Neutral,56+,0.3801520608243298,0,0.12733632909362436,0,0,Promo Reliant
1163,47,Male,Sandals,Footwear,92,North Carolina,M,Blue,Winter,4.2,No,Express,1,Yes,13,Paypal,Weekly,0,1,0,52,4784,12625.250264879396,Premium,1,Promoter,46-55,0.4979591836734694,0,0.5141226819442851,1,0,Promo Reliant
1164,26,Male,Pants,Clothing,56,Tennessee,L,White,Summer,3.0,No,2-Day Shipping,1,Yes,24,Debit Card,Monthly,0,1,0,12,672,2163.0845543114306,High,1,Neutral,26-35,0.27402961184473795,0,0.11270935701719519,0,0,Promo Reliant
1165,68,Male,Dress,Clothing,96,Montana,M,Green,Winter,4.2,No,Standard,1,Yes,47,Paypal,Quarterly,0,1,0,4,384,1486.5411881886303,Mid,1,Promoter,56+,0.3990396158463386,0,0.2400635417864994,0,0,At-Risk Loyalists
1166,51,Male,T-Shirt,Clothing,64,Wisconsin,M,Silver,Winter,2.9,No,Next Day Air,1,Yes,21,Venmo,Every 3 Months,0,1,0,4,256,791.3068680597289,Mid,1,Detractor,46-55,0.18679471788715488,0,0.06695785039346086,0,0,Bargain Hunters
1167,48,Male,Dress,Clothing,48,Connecticut,S,Lavender,Winter,3.7,No,Store Pickup,1,Yes,22,Venmo,Fortnightly,0,1,0,26,1248,3913.0967814795786,High,1,Neutral,46-55,0.3675070028011205,0,0.23976702581356907,0,0,Promo Reliant
1168,60,Male,Socks,Clothing,83,New Jersey,Xl,Beige,Summer,3.6,No,Free Shipping,1,Yes,16,Paypal,Quarterly,0,1,0,4,332,940.6268302266637,Mid,1,Neutral,56+,0.14597839135654261,0,0.1546317501387643,0,0,Bargain Hunters
1169,68,Male,Scarf,Accessories,91,Mississippi,L,Violet,Summer,3.6,No,Standard,1,Yes,37,Debit Card,Fortnightly,0,1,0,26,2366,8606.528853912629,Premium,1,Neutral,56+,0.48995598239295723,0,0.34324521536891744,0,0,Promo Reliant
1170,25,Male,Backpack,Accessories,94,Wyoming,S,Gray,Fall,4.5,No,2-Day Shipping,1,Yes,3,Cash,Annually,0,1,0,1,94,130.31166994526973,Low,1,Promoter,18-25,0.016326530612244896,0,0.24269458555761392,0,0,Bargain Hunters
1171,57,Male,Skirt,Clothing,62,Illinois,S,Red,Spring,3.2,No,Express,1,Yes,33,Cash,Bi-Weekly,0,1,0,26,1612,5684.493165681252,Premium,1,Neutral,56+,0.4573029211684674,0,0.22335083490584767,0,0,Promo Reliant
1172,41,Male,Socks,Clothing,55,Louisiana,M,Lavender,Spring,3.9,No,Next Day Air,1,Yes,15,Debit Card,Annually,0,1,0,1,55,152.49237972318795,Low,1,Neutral,36-45,0.11428571428571428,0,0.1712403244047256,0,0,Bargain Hunters
1173,59,Male,Coat,Outerwear,68,Oregon,L,Peach,Spring,4.6,No,Store Pickup,1,Yes,42,Bank Transfer,Bi-Weekly,0,1,0,26,1768,6649.801804546219,Premium,1,Promoter,56+,0.5307723089235694,0,0.415101491623135,0,0,Promo Reliant
1174,44,Male,Jewelry,Accessories,76,South Dakota,M,Indigo,Winter,2.5,No,Express,1,Yes,42,Cash,Bi-Weekly,0,1,0,26,1976,7432.131428610479,Premium,1,Detractor,36-45,0.5307723089235694,0,0.18235009418693526,0,0,Promo Reliant
1175,42,Male,Backpack,Accessories,31,Michigan,M,Black,Winter,4.3,No,Express,1,Yes,19,Bank Transfer,Bi-Weekly,0,1,0,26,806,2414.560212484517,High,1,Promoter,36-45,0.3430172068827531,0,0.2748967169863816,0,0,Promo Reliant
1176,35,Male,Belt,Accessories,81,New Jersey,M,Beige,Spring,4.1,No,Store Pickup,1,Yes,26,Paypal,Quarterly,0,1,0,4,324,1067.8511445854026,Mid,1,Promoter,26-35,0.2276110444177671,0,0.21776200391954428,0,0,Bargain Hunters
1177,36,Male,Dress,Clothing,83,Oregon,M,Red,Winter,3.8,No,Free Shipping,1,Yes,39,Paypal,Quarterly,1,1,0,4,332,1224.7079787658267,Mid,1,Neutral,36-45,0.3337334933973589,0,0.18562134244857703,0,0,At-Risk Loyalists
1178,54,Male,Skirt,Clothing,21,Iowa,M,Black,Spring,4.8,No,Standard,1,Yes,24,Debit Card,Monthly,0,1,0,12,252,811.1567078667865,Mid,1,Promoter,46-55,0.27402961184473795,0,0.2954462400257187,0,0,Bargain Hunters
1179,37,Male,Dress,Clothing,22,South Carolina,M,Teal,Spring,4.9,No,Express,1,Yes,23,Debit Card,Annually,0,1,0,1,22,69.9171842676548,Low,1,Promoter,36-45,0.1795918367346939,0,0.2892086269334036,0,0,Bargain Hunters
1180,20,Male,T-Shirt,Clothing,33,Indiana,M,Blue,Summer,2.8,No,Free Shipping,1,Yes,44,Bank Transfer,Annually,0,1,0,1,33,125.61986216242055,Low,1,Detractor,18-25,0.3510204081632653,0,0.038579147332421015,0,0,At-Risk Loyalists
1181,23,Male,Skirt,Clothing,23,Oregon,S,Beige,Spring,4.9,No,Standard,1,Yes,34,Cash,Monthly,0,1,0,12,276,981.2760649710781,Mid,1,Promoter,18-25,0.3556622649059624,0,0.31163189245736017,0,0,At-Risk Loyalists
1182,61,Male,Shorts,Clothing,96,New York,L,Teal,Summer,3.5,No,Free Shipping,1,Yes,43,Bank Transfer,Quarterly,0,1,0,4,384,1453.1288194246122,Mid,1,Neutral,56+,0.36638655462184877,0,0.1552414568401151,0,0,At-Risk Loyalists
1183,37,Male,Jewelry,Accessories,21,New Mexico,M,Maroon,Spring,3.8,No,Express,1,Yes,45,Paypal,Quarterly,0,1,0,4,84,321.605877305084,Low,1,Neutral,36-45,0.38271308523409364,0,0.1634012284571851,0,0,At-Risk Loyalists
1184,23,Male,Pants,Clothing,39,Louisiana,M,Yellow,Spring,4.5,No,2-Day Shipping,1,Yes,4,Credit Card,Weekly,0,1,0,52,2028,3263.9400864163554,High,1,Promoter,18-25,0.4244897959183674,0,0.3197950379959689,0,0,Promo Reliant
1185,63,Male,Belt,Accessories,73,South Carolina,S,Indigo,Fall,3.4,No,Express,1,Yes,19,Credit Card,Annually,0,1,0,1,73,218.68845596944132,Low,1,Neutral,56+,0.1469387755102041,0,0.11286902658313436,0,0,Bargain Hunters
1186,47,Male,Jeans,Clothing,64,Maine,M,Magenta,Spring,3.9,No,Standard,1,Yes,29,Credit Card,Monthly,0,1,0,12,768,2612.1195891165353,High,1,Neutral,46-55,0.31484593837535013,0,0.23175750942804613,0,0,Promo Reliant
1187,63,Male,Jeans,Clothing,68,Indiana,M,Beige,Summer,4.1,No,2-Day Shipping,1,Yes,27,Credit Card,Annually,0,1,0,1,68,226.58990669191385,Low,1,Promoter,56+,0.2122448979591837,0,0.19706343553807612,0,0,Bargain Hunters
1188,56,Male,Hat,Accessories,89,Iowa,L,Maroon,Fall,3.0,No,Express,1,Yes,37,Credit Card,Every 3 Months,0,1,0,4,356,1294.9806728625933,Mid,1,Neutral,56+,0.31740696278511404,0,0.09135034658973311,0,0,At-Risk Loyalists
1189,68,Male,Blouse,Clothing,29,Mississippi,M,Magenta,Summer,3.3,No,Next Day Air,1,Yes,11,Credit Card,Weekly,0,1,0,52,1508,3747.2392278803045,High,1,Neutral,56+,0.4816326530612245,0,0.18768623169145562,0,0,Promo Reliant
1190,64,Male,Shirt,Clothing,97,Arkansas,Xl,Teal,Summer,3.8,No,Free Shipping,1,Yes,28,Debit Card,Annually,1,1,0,1,97,326.62769550868796,Low,1,Neutral,56+,0.2204081632653061,0,0.16352478632815853,0,0,Bargain Hunters
1191,62,Male,Shirt,Clothing,45,South Carolina,M,Orange,Winter,4.3,No,Next Day Air,1,Yes,31,Credit Card,Weekly,0,1,0,52,2340,8109.82201255136,Premium,1,Promoter,56+,0.6448979591836735,1,0.41502413580604214,0,0,Promo Reliant
1192,34,Male,T-Shirt,Clothing,70,Indiana,L,Charcoal,Winter,4.1,No,Free Shipping,1,Yes,50,Venmo,Quarterly,0,1,0,4,280,1100.911177162811,Mid,1,Promoter,26-35,0.42352941176470593,0,0.21857541991231072,0,0,At-Risk Loyalists
1193,49,Male,Coat,Outerwear,56,Florida,M,Turquoise,Summer,4.0,No,2-Day Shipping,1,Yes,42,Venmo,Quarterly,0,1,0,4,224,842.508825915358,Mid,1,Promoter,46-55,0.35822328931572633,0,0.20021763413031,0,0,At-Risk Loyalists
1194,40,Male,Jacket,Outerwear,55,Alaska,L,Pink,Fall,5.0,No,2-Day Shipping,1,Yes,18,Credit Card,Fortnightly,0,1,0,26,1430,4210.54774020801,High,1,Promoter,36-45,0.3348539415766306,0,0.4030855717444267,0,0,Promo Reliant
1195,50,Male,Hoodie,Clothing,46,New York,S,Teal,Winter,3.1,No,2-Day Shipping,1,Yes,6,Credit Card,Fortnightly,0,1,0,26,1196,2327.3085382701547,High,1,Neutral,46-55,0.23689475790316128,0,0.1287499584483967,0,0,Promo Reliant
1196,25,Male,Scarf,Accessories,95,Texas,M,White,Winter,4.0,No,2-Day Shipping,1,Yes,33,Venmo,Monthly,0,1,0,12,1140,4020.0509980624242,High,1,Promoter,18-25,0.34749899959983993,0,0.2783985498466621,0,0,Promo Reliant
1197,30,Male,Belt,Accessories,88,North Dakota,M,Maroon,Winter,3.2,No,2-Day Shipping,1,Yes,13,Bank Transfer,Bi-Weekly,0,1,0,26,2288,6038.163170159712,Premium,1,Neutral,26-35,0.29403761504601844,0,0.23205260605900568,0,0,Promo Reliant
1198,54,Male,Sneakers,Footwear,92,Vermont,L,Violet,Fall,3.9,No,Standard,1,Yes,26,Paypal,Annually,0,1,0,1,92,303.2169916723983,Low,1,Neutral,46-55,0.20408163265306123,0,0.17494878444861506,0,0,Bargain Hunters
1199,40,Male,Socks,Clothing,49,New Jersey,M,Brown,Summer,3.9,No,2-Day Shipping,1,Yes,17,Cash,Annually,0,1,0,1,49,141.62821613691207,Low,1,Neutral,36-45,0.13061224489795917,0,0.17097302023954017,0,0,Bargain Hunters
1200,49,Male,Sandals,Footwear,89,Maryland,M,Indigo,Fall,4.5,No,Free Shipping,1,Yes,3,Debit Card,Weekly,0,1,0,52,4628,6415.770303262853,Premium,1,Promoter,46-55,0.4163265306122449,0,0.3973433313578873,0,0,Promo Reliant
1201,27,Male,Coat,Outerwear,22,Connecticut,Xl,Black,Winter,4.4,No,Store Pickup,1,Yes,7,Paypal,Weekly,0,1,0,52,1144,2378.881123681732,High,1,Promoter,26-35,0.44897959183673475,0,0.2860188611835609,0,0,Promo Reliant
1202,27,Male,Shoes,Footwear,61,Illinois,Xl,Black,Summer,3.1,No,2-Day Shipping,1,Yes,46,Venmo,Fortnightly,0,1,0,26,1586,6106.334096312153,Premium,1,Neutral,26-35,0.5634253701480593,1,0.22172989785973996,0,0,Promo Reliant
1203,48,Male,Scarf,Accessories,29,Maryland,S,Olive,Spring,2.9,No,Standard,1,Yes,14,Venmo,Every 3 Months,0,1,0,4,116,314.13382332785636,Low,1,Detractor,46-55,0.12965186074429774,0,0.0552173844700487,0,0,Bargain Hunters
1204,40,Male,Sneakers,Footwear,82,Minnesota,M,Orange,Winter,3.7,No,Free Shipping,1,Yes,23,Bank Transfer,Annually,0,1,0,1,82,260.6004140885316,Low,1,Neutral,36-45,0.1795918367346939,0,0.1499002372131421,0,0,Bargain Hunters
1205,67,Male,Belt,Accessories,94,Florida,M,Pink,Spring,3.2,No,2-Day Shipping,1,Yes,20,Credit Card,Every 3 Months,0,1,0,4,376,1144.740436584007,Mid,1,Neutral,56+,0.1786314525810324,0,0.11165380422668897,0,0,Bargain Hunters
1206,52,Male,Handbag,Accessories,99,California,M,Olive,Spring,3.5,No,Standard,1,Yes,38,Bank Transfer,Fortnightly,0,1,0,26,2574,9430.00767713771,Premium,1,Neutral,46-55,0.49811924769907967,0,0.3515062614809378,0,0,Promo Reliant
1207,22,Male,Handbag,Accessories,59,Mississippi,S,Cyan,Fall,3.0,No,Free Shipping,1,Yes,16,Venmo,Every 3 Months,0,1,0,4,236,668.638349197267,Mid,1,Neutral,18-25,0.14597839135654261,0,0.07593968836297688,0,0,Bargain Hunters
1208,62,Male,Boots,Footwear,90,Washington,M,White,Summer,4.1,No,Next Day Air,1,Yes,48,Credit Card,Every 3 Months,0,1,0,4,360,1401.0553073198255,Mid,1,Promoter,56+,0.40720288115246095,0,0.2259602291992659,0,0,At-Risk Loyalists
1209,20,Male,Boots,Footwear,100,Wisconsin,S,Red,Winter,3.8,No,2-Day Shipping,1,Yes,8,Debit Card,Annually,1,1,0,1,100,219.72245773362195,Low,1,Neutral,18-25,0.05714285714285714,0,0.16089446737995036,0,0,Bargain Hunters
1210,41,Male,Pants,Clothing,62,Pennsylvania,M,Blue,Winter,3.8,No,Next Day Air,1,Yes,16,Bank Transfer,Monthly,0,1,0,12,744,2107.910727977825,High,1,Neutral,36-45,0.20872348939575833,0,0.20735184859318528,0,0,Promo Reliant
1211,34,Male,Sunglasses,Accessories,78,Missouri,M,Olive,Fall,4.1,No,Next Day Air,1,Yes,5,Cash,Quarterly,0,1,0,4,312,559.0289543991531,Mid,1,Promoter,26-35,0.056182472989195674,0,0.20524283576679514,0,0,Bargain Hunters
1212,23,Male,Hoodie,Clothing,94,Oklahoma,M,Green,Spring,4.6,No,Store Pickup,1,Yes,14,Venmo,Every 3 Months,0,1,0,4,376,1018.226875614431,Mid,1,Promoter,18-25,0.12965186074429774,0,0.2765410379717395,0,0,Bargain Hunters
1213,32,Male,Shoes,Footwear,74,Pennsylvania,M,Yellow,Summer,2.5,No,Free Shipping,1,Yes,18,Credit Card,Weekly,0,1,0,52,3848,11330.201191832462,Premium,1,Detractor,26-35,0.5387755102040817,0,0.2782590222528674,0,0,Promo Reliant
1214,68,Male,Handbag,Accessories,52,Kentucky,Xl,Black,Spring,3.7,No,Express,1,Yes,14,Debit Card,Every 3 Months,0,1,0,4,208,563.2744418292597,Mid,1,Neutral,56+,0.12965186074429774,0,0.15734729263218547,0,0,Bargain Hunters
1215,30,Male,Jacket,Outerwear,81,Vermont,M,Blue,Fall,3.8,No,Free Shipping,1,Yes,5,Cash,Every 3 Months,0,1,0,4,324,580.5300680298898,Mid,1,Neutral,26-35,0.056182472989195674,0,0.16977185368740907,0,0,Bargain Hunters
1216,66,Male,Blouse,Clothing,20,Oregon,L,Pink,Winter,2.6,No,2-Day Shipping,1,Yes,15,Credit Card,Every 3 Months,0,1,0,4,80,221.8070977791825,Low,1,Detractor,56+,0.13781512605042018,0,0.016945758301949644,0,0,Bargain Hunters
1217,62,Male,Pants,Clothing,32,Utah,Xl,Lavender,Summer,3.7,No,Free Shipping,1,Yes,3,Venmo,Every 3 Months,0,1,0,4,128,177.445678223346,Low,1,Neutral,56+,0.03985594237695078,0,0.1478542806077263,0,0,Bargain Hunters
1218,50,Male,Boots,Footwear,63,Nebraska,Xl,Cyan,Fall,2.6,No,Free Shipping,1,Yes,12,Cash,Every 3 Months,0,1,0,4,252,646.3672380803073,Mid,1,Detractor,46-55,0.11332533013205283,0,0.02739172526231156,0,0,Bargain Hunters
1219,55,Male,Boots,Footwear,79,Pennsylvania,M,Cyan,Spring,3.1,No,Store Pickup,1,Yes,43,Cash,Every 3 Months,0,1,0,4,316,1195.8039243181704,Mid,1,Neutral,46-55,0.36638655462184877,0,0.1009101810155547,0,0,At-Risk Loyalists
1220,19,Male,Sweater,Clothing,23,Vermont,M,Gold,Winter,2.5,No,Next Day Air,1,Yes,35,Credit Card,Bi-Weekly,0,1,0,26,598,2142.9443251967537,High,1,Detractor,18-25,0.47362945178071225,0,0.052213822585355174,0,0,Promo Reliant
1221,67,Male,Gloves,Accessories,64,Kentucky,M,Green,Winter,3.8,No,Express,1,Yes,36,Bank Transfer,Quarterly,1,1,0,4,256,924.3949856369214,Mid,1,Neutral,56+,0.3092436974789916,0,0.17823237842155615,0,0,At-Risk Loyalists
1222,18,Male,Socks,Clothing,69,Iowa,M,Red,Winter,4.5,No,Standard,1,Yes,3,Cash,Quarterly,0,1,0,4,276,382.6172436690898,Low,1,Promoter,18-25,0.03985594237695078,0,0.24890236494350934,0,0,Bargain Hunters
1223,58,Male,Jeans,Clothing,69,Indiana,L,Magenta,Fall,3.4,No,Store Pickup,1,Yes,27,Bank Transfer,Annually,0,1,0,1,69,229.92211120208907,Low,1,Neutral,56+,0.2122448979591837,0,0.11314542179847677,0,0,Bargain Hunters
1224,69,Male,Pants,Clothing,24,Kansas,L,Red,Winter,3.9,No,Free Shipping,1,Yes,21,Bank Transfer,Weekly,0,1,0,52,1248,3857.6209817911786,High,1,Neutral,56+,0.5632653061224491,1,0.2624020875736446,0,0,Promo Reliant
1225,62,Male,Shorts,Clothing,50,Illinois,M,Yellow,Summer,3.7,No,Store Pickup,1,Yes,18,Venmo,Weekly,0,1,0,52,2600,7655.541345832745,Premium,1,Neutral,56+,0.5387755102040817,0,0.33184691876464,0,0,Promo Reliant
1226,28,Male,Gloves,Accessories,97,North Carolina,S,Turquoise,Fall,2.6,No,Free Shipping,1,Yes,16,Debit Card,Weekly,0,1,0,52,5044,14290.728107419554,Premium,1,Detractor,26-35,0.5224489795918368,0,0.36310044896699695,0,0,Promo Reliant
1227,53,Male,Sandals,Footwear,91,Ohio,S,Cyan,Fall,3.4,No,Store Pickup,1,Yes,18,Venmo,Bi-Weekly,0,1,0,26,2366,6966.542624707798,Premium,1,Neutral,46-55,0.3348539415766306,0,0.2788946493605973,0,0,Promo Reliant
1228,27,Male,Blouse,Clothing,37,Illinois,L,Yellow,Spring,4.9,No,Store Pickup,1,Yes,19,Bank Transfer,Bi-Weekly,0,1,0,26,962,2881.8944471589393,High,1,Promoter,26-35,0.3430172068827531,0,0.3583951067584233,0,0,Promo Reliant
1229,55,Male,Jacket,Outerwear,55,Indiana,S,Yellow,Winter,3.9,No,Express,1,Yes,1,Cash,Annually,0,1,0,1,55,38.12309493079699,Low,1,Neutral,46-55,0.0,0,0.16842635847430598,0,0,Bargain Hunters
1230,34,Male,Jewelry,Accessories,52,Kansas,Xl,Maroon,Winter,3.6,No,Express,1,Yes,39,Bank Transfer,Annually,0,1,0,1,52,191.8217316139247,Low,1,Neutral,26-35,0.31020408163265306,0,0.13620799204806985,0,0,At-Risk Loyalists
1231,25,Male,Hat,Accessories,80,Illinois,L,Brown,Spring,3.8,No,Standard,1,Yes,49,Venmo,Monthly,1,1,0,12,960,3755.54208521102,High,1,Neutral,18-25,0.4781112444977992,0,0.24789051693898673,0,0,Promo Reliant
1232,66,Male,Socks,Clothing,79,Pennsylvania,M,Gold,Spring,4.0,No,2-Day Shipping,1,Yes,43,Credit Card,Fortnightly,0,1,0,26,2054,7772.725508068108,Premium,1,Promoter,56+,0.5389355742296918,0,0.37073014253152514,0,0,Promo Reliant
1233,57,Male,Handbag,Accessories,23,New York,M,Charcoal,Summer,3.6,No,Free Shipping,1,Yes,31,Debit Card,Every 3 Months,0,1,0,4,92,318.84770305757485,Low,1,Neutral,56+,0.2684273709483794,0,0.13933336575806327,0,0,At-Risk Loyalists
1234,46,Male,Pants,Clothing,73,Utah,L,Beige,Winter,3.5,No,Next Day Air,1,Yes,40,Venmo,Every 3 Months,0,1,0,4,292,1084.3630434776578,Mid,1,Neutral,46-55,0.34189675870348146,0,0.1461682661516959,0,0,At-Risk Loyalists
1235,38,Male,Gloves,Accessories,99,New Jersey,M,Indigo,Fall,4.1,No,Store Pickup,1,Yes,2,Bank Transfer,Bi-Weekly,0,1,0,26,2574,2827.8280310317145,High,1,Promoter,36-45,0.20424169667867145,0,0.2610648452879762,0,0,Promo Reliant
1236,23,Male,Sweater,Clothing,22,Idaho,M,Red,Spring,3.0,No,Store Pickup,1,Yes,46,Paypal,Every 3 Months,0,1,0,4,88,338.81298895048513,Low,1,Neutral,18-25,0.3908763505402161,0,0.0678245958500912,0,0,At-Risk Loyalists
1237,42,Male,Hat,Accessories,68,New Mexico,M,White,Summer,4.4,No,Store Pickup,1,Yes,35,Debit Card,Every 3 Months,0,1,0,4,272,974.7171512600619,Mid,1,Promoter,36-45,0.3010804321728692,0,0.2514705155653313,0,0,At-Risk Loyalists
1238,25,Male,Dress,Clothing,92,Michigan,S,Charcoal,Spring,4.4,No,2-Day Shipping,1,Yes,42,Credit Card,Quarterly,0,1,0,4,368,1384.121642575231,Mid,1,Promoter,18-25,0.35822328931572633,0,0.2615435897514025,0,0,At-Risk Loyalists
1239,55,Male,Pants,Clothing,77,Wyoming,M,Violet,Winter,3.7,No,Express,1,Yes,3,Venmo,Fortnightly,0,1,0,26,2002,2775.361310962021,High,1,Neutral,46-55,0.21240496198479392,0,0.21177394307568223,0,0,Promo Reliant
1240,62,Male,Coat,Outerwear,37,New Jersey,Xl,Magenta,Spring,4.8,No,Standard,1,Yes,32,Debit Card,Every 3 Months,0,1,0,4,148,517.4831190970391,Low,1,Promoter,56+,0.27659063625450186,0,0.2882206332995576,0,0,At-Risk Loyalists
1241,41,Male,Scarf,Accessories,79,New Jersey,L,White,Winter,2.9,No,Store Pickup,1,Yes,48,Debit Card,Annually,0,1,0,1,79,307.4538035507395,Low,1,Detractor,36-45,0.3836734693877551,0,0.05505302785890562,0,0,At-Risk Loyalists
1242,58,Male,Hoodie,Clothing,51,Hawaii,Xl,Pink,Winter,3.1,No,Express,1,Yes,34,Credit Card,Weekly,0,1,0,52,2652,9428.783059069925,Premium,1,Neutral,56+,0.6693877551020408,1,0.3034761307205087,0,0,Promo Reliant
1243,56,Male,Socks,Clothing,27,Nevada,M,Lavender,Summer,4.0,No,Next Day Air,1,Yes,15,Bank Transfer,Quarterly,0,1,0,4,108,299.4395820018964,Low,1,Promoter,56+,0.13781512605042018,0,0.18685584426684052,0,0,Bargain Hunters
1244,25,Male,Blouse,Clothing,23,New Hampshire,S,Pink,Spring,3.0,No,Store Pickup,1,Yes,22,Debit Card,Annually,0,1,0,1,23,72.11636696637044,Low,1,Neutral,18-25,0.17142857142857143,0,0.06126273608692489,0,0,Bargain Hunters
1245,70,Male,Socks,Clothing,76,Indiana,S,Silver,Summer,3.9,No,2-Day Shipping,1,Yes,2,Cash,Monthly,0,1,0,12,912,1001.9344072653162,Mid,1,Neutral,56+,0.09443777511004403,0,0.192140174654809,0,0,Bargain Hunters
1246,42,Male,Dress,Clothing,31,New York,M,Violet,Fall,3.4,No,Standard,1,Yes,30,Bank Transfer,Weekly,0,1,0,52,1612,5535.5873736300555,Premium,1,Neutral,36-45,0.6367346938775511,1,0.2436871254891556,0,0,Promo Reliant
1247,27,Male,Hoodie,Clothing,60,Louisiana,M,Charcoal,Winter,2.7,No,Standard,1,Yes,27,Cash,Monthly,0,1,0,12,720,2399.187247326147,High,1,Detractor,26-35,0.29851940776310526,0,0.08251847731929171,0,0,Promo Reliant
1248,65,Male,T-Shirt,Clothing,99,Virginia,M,Charcoal,Spring,3.8,No,Express,1,Yes,18,Venmo,Bi-Weekly,1,1,0,26,2574,7578.985932374418,Premium,1,Neutral,56+,0.3348539415766306,0,0.3419633332753019,0,0,Promo Reliant
1249,62,Male,Hat,Accessories,37,Wisconsin,Xl,Red,Winter,3.0,No,Free Shipping,1,Yes,8,Credit Card,Annually,0,1,0,1,37,81.29730936144013,Low,1,Neutral,56+,0.05714285714285714,0,0.06148862592400631,0,0,Bargain Hunters
1250,62,Male,Boots,Footwear,50,Oregon,M,Peach,Winter,4.5,No,Express,1,Yes,48,Venmo,Fortnightly,0,1,0,26,1300,5059.366387543814,Premium,1,Promoter,56+,0.5797519007603041,1,0.3639700842168413,0,0,Promo Reliant
1251,52,Male,Jeans,Clothing,26,New Hampshire,Xl,Purple,Winter,4.1,No,Free Shipping,1,Yes,24,Cash,Monthly,0,1,0,12,312,1004.2892573588786,Mid,1,Promoter,46-55,0.27402961184473795,0,0.2161981138816439,0,0,Bargain Hunters
1252,56,Male,Shorts,Clothing,86,Indiana,Xl,Orange,Spring,5.0,No,Next Day Air,1,Yes,43,Credit Card,Monthly,0,1,0,12,1032,3905.2837022036456,High,1,Promoter,56+,0.42913165266106446,0,0.395574791168279,0,0,Promo Reliant
1253,28,Male,Sandals,Footwear,41,Massachusetts,L,Magenta,Fall,4.0,No,Standard,1,Yes,8,Cash,Quarterly,0,1,0,4,164,360.34483068314,Low,1,Promoter,26-35,0.08067226890756302,0,0.18835436981138565,0,0,Bargain Hunters
1254,39,Male,Sandals,Footwear,23,Montana,Xl,Red,Winter,4.9,No,Express,1,Yes,49,Paypal,Annually,0,1,0,1,23,89.97652912484736,Low,1,Promoter,36-45,0.3918367346938776,0,0.2897021712719657,0,0,At-Risk Loyalists
1255,54,Male,Sneakers,Footwear,56,California,Xl,Black,Spring,3.3,No,2-Day Shipping,1,Yes,2,Credit Card,Bi-Weekly,0,1,0,26,1456,1599.579492300768,High,1,Neutral,46-55,0.20424169667867145,0,0.13484475998840886,0,0,Promo Reliant
1256,30,Male,Hat,Accessories,68,Indiana,M,Peach,Fall,4.1,No,Standard,1,Yes,38,Cash,Fortnightly,0,1,0,26,1768,6477.176990357215,Premium,1,Promoter,26-35,0.49811924769907967,0,0.3508541943985817,0,0,Promo Reliant
1257,45,Male,Coat,Outerwear,48,West Virginia,S,Olive,Winter,3.6,No,Express,1,Yes,4,Cash,Fortnightly,0,1,0,26,1248,2008.5785147177571,High,1,Neutral,36-45,0.22056822729091635,0,0.18090785793245504,0,0,Promo Reliant
1258,68,Male,Dress,Clothing,67,Minnesota,L,Gold,Spring,3.0,No,Free Shipping,1,Yes,31,Cash,Every 3 Months,0,1,0,4,268,928.8172219503267,Mid,1,Neutral,56+,0.2684273709483794,0,0.08234118405363455,0,0,At-Risk Loyalists
1259,47,Male,Boots,Footwear,87,Ohio,Xl,Gold,Spring,4.1,No,2-Day Shipping,1,Yes,34,Debit Card,Every 3 Months,0,1,0,4,348,1237.261125398316,Mid,1,Promoter,46-55,0.29291716686674674,0,0.22193020270775857,0,0,At-Risk Loyalists
1260,68,Male,Skirt,Clothing,64,Minnesota,M,Turquoise,Fall,3.9,No,Standard,1,Yes,45,Credit Card,Monthly,0,1,0,12,768,2940.396592503625,High,1,Neutral,56+,0.4454581832733094,0,0.23983450584319704,0,0,Promo Reliant
1261,63,Male,Shirt,Clothing,93,Virginia,Xl,Green,Spring,4.1,No,Store Pickup,1,Yes,30,Debit Card,Quarterly,0,1,0,4,372,1277.4432400684743,Mid,1,Promoter,56+,0.2602641056422569,0,0.22291885190583036,0,0,At-Risk Loyalists
1262,20,Male,Shirt,Clothing,29,Connecticut,L,Maroon,Summer,2.8,No,Next Day Air,1,Yes,2,Credit Card,Fortnightly,0,1,0,26,754,828.3536656557548,Mid,1,Detractor,18-25,0.20424169667867145,0,0.0558693575910061,0,0,Bargain Hunters
1263,29,Male,Boots,Footwear,62,Tennessee,L,Brown,Winter,4.8,No,Store Pickup,1,Yes,44,Venmo,Monthly,0,1,0,12,744,2832.1568923891177,High,1,Promoter,26-35,0.4372949179671869,0,0.345171353503004,0,0,Promo Reliant
1264,41,Male,Hoodie,Clothing,70,Delaware,L,Brown,Winter,4.6,No,2-Day Shipping,1,Yes,1,Credit Card,Bi-Weekly,0,1,0,26,1820,1261.5278686191004,Mid,1,Promoter,36-45,0.19607843137254902,0,0.28252726676030976,0,0,Bargain Hunters
1265,52,Male,Sweater,Clothing,92,Vermont,S,Blue,Winter,2.5,No,Next Day Air,1,Yes,1,Venmo,Bi-Weekly,0,1,0,26,2392,1658.008055899389,High,1,Detractor,46-55,0.19607843137254902,0,0.04028234865243115,0,0,Promo Reliant
1266,32,Male,Shirt,Clothing,79,Louisiana,M,Lavender,Spring,2.7,No,Next Day Air,1,Yes,27,Bank Transfer,Weekly,0,1,0,52,4108,13688.696127799738,Premium,1,Detractor,26-35,0.6122448979591837,1,0.360287927556651,0,0,Promo Reliant
1267,20,Male,Blouse,Clothing,31,North Dakota,M,Peach,Fall,4.0,No,Standard,1,Yes,14,Debit Card,Every 3 Months,0,1,0,4,124,335.79822493667405,Low,1,Promoter,18-25,0.12965186074429774,0,0.18775041996240843,0,0,Bargain Hunters
1268,47,Male,T-Shirt,Clothing,83,Oregon,S,Gray,Spring,2.7,No,Standard,1,Yes,41,Cash,Weekly,0,1,0,52,4316,16131.782072511018,Premium,1,Detractor,46-55,0.726530612244898,1,0.4203981278257529,0,0,Promo Reliant
1269,23,Male,Jacket,Outerwear,88,Idaho,Xl,Charcoal,Winter,2.9,No,Next Day Air,1,Yes,25,Debit Card,Bi-Weekly,0,1,0,26,2288,7454.524878993151,Premium,1,Detractor,18-25,0.3919967987194878,0,0.23090106734861732,0,0,Promo Reliant
1270,43,Male,Jewelry,Accessories,53,Vermont,M,Lavender,Spring,3.0,No,Standard,1,Yes,47,Paypal,Quarterly,0,1,0,4,212,820.6946143124729,Mid,1,Neutral,36-45,0.3990396158463386,0,0.07968091268135706,0,0,At-Risk Loyalists
1271,67,Male,Hoodie,Clothing,98,West Virginia,M,Green,Fall,3.3,No,Standard,1,Yes,20,Cash,Annually,0,1,0,1,98,298.3631988968955,Low,1,Neutral,56+,0.15510204081632653,0,0.1028293607106038,0,0,Bargain Hunters
1272,70,Male,Jewelry,Accessories,57,Kentucky,S,Gray,Spring,4.3,No,Store Pickup,1,Yes,42,Paypal,Annually,0,1,0,1,57,214.38840659453305,Low,1,Promoter,56+,0.3346938775510204,0,0.2207632272641819,0,0,At-Risk Loyalists
1273,35,Male,Sandals,Footwear,80,Wisconsin,M,Orange,Winter,4.4,No,Express,1,Yes,16,Bank Transfer,Monthly,0,1,0,12,960,2719.8848102939673,High,1,Promoter,26-35,0.20872348939575833,0,0.29440898758870704,0,0,Promo Reliant
1274,41,Male,Jeans,Clothing,29,Mississippi,L,Silver,Spring,4.1,No,Next Day Air,1,Yes,32,Credit Card,Every 3 Months,0,1,0,4,116,405.5948771301117,Low,1,Promoter,36-45,0.27659063625450186,0,0.20146771146848197,0,0,At-Risk Loyalists
1275,54,Male,Hat,Accessories,73,Missouri,M,Olive,Spring,3.1,No,2-Day Shipping,1,Yes,37,Paypal,Quarterly,0,1,0,4,292,1062.1751586401047,Mid,1,Neutral,46-55,0.31740696278511404,0,0.09762235076790834,0,0,At-Risk Loyalists
1276,55,Male,Sweater,Clothing,32,Arkansas,S,Turquoise,Fall,4.5,No,Standard,1,Yes,1,Paypal,Monthly,0,1,0,12,384,266.168517335019,Low,1,Promoter,46-55,0.08627450980392158,0,0.246037235996173,0,0,Bargain Hunters
1277,51,Male,Boots,Footwear,68,Wyoming,L,Turquoise,Spring,4.8,No,Next Day Air,1,Yes,37,Bank Transfer,Weekly,0,1,0,52,3536,12862.5046607925,Premium,1,Promoter,46-55,0.6938775510204083,1,0.5919601389866516,1,1,Promo Reliant
1278,19,Male,Blouse,Clothing,97,Rhode Island,L,Green,Spring,5.0,No,Express,1,Yes,5,Venmo,Quarterly,0,1,0,4,388,695.2026740604854,Mid,1,Promoter,18-25,0.056182472989195674,0,0.3165932825973501,0,0,Bargain Hunters
1279,28,Male,Shorts,Clothing,98,Utah,M,Violet,Fall,2.8,No,Next Day Air,1,Yes,31,Venmo,Fortnightly,0,1,0,26,2548,8830.695080333704,Premium,1,Detractor,26-35,0.4409763905562225,0,0.2527606483371719,0,0,Promo Reliant
1280,63,Male,Hoodie,Clothing,56,Maryland,L,Charcoal,Fall,3.7,No,Express,1,Yes,18,Debit Card,Annually,0,1,0,1,56,164.88858283332064,Low,1,Neutral,56+,0.13877551020408163,0,0.14754532319248403,0,0,Bargain Hunters
1281,30,Male,Pants,Clothing,78,Georgia,L,White,Winter,4.4,No,2-Day Shipping,1,Yes,39,Venmo,Every 3 Months,0,1,0,4,312,1150.9303896835481,Mid,1,Promoter,26-35,0.3337334933973589,0,0.2558061031342551,0,0,At-Risk Loyalists
1282,29,Male,Belt,Accessories,81,New Jersey,M,Olive,Spring,4.5,No,Store Pickup,1,Yes,8,Venmo,Bi-Weekly,0,1,0,26,2106,4627.354959870078,High,1,Promoter,26-35,0.25322128851540615,0,0.35334078421524934,0,0,Promo Reliant
1283,24,Male,Shirt,Clothing,68,New Hampshire,L,Violet,Winter,3.0,No,Free Shipping,1,Yes,20,Venmo,Monthly,0,1,0,12,816,2484.330309182313,High,1,Neutral,18-25,0.2413765506202481,0,0.12061335511545677,0,0,Promo Reliant
1284,69,Male,Shirt,Clothing,94,Oregon,M,Violet,Winter,3.9,No,2-Day Shipping,1,Yes,23,Debit Card,Every 3 Months,0,1,0,4,376,1194.9482402108276,Mid,1,Neutral,56+,0.20312124849939978,0,0.1968891275838607,0,0,Bargain Hunters
1285,65,Male,Dress,Clothing,93,Arkansas,M,Black,Spring,3.9,No,Express,1,Yes,38,Paypal,Fortnightly,0,1,0,26,2418,8858.492060341485,Premium,1,Neutral,56+,0.49811924769907967,0,0.3854445710779011,0,0,Promo Reliant
1286,64,Male,Gloves,Accessories,99,North Carolina,M,Charcoal,Fall,3.5,No,Next Day Air,1,Yes,45,Bank Transfer,Fortnightly,0,1,0,26,2574,9854.922954562931,Premium,1,Neutral,56+,0.5552621048419368,1,0.36196096630977237,0,0,Promo Reliant
1287,40,Male,Gloves,Accessories,49,West Virginia,L,Yellow,Winter,4.9,No,Next Day Air,1,Yes,44,Debit Card,Fortnightly,0,1,0,26,1274,4849.688011967387,Premium,1,Promoter,36-45,0.5470988395358143,1,0.406811113376997,0,0,Promo Reliant
1288,24,Male,Jeans,Clothing,28,Utah,Xl,Blue,Winter,3.4,No,Standard,1,Yes,20,Paypal,Monthly,0,1,0,12,336,1022.9595390750701,Mid,1,Neutral,18-25,0.2413765506202481,0,0.13265748141861913,0,0,Bargain Hunters
1289,66,Male,Belt,Accessories,93,South Dakota,Xl,Charcoal,Winter,4.1,No,Standard,1,Yes,34,Paypal,Bi-Weekly,0,1,0,26,2418,8596.831612681402,Premium,1,Promoter,56+,0.4654661864745898,0,0.40300662240671375,0,0,Promo Reliant
1290,35,Male,Jacket,Outerwear,24,New Hampshire,M,Red,Fall,2.9,No,Next Day Air,1,Yes,10,Paypal,Weekly,0,1,0,52,1248,2992.5733004523668,High,1,Detractor,26-35,0.47346938775510206,0,0.12111827253628896,0,0,Promo Reliant
1291,67,Male,Skirt,Clothing,35,Maryland,M,Indigo,Spring,3.4,No,Free Shipping,1,Yes,3,Paypal,Annually,0,1,0,1,35,48.52030263919617,Low,1,Neutral,56+,0.016326530612244896,0,0.10868217355888961,0,0,Bargain Hunters
1292,69,Male,Sandals,Footwear,68,South Dakota,S,Beige,Spring,3.2,No,2-Day Shipping,1,Yes,23,Debit Card,Fortnightly,0,1,0,26,1768,5618.799172055168,Premium,1,Neutral,56+,0.3756702681072429,0,0.22173448607379392,0,0,Promo Reliant
1293,26,Male,Belt,Accessories,61,Kentucky,M,Maroon,Summer,3.8,No,Free Shipping,1,Yes,42,Bank Transfer,Annually,1,1,0,1,61,229.4332070573073,Low,1,Neutral,26-35,0.3346938775510204,0,0.16113339269810112,0,0,At-Risk Loyalists
1294,23,Male,Sweater,Clothing,74,Florida,Xl,Yellow,Fall,4.1,No,Standard,1,Yes,30,Debit Card,Annually,0,1,0,1,74,254.11505313190082,Low,1,Promoter,18-25,0.23673469387755103,0,0.19774067002854734,0,0,At-Risk Loyalists
1295,27,Male,Shirt,Clothing,64,Texas,M,Silver,Summer,4.5,No,Standard,1,Yes,21,Cash,Every 3 Months,0,1,0,4,256,791.3068680597289,Mid,1,Promoter,26-35,0.18679471788715488,0,0.25895785039346086,0,0,Bargain Hunters
1296,30,Male,Sneakers,Footwear,60,New Mexico,M,Olive,Fall,2.8,No,Standard,1,Yes,50,Paypal,Weekly,0,1,0,52,3120,12267.295974099896,Premium,1,Detractor,26-35,0.8,1,0.3373154993101584,0,0,Promo Reliant
1297,48,Male,Jeans,Clothing,29,South Dakota,S,Teal,Spring,2.8,No,Express,1,Yes,16,Cash,Bi-Weekly,0,1,0,26,754,2136.242861418387,High,1,Detractor,46-55,0.31852741096438575,0,0.08804893836149648,0,0,Promo Reliant
1298,44,Male,Sandals,Footwear,85,New Jersey,M,Silver,Summer,4.6,No,Standard,1,Yes,32,Venmo,Annually,0,1,0,1,85,297.20314272465083,Low,1,Promoter,36-45,0.25306122448979596,0,0.25880081844462743,0,0,At-Risk Loyalists
1299,29,Male,Pants,Clothing,81,Indiana,S,Indigo,Summer,3.0,No,Free Shipping,1,Yes,14,Bank Transfer,Fortnightly,0,1,0,26,2106,5703.1537235212545,Premium,1,Neutral,26-35,0.3022008803521409,0,0.1998099631945286,0,0,Promo Reliant
1300,29,Male,Belt,Accessories,23,Louisiana,L,Teal,Fall,3.6,No,2-Day Shipping,1,Yes,42,Venmo,Bi-Weekly,0,1,0,26,598,2249.1976691847503,High,1,Neutral,26-35,0.5307723089235694,0,0.18682810220175855,0,0,Promo Reliant
1301,67,Male,T-Shirt,Clothing,100,West Virginia,M,Charcoal,Spring,4.5,No,Next Day Air,1,Yes,47,Credit Card,Every 3 Months,0,1,0,4,400,1548.4804043631564,Mid,1,Promoter,56+,0.3990396158463386,0,0.27758750728465215,0,0,At-Risk Loyalists
1302,42,Male,Shirt,Clothing,54,Maine,M,Orange,Fall,5.0,No,Express,1,Yes,21,Debit Card,Weekly,0,1,0,52,2808,8679.647209030152,Premium,1,Promoter,36-45,0.5632653061224491,1,0.5130442347521594,1,1,Promo Reliant
1303,23,Male,Sneakers,Footwear,25,Idaho,M,Gold,Fall,2.9,No,Next Day Air,1,Yes,37,Credit Card,Monthly,0,1,0,12,300,1091.2758479179156,Mid,1,Detractor,18-25,0.3801520608243298,0,0.07433835024563643,0,0,At-Risk Loyalists
1304,34,Male,Blouse,Clothing,32,New York,L,Silver,Summer,3.1,No,Next Day Air,1,Yes,10,Credit Card,Annually,0,1,0,1,32,76.73264872954786,Low,1,Neutral,26-35,0.07346938775510205,0,0.07337631605404962,0,0,Bargain Hunters
1305,64,Male,Backpack,Accessories,63,Montana,S,Orange,Spring,4.0,No,2-Day Shipping,1,Yes,18,Paypal,Every 3 Months,0,1,0,4,252,741.9986227499429,Mid,1,Promoter,56+,0.1623049219687875,0,0.19774465995826332,0,0,Bargain Hunters
1306,31,Male,Pants,Clothing,56,Mississippi,Xl,Peach,Spring,4.5,No,Express,1,Yes,2,Paypal,Every 3 Months,0,1,0,4,224,246.08915266165658,Low,1,Promoter,26-35,0.03169267707082833,0,0.2455431990858445,0,0,Bargain Hunters
1307,54,Male,Sweater,Clothing,33,Alaska,L,Brown,Winter,4.5,No,Next Day Air,1,Yes,40,Paypal,Annually,0,1,0,1,33,122.54787820124216,Low,1,Promoter,46-55,0.31836734693877555,0,0.2425035635931221,0,0,At-Risk Loyalists
1308,23,Male,Coat,Outerwear,32,Missouri,L,Black,Summer,3.1,No,Express,1,Yes,43,Paypal,Annually,0,1,0,1,32,121.09406828538435,Low,1,Neutral,18-25,0.34285714285714286,0,0.074467793748273,0,0,At-Risk Loyalists
1309,59,Male,Dress,Clothing,38,Rhode Island,L,Red,Summer,4.4,No,Next Day Air,1,Yes,14,Credit Card,Every 3 Months,0,1,0,4,152,411.62363056753594,Low,1,Promoter,56+,0.12965186074429774,0,0.23761604418566748,0,0,Bargain Hunters
1310,32,Male,Blouse,Clothing,21,Hawaii,L,Lavender,Summer,4.7,No,Store Pickup,1,Yes,41,Cash,Quarterly,0,1,0,4,84,313.964247935803,Low,1,Promoter,26-35,0.3500600240096039,0,0.27121321220144756,0,0,At-Risk Loyalists
1311,43,Male,Hoodie,Clothing,59,South Carolina,L,Brown,Winter,3.1,No,Store Pickup,1,Yes,38,Credit Card,Every 3 Months,0,1,0,4,236,864.6005484865965,Mid,1,Neutral,36-45,0.3255702280912365,0,0.09276118351747802,0,0,At-Risk Loyalists
1312,32,Male,Shoes,Footwear,87,Tennessee,M,Maroon,Fall,4.2,No,Express,1,Yes,12,Venmo,Annually,0,1,0,1,87,223.1505940991537,Low,1,Promoter,26-35,0.08979591836734695,0,0.20897881396789095,0,0,Bargain Hunters
1313,66,Male,T-Shirt,Clothing,79,Missouri,M,Violet,Winter,3.0,No,Store Pickup,1,Yes,19,Bank Transfer,Monthly,0,1,0,12,948,2839.954195329183,High,1,Neutral,56+,0.23321328531412566,0,0.12936319998400925,0,0,Promo Reliant
1314,70,Male,Shoes,Footwear,28,Missouri,M,Lavender,Summer,3.8,No,Free Shipping,1,Yes,23,Credit Card,Bi-Weekly,1,1,0,26,728,2313.6231884933045,High,1,Neutral,56+,0.3756702681072429,0,0.21241324122499322,0,0,Promo Reliant
1315,42,Male,Boots,Footwear,67,Missouri,S,Magenta,Summer,3.4,No,Free Shipping,1,Yes,49,Debit Card,Annually,0,1,0,1,67,262.1055413636858,Low,1,Neutral,36-45,0.3918367346938776,0,0.11393726968108937,0,0,At-Risk Loyalists
1316,56,Male,Shorts,Clothing,75,Mississippi,L,Green,Spring,4.2,No,2-Day Shipping,1,Yes,29,Debit Card,Quarterly,0,1,0,4,300,1020.3592144986467,Mid,1,Promoter,56+,0.25210084033613445,0,0.22859350248599428,0,0,Bargain Hunters
1317,28,Male,Belt,Accessories,32,Arkansas,S,Lavender,Spring,4.6,No,Standard,1,Yes,14,Debit Card,Bi-Weekly,0,1,0,26,832,2253.0977673170387,High,1,Promoter,26-35,0.3022008803521409,0,0.3069240610362434,0,0,Promo Reliant
1318,28,Male,Pants,Clothing,43,Kentucky,M,Green,Spring,2.8,No,Free Shipping,1,Yes,19,Cash,Monthly,0,1,0,12,516,1545.7978531538593,Mid,1,Detractor,26-35,0.23321328531412566,0,0.073521505230663,0,0,Bargain Hunters
1319,52,Male,Shorts,Clothing,93,Connecticut,M,Maroon,Spring,2.7,No,Express,1,Yes,19,Credit Card,Bi-Weekly,0,1,0,26,2418,7243.68063745355,Premium,1,Detractor,46-55,0.3430172068827531,0,0.2017134112974791,0,0,Promo Reliant
1320,65,Male,Sunglasses,Accessories,24,Oklahoma,M,Magenta,Spring,4.0,No,Standard,1,Yes,48,Bank Transfer,Weekly,0,1,0,52,1248,4856.991732042062,Premium,1,Promoter,56+,0.7836734693877552,1,0.29899081564140095,0,0,Promo Reliant
1321,56,Male,Hat,Accessories,31,California,Xl,Teal,Fall,3.1,No,Free Shipping,1,Yes,19,Debit Card,Annually,0,1,0,1,31,92.86770048017371,Low,1,Neutral,56+,0.1469387755102041,0,0.07377330625989237,0,0,Bargain Hunters
1322,59,Male,T-Shirt,Clothing,84,Missouri,L,Orange,Winter,3.7,No,Express,1,Yes,45,Bank Transfer,Every 3 Months,0,1,0,4,336,1286.423509220336,Mid,1,Neutral,56+,0.38271308523409364,0,0.17513980433624218,0,0,At-Risk Loyalists
1323,23,Male,Pants,Clothing,74,Washington,M,Violet,Winter,4.0,No,Next Day Air,1,Yes,17,Bank Transfer,Quarterly,0,1,0,4,296,855.5500403372647,Mid,1,Promoter,18-25,0.15414165666266505,0,0.20053850291200392,0,0,Bargain Hunters
1324,58,Male,Shorts,Clothing,62,New York,M,Yellow,Spring,4.6,No,Standard,1,Yes,15,Debit Card,Every 3 Months,0,1,0,4,248,687.6020031154658,Mid,1,Promoter,56+,0.13781512605042018,0,0.2684062740912949,0,0,Bargain Hunters
1325,39,Male,Jewelry,Accessories,77,Indiana,S,Orange,Summer,3.8,No,Free Shipping,1,Yes,11,Credit Card,Fortnightly,0,1,0,26,2002,4974.783112875577,Premium,1,Neutral,36-45,0.2777110844337735,0,0.2778889795423493,0,0,Promo Reliant
1326,28,Male,Backpack,Accessories,73,Oregon,L,Gold,Summer,3.5,No,Express,1,Yes,1,Cash,Monthly,0,1,0,12,876,607.196930170512,Mid,1,Neutral,26-35,0.08627450980392158,0,0.13442797077051513,0,0,Bargain Hunters
1327,40,Male,Shoes,Footwear,50,Texas,M,Indigo,Spring,3.8,No,Free Shipping,1,Yes,17,Cash,Monthly,1,1,0,12,600,1734.2230547376987,High,1,Neutral,36-45,0.21688675470188074,0,0.1981575585088824,0,0,Promo Reliant
1328,52,Male,Coat,Outerwear,40,Florida,M,Turquoise,Winter,2.8,No,Standard,1,Yes,37,Cash,Weekly,0,1,0,52,2080,7566.1792122308825,Premium,1,Detractor,46-55,0.6938775510204083,1,0.22164823404013798,0,0,Promo Reliant
1329,37,Male,Sweater,Clothing,97,Rhode Island,M,Orange,Winter,3.7,No,Standard,1,Yes,40,Bank Transfer,Weekly,0,1,0,52,5044,18731.25750445653,Premium,1,Neutral,36-45,0.7183673469387756,1,0.6043561679213587,1,1,Promo Reliant
1330,70,Male,Gloves,Accessories,63,Texas,M,Indigo,Fall,3.3,No,Express,1,Yes,50,Paypal,Every 3 Months,0,1,0,4,252,990.8200594465301,Mid,1,Neutral,56+,0.42352941176470593,0,0.11986671490416294,0,0,At-Risk Loyalists
1331,30,Male,Handbag,Accessories,65,Vermont,M,Charcoal,Fall,2.9,No,Standard,1,Yes,20,Paypal,Bi-Weekly,0,1,0,26,1690,5145.242919752585,Premium,1,Detractor,26-35,0.35118047218887555,0,0.17408300847178199,0,0,Promo Reliant
1332,38,Male,Socks,Clothing,91,Maryland,M,Lavender,Spring,3.2,No,Standard,1,Yes,8,Paypal,Bi-Weekly,0,1,0,26,2366,5198.6333499774955,Premium,1,Neutral,36-45,0.25322128851540615,0,0.2113966378429551,0,0,Promo Reliant
1333,66,Male,Hoodie,Clothing,60,Alaska,S,Gold,Spring,4.3,No,Store Pickup,1,Yes,16,Bank Transfer,Quarterly,0,1,0,4,240,679.9712025734918,Mid,1,Promoter,56+,0.14597839135654261,0,0.23221852427030135,0,0,Bargain Hunters
1334,29,Male,Pants,Clothing,69,Idaho,M,Lavender,Winter,2.7,No,Next Day Air,1,Yes,9,Bank Transfer,Quarterly,0,1,0,4,276,635.5134856663567,Mid,1,Detractor,26-35,0.08883553421368547,0,0.03912467725579909,0,0,Bargain Hunters
1335,46,Male,Coat,Outerwear,52,West Virginia,S,White,Spring,3.8,No,Store Pickup,1,Yes,12,Venmo,Monthly,1,1,0,12,624,1600.528399055999,High,1,Neutral,46-55,0.17607042817126853,0,0.19486810708973254,0,0,Promo Reliant
1336,56,Male,Boots,Footwear,49,Nevada,M,Lavender,Fall,4.8,No,2-Day Shipping,1,Yes,26,Credit Card,Weekly,0,1,0,52,2548,8397.792334579031,Premium,1,Promoter,56+,0.6040816326530613,1,0.4821094181581072,1,1,Promo Reliant
1337,23,Male,Sneakers,Footwear,85,Oregon,M,Charcoal,Spring,4.8,No,Store Pickup,1,Yes,44,Debit Card,Fortnightly,0,1,0,26,2210,8412.724102392407,Premium,1,Promoter,18-25,0.5470988395358143,1,0.48247680251295433,1,1,Promo Reliant
1338,37,Male,Sweater,Clothing,86,Tennessee,L,Silver,Spring,3.4,No,Express,1,Yes,19,Credit Card,Bi-Weekly,0,1,0,26,2236,6698.457363666724,Premium,1,Neutral,36-45,0.3430172068827531,0,0.2722986232300971,0,0,Promo Reliant
1339,56,Male,Handbag,Accessories,51,Alabama,S,Yellow,Winter,2.6,No,Standard,1,Yes,43,Paypal,Fortnightly,0,1,0,26,1326,5017.835454575614,Premium,1,Detractor,56+,0.5389355742296918,0,0.13494824840976077,0,0,Promo Reliant
1340,36,Male,Belt,Accessories,56,Indiana,L,Olive,Winter,5.0,No,Next Day Air,1,Yes,5,Bank Transfer,Every 3 Months,0,1,0,4,224,401.3541211070843,Low,1,Promoter,36-45,0.056182472989195674,0,0.3093633710156263,0,0,Bargain Hunters
1341,40,Male,Belt,Accessories,72,Idaho,M,Peach,Fall,4.4,No,Next Day Air,1,Yes,5,Debit Card,Every 3 Months,0,1,0,4,288,516.0267271376798,Low,1,Promoter,36-45,0.056182472989195674,0,0.24018479992556732,0,0,Bargain Hunters
1342,26,Male,Hoodie,Clothing,27,Rhode Island,Xl,Yellow,Fall,3.8,No,Standard,1,Yes,31,Bank Transfer,Quarterly,1,1,0,4,108,374.29947750237045,Low,1,Neutral,26-35,0.2684273709483794,0,0.16469771287584242,0,0,At-Risk Loyalists
1343,57,Male,Sunglasses,Accessories,43,Arizona,Xl,Yellow,Summer,3.4,No,2-Day Shipping,1,Yes,11,Bank Transfer,Monthly,0,1,0,12,516,1282.2118312906082,Mid,1,Neutral,56+,0.16790716286514606,0,0.13903617932690798,0,0,Bargain Hunters
1344,68,Male,Sneakers,Footwear,56,Florida,M,Indigo,Spring,3.4,No,Standard,1,Yes,34,Bank Transfer,Monthly,0,1,0,12,672,2389.1938973208858,High,1,Neutral,56+,0.3556622649059624,0,0.16627259883455156,0,0,Promo Reliant
1345,56,Male,T-Shirt,Clothing,37,New York,S,Violet,Fall,4.9,No,Next Day Air,1,Yes,14,Cash,Annually,0,1,0,1,37,100.19785744078177,Low,1,Promoter,56+,0.10612244897959185,0,0.2899536589829965,0,0,Bargain Hunters
1346,40,Male,Dress,Clothing,21,Nebraska,M,White,Fall,3.6,No,Standard,1,Yes,42,Venmo,Weekly,0,1,0,52,1092,4107.23052633737,High,1,Neutral,36-45,0.7346938775510204,1,0.23254353329078414,0,0,Promo Reliant
1347,44,Male,Hoodie,Clothing,91,Mississippi,L,White,Winter,3.0,No,Free Shipping,1,Yes,15,Venmo,Bi-Weekly,0,1,0,26,2366,6559.944916819322,Premium,1,Neutral,36-45,0.3103641456582633,0,0.22089063386411326,0,0,Promo Reliant
1348,44,Male,Sweater,Clothing,95,Vermont,M,Cyan,Summer,3.9,No,2-Day Shipping,1,Yes,47,Bank Transfer,Monthly,0,1,0,12,1140,4413.169152434996,High,1,Neutral,36-45,0.4617847138855543,0,0.27607091157421804,0,0,Promo Reliant
1349,19,Male,Belt,Accessories,54,Nebraska,Xl,Purple,Spring,3.2,No,Standard,1,Yes,23,Credit Card,Fortnightly,0,1,0,26,1404,4461.987577808516,High,1,Neutral,18-25,0.3756702681072429,0,0.1932720503767137,0,0,Promo Reliant
1350,21,Male,Socks,Clothing,36,South Carolina,Xl,Black,Spring,3.2,No,Next Day Air,1,Yes,23,Cash,Bi-Weekly,0,1,0,26,936,2974.6583852056774,High,1,Neutral,18-25,0.3756702681072429,0,0.1566774901947534,0,0,Promo Reliant
1351,31,Male,Sunglasses,Accessories,71,Delaware,M,Orange,Fall,4.3,No,Next Day Air,1,Yes,1,Cash,Every 3 Months,0,1,0,4,284,196.85379927902446,Low,1,Promoter,26-35,0.023529411764705882,0,0.22033180209894898,0,0,Bargain Hunters
1352,30,Male,Coat,Outerwear,31,Vermont,L,Maroon,Summer,2.8,No,2-Day Shipping,1,Yes,28,Bank Transfer,Quarterly,0,1,0,4,124,417.5446829183228,Low,1,Detractor,26-35,0.24393757503001198,0,0.04576172700267191,0,0,Bargain Hunters
1353,65,Male,Hat,Accessories,89,Indiana,Xl,Orange,Spring,4.5,No,Next Day Air,1,Yes,37,Credit Card,Bi-Weekly,0,1,0,26,2314,8417.374373606857,Premium,1,Promoter,56+,0.48995598239295723,0,0.4465912187636848,1,0,Promo Reliant
1354,39,Male,Pants,Clothing,83,Oregon,M,Teal,Winter,4.1,No,Next Day Air,1,Yes,4,Cash,Every 3 Months,0,1,0,4,332,534.3333869281213,Mid,1,Promoter,36-45,0.04801920768307323,0,0.20463522083222585,0,0,Bargain Hunters
1355,64,Male,Backpack,Accessories,42,Maryland,M,Gray,Spring,3.6,No,2-Day Shipping,1,Yes,21,Bank Transfer,Quarterly,0,1,0,4,168,519.2951321641971,Low,1,Neutral,56+,0.18679471788715488,0,0.14426521645005747,0,0,Bargain Hunters
1356,59,Male,Shorts,Clothing,91,Florida,M,Blue,Summer,3.0,No,2-Day Shipping,1,Yes,50,Paypal,Bi-Weekly,0,1,0,26,2366,9302.699447025754,Premium,1,Neutral,56+,0.596078431372549,1,0.2883739430193214,0,0,Promo Reliant
1357,49,Male,Jacket,Outerwear,61,Indiana,M,Cyan,Spring,4.0,No,Free Shipping,1,Yes,34,Bank Transfer,Annually,0,1,0,1,61,216.87623175085423,Low,1,Promoter,46-55,0.2693877551020408,0,0.18482443823742037,0,0,At-Risk Loyalists
1358,24,Male,Backpack,Accessories,66,Texas,S,Red,Summer,3.5,No,Next Day Air,1,Yes,20,Cash,Quarterly,0,1,0,4,264,803.7539235589837,Mid,1,Neutral,18-25,0.1786314525810324,0,0.13926410036409348,0,0,Bargain Hunters
1359,19,Male,Scarf,Accessories,22,Nebraska,Xl,Pink,Spring,2.5,No,Store Pickup,1,Yes,25,Venmo,Every 3 Months,0,1,0,4,88,286.71249534589043,Low,1,Detractor,18-25,0.21944777911164468,0,0.006542704350747586,0,0,Bargain Hunters
1360,27,Male,Hoodie,Clothing,68,North Carolina,S,Cyan,Winter,4.3,No,Store Pickup,1,Yes,26,Bank Transfer,Fortnightly,0,1,0,26,1768,5827.039579095654,Premium,1,Promoter,26-35,0.4001600640256102,0,0.3588580768334314,0,0,Promo Reliant
1361,56,Male,Skirt,Clothing,43,Alabama,L,Black,Fall,2.8,No,Express,1,Yes,4,Bank Transfer,Annually,0,1,0,1,43,69.20583023466631,Low,1,Detractor,56+,0.02448979591836735,0,0.03719112462920598,0,0,Bargain Hunters
1362,49,Male,Dress,Clothing,32,Alabama,M,Beige,Fall,3.7,No,Next Day Air,1,Yes,39,Debit Card,Monthly,0,1,0,12,384,1416.5297103797516,Mid,1,Neutral,46-55,0.39647859143657466,0,0.17834096466581412,0,0,At-Risk Loyalists
1363,41,Male,Coat,Outerwear,46,Colorado,M,Gray,Fall,4.3,No,Express,1,Yes,29,Cash,Weekly,0,1,0,52,2392,8135.664136935876,Premium,1,Promoter,36-45,0.6285714285714286,1,0.41565996086798684,0,0,Promo Reliant
1364,36,Male,Blouse,Clothing,90,Wisconsin,L,Red,Summer,4.0,No,Express,1,Yes,47,Paypal,Quarterly,0,1,0,4,360,1393.6323639268408,Mid,1,Promoter,36-45,0.3990396158463386,0,0.21377759353927023,0,0,At-Risk Loyalists
1365,68,Male,Hat,Accessories,75,Delaware,L,Yellow,Fall,4.7,No,Express,1,Yes,5,Cash,Every 3 Months,0,1,0,4,300,537.5278407684165,Mid,1,Promoter,56+,0.056182472989195674,0,0.2767138178461812,0,0,Bargain Hunters
1366,28,Male,Handbag,Accessories,69,Indiana,M,Magenta,Winter,4.5,No,Store Pickup,1,Yes,18,Bank Transfer,Fortnightly,0,1,0,26,1794,5282.323528624594,Premium,1,Promoter,26-35,0.3348539415766306,0,0.3694557685951597,0,0,Promo Reliant
1367,45,Male,Belt,Accessories,40,Iowa,M,Magenta,Fall,3.1,No,Free Shipping,1,Yes,10,Credit Card,Fortnightly,0,1,0,26,1040,2493.8110837103054,High,1,Neutral,36-45,0.2695478191276511,0,0.1328466220853796,0,0,Promo Reliant
1368,60,Male,Belt,Accessories,63,Iowa,S,Black,Fall,3.8,No,Express,1,Yes,25,Cash,Quarterly,0,1,0,4,252,821.0403275814135,Mid,1,Neutral,56+,0.21944777911164468,0,0.17568941868331603,0,0,Bargain Hunters
1369,21,Male,Shirt,Clothing,36,Wisconsin,L,Orange,Summer,4.9,No,Express,1,Yes,2,Cash,Weekly,0,1,0,52,1872,2056.6022043867015,High,1,Promoter,18-25,0.40816326530612246,0,0.3380894428905735,0,0,Promo Reliant
1370,32,Male,Shoes,Footwear,75,Iowa,M,Green,Winter,3.2,No,Standard,1,Yes,48,Venmo,Fortnightly,0,1,0,26,1950,7589.049581315721,Premium,1,Neutral,26-35,0.5797519007603041,1,0.27021094140984553,0,0,Promo Reliant
1371,27,Male,Scarf,Accessories,67,Montana,L,Peach,Summer,3.8,No,2-Day Shipping,1,Yes,41,Bank Transfer,Every 3 Months,1,1,0,4,268,1001.6954576999427,Mid,1,Neutral,26-35,0.3500600240096039,0,0.1801342954894608,0,0,At-Risk Loyalists
1372,40,Male,Pants,Clothing,64,Mississippi,M,Charcoal,Spring,2.8,No,Store Pickup,1,Yes,42,Credit Card,Monthly,0,1,0,12,768,2888.601688852656,High,1,Detractor,36-45,0.420968387354942,0,0.10656013314332603,0,0,Promo Reliant
1373,64,Male,Blouse,Clothing,61,Michigan,M,Gray,Fall,4.0,No,2-Day Shipping,1,Yes,44,Paypal,Bi-Weekly,0,1,0,26,1586,6037.366708775727,Premium,1,Promoter,56+,0.5470988395358143,1,0.3280330097556494,0,0,Promo Reliant
1374,18,Male,Gloves,Accessories,40,Virginia,L,Turquoise,Winter,2.6,No,Store Pickup,1,Yes,6,Cash,Quarterly,0,1,0,4,160,311.3456238488501,Low,1,Detractor,18-25,0.06434573829531813,0,0.019148783023817943,0,0,Bargain Hunters
1375,22,Male,Handbag,Accessories,97,New York,M,Red,Fall,2.7,No,Free Shipping,1,Yes,5,Bank Transfer,Quarterly,0,1,0,4,388,695.2026740604854,Mid,1,Detractor,18-25,0.056182472989195674,0,0.040593282597350115,0,0,Bargain Hunters
1376,42,Male,Sneakers,Footwear,31,Maine,L,Brown,Spring,4.1,No,2-Day Shipping,1,Yes,8,Credit Card,Annually,0,1,0,1,31,68.11396189742281,Low,1,Promoter,36-45,0.05714285714285714,0,0.19316426007105922,0,0,Bargain Hunters
1377,57,Male,Sandals,Footwear,65,New Jersey,L,Pink,Spring,5.0,No,Free Shipping,1,Yes,24,Paypal,Annually,0,1,0,1,65,209.22692861643304,Low,1,Promoter,56+,0.18775510204081636,0,0.30463623317475175,0,0,Bargain Hunters
1378,33,Male,Sunglasses,Accessories,54,Maryland,L,Olive,Spring,3.0,No,Next Day Air,1,Yes,42,Venmo,Monthly,0,1,0,12,648,2437.2576749694285,High,1,Neutral,26-35,0.420968387354942,0,0.119455170125749,0,0,Promo Reliant
1379,37,Male,Jacket,Outerwear,49,Kentucky,Xl,Lavender,Fall,3.6,No,Free Shipping,1,Yes,24,Venmo,Weekly,0,1,0,52,2548,8201.695601764175,Premium,1,Neutral,36-45,0.5877551020408164,1,0.3332846129124569,0,0,Promo Reliant
1380,21,Male,T-Shirt,Clothing,64,Minnesota,L,Purple,Fall,2.8,No,2-Day Shipping,1,Yes,38,Venmo,Bi-Weekly,0,1,0,26,1664,6096.166579159732,Premium,1,Detractor,18-25,0.49811924769907967,0,0.18547973412989052,0,0,Promo Reliant
1381,51,Male,Sneakers,Footwear,35,Massachusetts,S,Beige,Winter,4.6,No,Standard,1,Yes,41,Cash,Fortnightly,0,1,0,26,910,3401.279352637865,High,1,Promoter,46-55,0.522609043617447,0,0.3351741621791593,0,0,Promo Reliant
1382,30,Male,Shoes,Footwear,86,Illinois,L,Green,Winter,2.9,No,Standard,1,Yes,48,Venmo,Quarterly,0,1,0,4,344,1338.7861825500554,Mid,1,Detractor,26-35,0.40720288115246095,0,0.08042814656066888,0,0,At-Risk Loyalists
1383,68,Male,Jacket,Outerwear,55,Michigan,L,Brown,Winter,4.8,No,Express,1,Yes,16,Bank Transfer,Quarterly,0,1,0,4,220,623.3069356923676,Mid,1,Promoter,56+,0.14597839135654261,0,0.29082434473367896,0,0,Bargain Hunters
1384,36,Male,Scarf,Accessories,58,Wisconsin,M,Beige,Spring,3.3,No,Express,1,Yes,4,Venmo,Monthly,0,1,0,12,696,1120.1687870541339,Mid,1,Neutral,36-45,0.11076430572228893,0,0.12304923819519903,0,0,Bargain Hunters
1385,46,Male,Sneakers,Footwear,96,Alaska,M,Beige,Fall,4.6,No,Standard,1,Yes,8,Bank Transfer,Weekly,0,1,0,52,4992,10968.545090062407,Premium,1,Promoter,46-55,0.4571428571428572,0,0.5213607594827829,1,0,Promo Reliant
1386,41,Male,Jewelry,Accessories,64,Mississippi,M,Indigo,Fall,2.6,No,Store Pickup,1,Yes,1,Bank Transfer,Bi-Weekly,0,1,0,26,1664,1153.396908451749,Mid,1,Detractor,36-45,0.19607843137254902,0,0.03986678988064036,0,0,Bargain Hunters
1387,68,Male,Jacket,Outerwear,56,Oregon,M,Silver,Fall,4.0,No,Next Day Air,1,Yes,4,Debit Card,Quarterly,0,1,0,4,224,360.5140923852385,Low,1,Promoter,56+,0.04801920768307323,0,0.1883585343618932,0,0,Bargain Hunters
1388,21,Male,Blouse,Clothing,85,Maryland,M,Gold,Winter,3.8,No,Standard,1,Yes,20,Credit Card,Monthly,0,1,0,12,1020,3105.4128864778913,High,1,Neutral,18-25,0.2413765506202481,0,0.23189460143661272,0,0,Promo Reliant
1389,62,Male,Dress,Clothing,23,Arkansas,M,Lavender,Spring,3.9,No,Express,1,Yes,40,Cash,Quarterly,0,1,0,4,92,341.6486301367963,Low,1,Neutral,56+,0.34189675870348146,0,0.17589436456206362,0,0,At-Risk Loyalists
1390,59,Male,Scarf,Accessories,72,Illinois,L,Orange,Fall,2.6,No,Store Pickup,1,Yes,8,Debit Card,Fortnightly,0,1,0,26,1872,4113.204408773403,High,1,Detractor,56+,0.25322128851540615,0,0.11269051595031415,0,0,Promo Reliant
1391,25,Male,Hat,Accessories,38,Arkansas,M,Maroon,Summer,4.3,No,Standard,1,Yes,42,Debit Card,Weekly,0,1,0,52,1976,7432.131428610479,Premium,1,Promoter,18-25,0.7346938775510204,1,0.39835009418693523,0,0,Promo Reliant
1392,53,Male,Blouse,Clothing,29,Mississippi,S,White,Winter,3.6,No,Express,1,Yes,38,Credit Card,Annually,0,1,0,1,29,106.24328773775974,Low,1,Neutral,46-55,0.3020408163265306,0,0.1341024020211409,0,0,At-Risk Loyalists
1393,31,Male,Gloves,Accessories,46,Arkansas,M,Yellow,Spring,4.2,No,Express,1,Yes,34,Venmo,Every 3 Months,0,1,0,4,184,654.1840433140521,Mid,1,Promoter,26-35,0.29291716686674674,0,0.21958405158185104,0,0,At-Risk Loyalists
1394,46,Male,Gloves,Accessories,58,Idaho,L,Yellow,Spring,3.9,No,Express,1,Yes,14,Paypal,Fortnightly,0,1,0,26,1508,4083.739703262133,High,1,Neutral,46-55,0.3022008803521409,0,0.26796556014063966,0,0,Promo Reliant
1395,26,Male,Coat,Outerwear,43,Iowa,L,Magenta,Fall,4.7,No,Next Day Air,1,Yes,39,Cash,Weekly,0,1,0,52,2236,8248.334459398762,Premium,1,Promoter,26-35,0.7102040816326531,1,0.46643212517202604,1,1,Promo Reliant
1396,47,Male,Scarf,Accessories,32,West Virginia,L,Turquoise,Spring,2.8,No,Next Day Air,1,Yes,40,Paypal,Bi-Weekly,0,1,0,26,832,3089.691959497984,High,1,Detractor,46-55,0.5144457783113245,0,0.11150780044370301,0,0,Promo Reliant
1397,37,Male,Pants,Clothing,30,Wisconsin,Xl,Lavender,Winter,3.0,No,Next Day Air,1,Yes,49,Debit Card,Monthly,0,1,0,12,360,1408.3282819541325,Mid,1,Neutral,36-45,0.4781112444977992,0,0.09413917499639052,0,0,At-Risk Loyalists
1398,55,Male,Sunglasses,Accessories,67,Massachusetts,S,Magenta,Summer,4.7,No,Store Pickup,1,Yes,33,Paypal,Annually,0,1,0,1,67,236.26615514928284,Low,1,Promoter,46-55,0.26122448979591834,0,0.26930151198965785,0,0,At-Risk Loyalists
1399,30,Male,Dress,Clothing,45,Texas,M,Cyan,Summer,2.5,No,Free Shipping,1,Yes,25,Credit Card,Weekly,0,1,0,52,2340,7623.945898970268,Premium,1,Detractor,26-35,0.5959183673469388,1,0.1870695377467488,0,0,Promo Reliant
1400,19,Male,Hat,Accessories,81,Nebraska,M,Olive,Winter,3.1,No,Store Pickup,1,Yes,48,Venmo,Annually,0,1,0,1,81,315.23744414696074,Low,1,Neutral,18-25,0.3836734693877551,0,0.07924453818873026,0,0,At-Risk Loyalists
1401,36,Male,Backpack,Accessories,23,Nevada,M,Red,Fall,3.6,No,Next Day Air,1,Yes,22,Credit Card,Every 3 Months,0,1,0,4,92,288.46546786548174,Low,1,Neutral,36-45,0.1949579831932773,0,0.13858583485520118,0,0,Bargain Hunters
1402,23,Male,Sandals,Footwear,59,Indiana,M,Blue,Fall,3.5,No,2-Day Shipping,1,Yes,1,Paypal,Weekly,0,1,0,52,3068,2126.5755499579122,High,1,Neutral,18-25,0.4,0,0.17181108179766547,0,0,Promo Reliant
1403,62,Male,Sunglasses,Accessories,21,North Dakota,L,White,Summer,3.1,No,Express,1,Yes,47,Paypal,Monthly,0,1,0,12,252,975.5426547487886,Mid,1,Neutral,56+,0.4617847138855543,0,0.095490826426739,0,0,At-Risk Loyalists
1404,26,Male,Backpack,Accessories,20,Georgia,M,Peach,Spring,3.6,No,Store Pickup,1,Yes,20,Credit Card,Bi-Weekly,0,1,0,26,520,1583.15166761618,High,1,Neutral,26-35,0.35118047218887555,0,0.17044056633574023,0,0,Promo Reliant
1405,36,Male,Jewelry,Accessories,28,New Mexico,M,Charcoal,Winter,3.5,No,Next Day Air,1,Yes,10,Debit Card,Weekly,0,1,0,52,1456,3491.3355171944277,High,1,Neutral,36-45,0.47346938775510206,0,0.20538992298719833,0,0,Promo Reliant
1406,33,Male,Socks,Clothing,100,New Hampshire,M,Peach,Winter,2.7,No,Store Pickup,1,Yes,39,Credit Card,Monthly,0,1,0,12,1200,4426.655344936724,High,1,Detractor,26-35,0.39647859143657466,0,0.1324027286901494,0,0,Promo Reliant
1407,32,Male,Shirt,Clothing,46,Washington,L,Turquoise,Spring,3.6,No,Express,1,Yes,15,Debit Card,Monthly,0,1,0,12,552,1530.4689746763593,Mid,1,Neutral,26-35,0.20056022408963586,0,0.16914435028153899,0,0,Bargain Hunters
1408,56,Male,Handbag,Accessories,61,Nevada,Xl,Charcoal,Spring,4.5,No,Express,1,Yes,11,Credit Card,Annually,0,1,0,1,61,151.57930563706802,Low,1,Promoter,56+,0.0816326530612245,0,0.24321785893792694,0,0,Bargain Hunters
1409,58,Male,Blouse,Clothing,58,Maine,M,Yellow,Winter,4.1,No,Free Shipping,1,Yes,38,Venmo,Weekly,0,1,0,52,3016,11049.301924727013,Premium,1,Promoter,56+,0.7020408163265306,1,0.46334771762287497,1,1,Promo Reliant
1410,34,Male,Backpack,Accessories,50,Idaho,M,Blue,Spring,4.2,No,Standard,1,Yes,41,Cash,Fortnightly,0,1,0,26,1300,4858.970503768379,Premium,1,Promoter,26-35,0.522609043617447,0,0.32303950175701357,0,0,Promo Reliant
1411,61,Male,Hat,Accessories,93,Tennessee,M,Purple,Summer,4.0,No,Store Pickup,1,Yes,18,Debit Card,Annually,0,1,0,1,93,273.83282506247895,Low,1,Promoter,56+,0.13877551020408163,0,0.1862258102350036,0,0,Bargain Hunters
1412,48,Male,Skirt,Clothing,24,Louisiana,L,Green,Summer,2.8,No,Store Pickup,1,Yes,13,Venmo,Quarterly,0,1,0,4,96,253.3495036430648,Low,1,Detractor,46-55,0.12148859543817528,0,0.041721834287958906,0,0,Bargain Hunters
1413,25,Male,Shorts,Clothing,100,Michigan,M,Charcoal,Summer,2.6,No,2-Day Shipping,1,Yes,43,Venmo,Annually,0,1,0,1,100,378.4189633918261,Low,1,Detractor,18-25,0.34285714285714286,0,0.020799069572833406,0,0,At-Risk Loyalists
1414,51,Male,Blouse,Clothing,79,New Hampshire,S,Indigo,Fall,2.7,No,Store Pickup,1,Yes,12,Bank Transfer,Quarterly,0,1,0,4,316,810.5239969578456,Mid,1,Detractor,46-55,0.11332533013205283,0,0.043430672673480775,0,0,Bargain Hunters
1415,29,Male,Socks,Clothing,51,Minnesota,M,Black,Summer,4.5,No,Store Pickup,1,Yes,3,Credit Card,Bi-Weekly,0,1,0,26,1326,1838.226322844975,High,1,Promoter,26-35,0.21240496198479392,0,0.28471647678521356,0,0,Promo Reliant
1416,54,Male,Belt,Accessories,90,Illinois,M,Blue,Winter,3.7,No,Free Shipping,1,Yes,12,Credit Card,Every 3 Months,0,1,0,4,360,923.3817686861532,Mid,1,Neutral,46-55,0.11332533013205283,0,0.1662074490186596,0,0,Bargain Hunters
1417,48,Male,Boots,Footwear,56,Idaho,L,Silver,Summer,3.4,No,Free Shipping,1,Yes,46,Cash,Quarterly,0,1,0,4,224,862.4330627830531,Mid,1,Neutral,46-55,0.3908763505402161,0,0.12870785424349054,0,0,At-Risk Loyalists
1418,62,Male,Shorts,Clothing,25,Montana,S,Brown,Spring,4.6,No,Standard,1,Yes,21,Debit Card,Fortnightly,0,1,0,26,650,2009.1775946829055,High,1,Promoter,56+,0.35934373749499804,0,0.3009225978218806,0,0,Promo Reliant
1419,18,Male,Shirt,Clothing,75,Alabama,M,Violet,Summer,4.1,No,2-Day Shipping,1,Yes,23,Venmo,Every 3 Months,0,1,0,4,300,953.4161491043837,Mid,1,Promoter,18-25,0.20312124849939978,0,0.21494642122952526,0,0,Bargain Hunters
1420,43,Male,Handbag,Accessories,75,Montana,M,Orange,Summer,2.6,No,Free Shipping,1,Yes,4,Debit Card,Quarterly,0,1,0,4,300,482.8313737302301,Low,1,Detractor,36-45,0.04801920768307323,0,0.023368054470645844,0,0,Bargain Hunters
1421,22,Male,Jeans,Clothing,53,California,Xl,Gray,Summer,4.6,No,Store Pickup,1,Yes,45,Paypal,Every 3 Months,0,1,0,4,212,811.6719760556881,Mid,1,Promoter,18-25,0.38271308523409364,0,0.27145891779257914,0,0,At-Risk Loyalists
1422,68,Male,Dress,Clothing,100,Pennsylvania,S,Gold,Spring,3.0,No,Standard,1,Yes,24,Bank Transfer,Fortnightly,0,1,0,26,2600,8369.077144657322,Premium,1,Neutral,56+,0.38383353341336535,0,0.2654029035875921,0,0,Promo Reliant
1423,44,Male,Dress,Clothing,27,Texas,L,Charcoal,Fall,3.4,No,Free Shipping,1,Yes,3,Paypal,Bi-Weekly,0,1,0,26,702,973.1786415061632,Mid,1,Neutral,36-45,0.21240496198479392,0,0.13143266174785792,0,0,Bargain Hunters
1424,51,Male,Sandals,Footwear,60,Michigan,S,Black,Fall,3.5,No,Free Shipping,1,Yes,12,Venmo,Every 3 Months,0,1,0,4,240,615.5878457907688,Mid,1,Neutral,46-55,0.11332533013205283,0,0.13463442262271733,0,0,Bargain Hunters
1425,66,Male,Jacket,Outerwear,23,Connecticut,S,Indigo,Fall,3.5,No,Standard,1,Yes,34,Bank Transfer,Every 3 Months,0,1,0,4,92,327.09202165702607,Low,1,Neutral,56+,0.29291716686674674,0,0.1275362107063419,0,0,At-Risk Loyalists
1426,59,Male,Coat,Outerwear,40,Wyoming,S,White,Winter,3.7,No,Next Day Air,1,Yes,39,Credit Card,Annually,0,1,0,1,40,147.55517816455745,Low,1,Neutral,56+,0.31020408163265306,0,0.1471188484594767,0,0,At-Risk Loyalists
1427,60,Male,Pants,Clothing,38,Michigan,M,Yellow,Summer,4.8,No,Free Shipping,1,Yes,35,Paypal,Every 3 Months,0,1,0,4,152,544.6948786453287,Mid,1,Promoter,56+,0.3010804321728692,0,0.2888901571530525,0,0,At-Risk Loyalists
1428,31,Male,Backpack,Accessories,90,South Dakota,S,Orange,Summer,4.9,No,Store Pickup,1,Yes,8,Credit Card,Annually,0,1,0,1,90,197.75021196025975,Low,1,Promoter,26-35,0.05714285714285714,0,0.2923538576250387,0,0,Bargain Hunters
1429,20,Male,Blouse,Clothing,97,North Dakota,S,Green,Summer,4.9,No,Express,1,Yes,42,Paypal,Quarterly,0,1,0,4,388,1459.3456448891022,Mid,1,Promoter,18-25,0.35822328931572633,0,0.3233944169209987,0,0,At-Risk Loyalists
1430,24,Male,Skirt,Clothing,38,Maryland,L,Gold,Fall,4.7,No,Standard,1,Yes,6,Credit Card,Every 3 Months,0,1,0,4,152,295.77834265640763,Low,1,Promoter,18-25,0.06434573829531813,0,0.2707657623641687,0,0,Bargain Hunters
1431,48,Male,Sandals,Footwear,30,Michigan,S,Orange,Summer,4.9,No,Free Shipping,1,Yes,3,Credit Card,Fortnightly,0,1,0,26,780,1081.3096016735146,Mid,1,Promoter,46-55,0.21240496198479392,0,0.3140931386275274,0,0,Bargain Hunters
1432,39,Male,Pants,Clothing,88,South Dakota,M,Cyan,Fall,2.9,No,Express,1,Yes,29,Venmo,Quarterly,0,1,0,4,352,1197.2214783450788,Mid,1,Detractor,36-45,0.25210084033613445,0,0.0769450588128889,0,0,Bargain Hunters
1433,34,Male,Hat,Accessories,33,Florida,L,Black,Winter,4.4,No,Express,1,Yes,32,Debit Card,Quarterly,0,1,0,4,132,461.5389981135754,Low,1,Promoter,26-35,0.27659063625450186,0,0.23884417238401984,0,0,At-Risk Loyalists
1434,70,Male,Hoodie,Clothing,60,Minnesota,L,Yellow,Winter,3.2,No,Next Day Air,1,Yes,45,Debit Card,Weekly,0,1,0,52,3120,11945.361157045976,Premium,1,Neutral,56+,0.7591836734693878,1,0.3773945473810626,0,0,Promo Reliant
1435,59,Male,Sweater,Clothing,64,New York,L,Maroon,Summer,4.6,No,Free Shipping,1,Yes,21,Debit Card,Bi-Weekly,0,1,0,26,1664,5143.4946423882375,Premium,1,Promoter,56+,0.35934373749499804,0,0.37803999348791517,0,0,Promo Reliant
1436,45,Male,Scarf,Accessories,95,Oregon,Xl,Black,Fall,4.0,No,Standard,1,Yes,41,Cash,Weekly,0,1,0,52,4940,18464.08791431984,Premium,1,Promoter,36-45,0.726530612244898,1,0.6337826711503196,1,1,Promo Reliant
1437,35,Male,Sneakers,Footwear,83,Minnesota,M,Gray,Winter,3.7,No,Free Shipping,1,Yes,23,Paypal,Fortnightly,0,1,0,26,2158,6858.240165890867,Premium,1,Neutral,26-35,0.3756702681072429,0,0.31222995289209415,0,0,Promo Reliant
1438,69,Male,Boots,Footwear,97,Montana,Xl,Orange,Winter,4.2,No,Free Shipping,1,Yes,14,Cash,Annually,0,1,0,1,97,262.68086950691435,Low,1,Promoter,56+,0.10612244897959185,0,0.2099514251756944,0,0,Bargain Hunters
1439,58,Male,Coat,Outerwear,38,Washington,M,Cyan,Spring,2.9,No,Standard,1,Yes,24,Debit Card,Monthly,0,1,0,12,456,1467.8073761398994,Mid,1,Detractor,56+,0.27402961184473795,0,0.08360261113586442,0,0,Bargain Hunters
1440,25,Male,Boots,Footwear,48,New Mexico,M,Magenta,Summer,4.8,No,Next Day Air,1,Yes,25,Cash,Fortnightly,0,1,0,26,1248,4066.10447945081,High,1,Promoter,18-25,0.3919967987194878,0,0.375531659385988,0,0,Promo Reliant
1441,27,Male,Sandals,Footwear,76,Arizona,M,Pink,Spring,4.4,No,Standard,1,Yes,13,Venmo,Monthly,0,1,0,12,912,2406.820284609116,High,1,Promoter,26-35,0.184233693477391,0,0.2867062821735311,0,0,Promo Reliant
1442,34,Male,Pants,Clothing,25,Nebraska,S,Turquoise,Summer,3.4,No,Free Shipping,1,Yes,3,Venmo,Every 3 Months,0,1,0,4,100,138.62943611198907,Low,1,Neutral,26-35,0.03985594237695078,0,0.11089923762528082,0,0,Bargain Hunters
1443,53,Male,Hoodie,Clothing,92,Idaho,S,Violet,Spring,2.8,No,2-Day Shipping,1,Yes,42,Credit Card,Annually,0,1,0,1,92,346.0304106438077,Low,1,Detractor,46-55,0.3346938775510204,0,0.044002174810975195,0,0,At-Risk Loyalists
1444,58,Male,Sandals,Footwear,47,Idaho,L,Teal,Fall,4.2,No,Next Day Air,1,Yes,2,Cash,Monthly,0,1,0,12,564,619.6173308088139,Mid,1,Promoter,56+,0.09443777511004403,0,0.21873356491934443,0,0,Bargain Hunters
1445,32,Male,Sweater,Clothing,36,Vermont,L,Pink,Fall,3.8,No,Express,1,Yes,26,Cash,Quarterly,0,1,0,4,144,474.6005087046234,Low,1,Neutral,26-35,0.2276110444177671,0,0.16716554053692678,0,0,Bargain Hunters
1446,64,Male,Belt,Accessories,51,Arkansas,M,Gold,Fall,3.1,No,2-Day Shipping,1,Yes,24,Credit Card,Annually,0,1,0,1,51,164.16266706827824,Low,1,Neutral,56+,0.18775510204081636,0,0.07552746260836923,0,0,Bargain Hunters
1447,63,Male,Jeans,Clothing,35,Wyoming,Xl,Red,Summer,3.2,No,Express,1,Yes,6,Credit Card,Quarterly,0,1,0,4,140,272.4274208677439,Low,1,Neutral,56+,0.06434573829531813,0,0.09019123137469481,0,0,Bargain Hunters
1448,23,Male,Hoodie,Clothing,57,New Mexico,S,Beige,Summer,3.0,No,Next Day Air,1,Yes,25,Paypal,Monthly,0,1,0,12,684,2228.538032006694,High,1,Neutral,18-25,0.2821928771508604,0,0.11431978814471594,0,0,Promo Reliant
1449,64,Male,Boots,Footwear,95,West Virginia,M,Black,Summer,3.6,No,Free Shipping,1,Yes,11,Credit Card,Every 3 Months,0,1,0,4,380,944.2645269194402,Mid,1,Neutral,56+,0.10516206482593038,0,0.15472125279305873,0,0,Bargain Hunters
1450,18,Male,Socks,Clothing,41,New York,L,Lavender,Winter,2.5,No,Store Pickup,1,Yes,20,Cash,Every 3 Months,0,1,0,4,164,499.3016797866414,Low,1,Detractor,18-25,0.1786314525810324,0,0.01177329334391899,0,0,Bargain Hunters
1451,25,Male,Dress,Clothing,44,Illinois,S,Teal,Winter,3.4,No,Free Shipping,1,Yes,25,Cash,Quarterly,0,1,0,4,176,573.4249906917809,Mid,1,Neutral,18-25,0.21944777911164468,0,0.12159703887066237,0,0,Bargain Hunters
1452,54,Male,Jacket,Outerwear,34,Utah,M,Maroon,Fall,2.5,No,Next Day Air,1,Yes,35,Paypal,Quarterly,0,1,0,4,136,487.35857563003094,Low,1,Detractor,46-55,0.3010804321728692,0,0.011479442698082034,0,0,At-Risk Loyalists
1453,60,Male,Jacket,Outerwear,25,Colorado,L,Blue,Spring,4.7,No,2-Day Shipping,1,Yes,11,Bank Transfer,Quarterly,0,1,0,4,100,248.49066497880003,Low,1,Promoter,56+,0.10516206482593038,0,0.26960228639983963,0,0,Bargain Hunters
1454,36,Male,Boots,Footwear,93,Virginia,S,Teal,Winter,3.2,No,2-Day Shipping,1,Yes,41,Bank Transfer,Fortnightly,0,1,0,26,2418,9037.685137009184,Premium,1,Neutral,36-45,0.522609043617447,0,0.305853475213529,0,0,Promo Reliant
1455,66,Male,Sneakers,Footwear,50,Georgia,L,Maroon,Winter,2.9,No,Free Shipping,1,Yes,17,Credit Card,Annually,0,1,0,1,50,144.51858789480823,Low,1,Detractor,56+,0.13061224489795917,0,0.05104413555400359,0,0,Bargain Hunters
1456,60,Male,Pants,Clothing,79,Alabama,L,Silver,Fall,4.9,No,Express,1,Yes,1,Paypal,Every 3 Months,0,1,0,4,316,219.0345090569427,Low,1,Promoter,56+,0.023529411764705882,0,0.2928775409460607,0,0,Bargain Hunters
1457,59,Male,Coat,Outerwear,100,Montana,S,Olive,Spring,2.7,No,Store Pickup,1,Yes,30,Paypal,Every 3 Months,0,1,0,4,400,1373.5948817940584,Mid,1,Detractor,56+,0.2602641056422569,0,0.05728458711577645,0,0,At-Risk Loyalists
1458,58,Male,Shirt,Clothing,57,Pennsylvania,S,Gray,Spring,4.7,No,Express,1,Yes,47,Venmo,Fortnightly,0,1,0,26,1482,5737.119898165494,Premium,1,Promoter,56+,0.5715886354541817,1,0.4046456740972336,0,0,Promo Reliant
1459,35,Male,Sweater,Clothing,28,Missouri,M,Peach,Spring,2.9,No,2-Day Shipping,1,Yes,34,Venmo,Weekly,0,1,0,52,1456,5176.586777528586,Premium,1,Detractor,26-35,0.6693877551020408,1,0.17485419933889015,0,0,Promo Reliant
1460,20,Male,Shoes,Footwear,35,Maine,L,Yellow,Winter,4.8,No,Express,1,Yes,18,Venmo,Fortnightly,0,1,0,26,910,2679.439471041461,High,1,Promoter,18-25,0.3348539415766306,0,0.34141386195766527,0,0,Promo Reliant
1461,70,Male,Boots,Footwear,85,Pennsylvania,L,Violet,Fall,4.6,No,Standard,1,Yes,33,Venmo,Bi-Weekly,0,1,0,26,2210,7793.256759401717,Premium,1,Promoter,56+,0.4573029211684674,0,0.44323529775625636,1,0,Promo Reliant
1462,54,Male,Sunglasses,Accessories,95,Oregon,S,Red,Summer,5.0,No,2-Day Shipping,1,Yes,42,Venmo,Quarterly,0,1,0,4,380,1429.2560439635538,Mid,1,Promoter,46-55,0.35822328931572633,0,0.33465408605316016,0,0,At-Risk Loyalists
1463,38,Male,Sneakers,Footwear,90,Utah,S,Charcoal,Summer,4.8,No,2-Day Shipping,1,Yes,2,Venmo,Quarterly,0,1,0,4,360,395.5004239205195,Low,1,Promoter,36-45,0.03169267707082833,0,0.28521934541924443,0,0,Bargain Hunters
1464,54,Male,Jewelry,Accessories,49,Oklahoma,M,Beige,Summer,4.9,No,Store Pickup,1,Yes,1,Bank Transfer,Monthly,0,1,0,12,588,407.5705421692478,Low,1,Promoter,46-55,0.08627450980392158,0,0.29751632114651,0,0,Bargain Hunters
1465,33,Male,Belt,Accessories,92,Montana,M,Peach,Winter,4.6,No,2-Day Shipping,1,Yes,23,Bank Transfer,Quarterly,0,1,0,4,368,1169.523809568044,Mid,1,Promoter,26-35,0.20312124849939978,0,0.2802635795465622,0,0,Bargain Hunters
1466,46,Male,Gloves,Accessories,72,Nebraska,Xl,Violet,Winter,3.9,No,Store Pickup,1,Yes,42,Cash,Bi-Weekly,0,1,0,26,1872,7040.966616578349,Premium,1,Neutral,46-55,0.5307723089235694,0,0.34072579290503513,0,0,Promo Reliant
1467,58,Male,Shorts,Clothing,71,Alabama,M,Green,Summer,4.5,No,Store Pickup,1,Yes,3,Paypal,Annually,0,1,0,1,71,98.42689963951223,Low,1,Promoter,56+,0.016326530612244896,0,0.2419100859648909,0,0,Bargain Hunters
1468,30,Male,Jewelry,Accessories,27,Ohio,Xl,Olive,Winter,4.7,No,Store Pickup,1,Yes,16,Debit Card,Fortnightly,0,1,0,26,702,1988.9157675274637,High,1,Promoter,26-35,0.31852741096438575,0,0.3124240715662783,0,0,Promo Reliant
1469,42,Male,Gloves,Accessories,39,Arkansas,S,Silver,Fall,3.9,No,Express,1,Yes,46,Cash,Fortnightly,0,1,0,26,1014,3904.049668133999,High,1,Neutral,36-45,0.5634253701480593,1,0.2635444287345603,0,0,Promo Reliant
1470,28,Male,Jewelry,Accessories,98,Mississippi,M,Purple,Winter,4.4,No,Standard,1,Yes,31,Paypal,Every 3 Months,0,1,0,4,392,1358.5684738974928,Mid,1,Promoter,26-35,0.2684273709483794,0,0.26091487421642345,0,0,At-Risk Loyalists
1471,43,Male,Sandals,Footwear,27,California,M,Silver,Spring,3.9,No,Next Day Air,1,Yes,15,Cash,Every 3 Months,0,1,0,4,108,299.4395820018964,Low,1,Neutral,36-45,0.13781512605042018,0,0.1748558442668405,0,0,Bargain Hunters
1472,31,Male,Jewelry,Accessories,71,Alaska,S,Gray,Spring,2.8,No,2-Day Shipping,1,Yes,48,Venmo,Every 3 Months,0,1,0,4,284,1105.2769646634179,Mid,1,Detractor,26-35,0.40720288115246095,0,0.06268283666593001,0,0,At-Risk Loyalists
1473,39,Male,Hat,Accessories,24,Indiana,L,Turquoise,Spring,3.5,No,Store Pickup,1,Yes,11,Cash,Weekly,0,1,0,52,1248,3101.1634989354243,High,1,Neutral,36-45,0.4816326530612245,0,0.19579004861203791,0,0,Promo Reliant
1474,69,Male,Shorts,Clothing,63,Wisconsin,M,Violet,Fall,4.3,No,Express,1,Yes,20,Credit Card,Every 3 Months,0,1,0,4,252,767.2196543063026,Mid,1,Promoter,56+,0.1786314525810324,0,0.23436520352167256,0,0,Bargain Hunters
1475,31,Male,Sweater,Clothing,72,New Jersey,S,Pink,Fall,3.9,No,Next Day Air,1,Yes,6,Credit Card,Monthly,0,1,0,12,864,1681.2663687837905,High,1,Neutral,26-35,0.12709083633453383,0,0.2088546010729525,0,0,Promo Reliant
1476,44,Male,Blouse,Clothing,61,Rhode Island,M,Teal,Spring,4.0,No,Express,1,Yes,24,Cash,Monthly,0,1,0,12,732,2356.2171038035226,High,1,Promoter,36-45,0.27402961184473795,0,0.2374612308731204,0,0,Promo Reliant
1477,39,Male,Hat,Accessories,56,Wyoming,M,Magenta,Fall,4.1,No,Next Day Air,1,Yes,18,Credit Card,Monthly,0,1,0,12,672,1978.662993999848,High,1,Promoter,36-45,0.22505002000800323,0,0.24017181017064754,0,0,Promo Reliant
1478,24,Male,Belt,Accessories,32,Oregon,Xl,Silver,Summer,4.3,No,Standard,1,Yes,1,Paypal,Every 3 Months,0,1,0,4,128,88.722839111673,Low,1,Promoter,18-25,0.023529411764705882,0,0.21767132521927954,0,0,Bargain Hunters
1479,28,Male,Gloves,Accessories,23,Washington,M,Blue,Summer,4.2,No,Free Shipping,1,Yes,13,Venmo,Bi-Weekly,0,1,0,26,598,1578.1562831099245,High,1,Promoter,26-35,0.29403761504601844,0,0.24231765884501436,0,0,Promo Reliant
1480,48,Male,Coat,Outerwear,100,Washington,L,Black,Spring,4.0,No,Standard,1,Yes,2,Bank Transfer,Weekly,0,1,0,52,5200,5712.783901074171,Premium,1,Promoter,46-55,0.40816326530612246,0,0.3200469061078902,0,0,Promo Reliant
1481,39,Male,Jewelry,Accessories,74,New Hampshire,M,Gold,Fall,3.6,No,Express,1,Yes,26,Cash,Quarterly,0,1,0,4,296,975.5677123372814,Mid,1,Neutral,36-45,0.2276110444177671,0,0.15549144294891493,0,0,Bargain Hunters
1482,64,Male,Skirt,Clothing,33,Maryland,S,Gray,Spring,3.3,No,Standard,1,Yes,31,Paypal,Quarterly,0,1,0,4,132,457.4771391695639,Low,1,Neutral,56+,0.2684273709483794,0,0.10674423355251127,0,0,At-Risk Loyalists
1483,28,Male,Gloves,Accessories,67,Wisconsin,S,Magenta,Spring,4.1,No,2-Day Shipping,1,Yes,43,Bank Transfer,Weekly,0,1,0,52,3484,13184.116684571221,Premium,1,Promoter,26-35,0.7428571428571429,1,0.5158731488421336,1,1,Promo Reliant
1484,39,Male,Jewelry,Accessories,61,Massachusetts,S,Yellow,Summer,4.7,No,Next Day Air,1,Yes,12,Debit Card,Bi-Weekly,0,1,0,26,1586,4068.009680933997,High,1,Promoter,36-45,0.28587434973989595,0,0.3635785353638697,0,0,Promo Reliant
1485,49,Male,Shorts,Clothing,46,Nebraska,M,Teal,Summer,4.4,No,Store Pickup,1,Yes,22,Venmo,Every 3 Months,0,1,0,4,184,576.9309357309635,Mid,1,Promoter,46-55,0.1949579831932773,0,0.2416832998795696,0,0,Bargain Hunters
1486,22,Male,Gloves,Accessories,56,Nebraska,L,Red,Spring,3.4,No,Standard,1,Yes,3,Cash,Fortnightly,0,1,0,26,1456,2018.4445897905607,High,1,Neutral,18-25,0.21240496198479392,0,0.157150604917996,0,0,Promo Reliant
1487,25,Male,Sneakers,Footwear,73,Idaho,S,Yellow,Spring,5.0,No,Free Shipping,1,Yes,23,Venmo,Every 3 Months,0,1,0,4,292,927.9917184616002,Mid,1,Promoter,18-25,0.20312124849939978,0,0.3223208731922268,0,0,Bargain Hunters
1488,40,Male,Skirt,Clothing,44,Arizona,L,Black,Summer,4.6,No,Store Pickup,1,Yes,26,Paypal,Annually,0,1,0,1,44,145.01682210419048,Low,1,Promoter,36-45,0.20408163265306123,0,0.2550563942132504,0,0,Bargain Hunters
1489,23,Male,Hat,Accessories,44,Hawaii,L,Pink,Winter,4.0,No,Standard,1,Yes,37,Credit Card,Weekly,0,1,0,52,2288,8322.79713345397,Premium,1,Promoter,18-25,0.6938775510204083,1,0.3842642204610685,0,0,Promo Reliant
1490,24,Male,Jewelry,Accessories,26,Missouri,Xl,Magenta,Summer,4.1,No,Next Day Air,1,Yes,42,Venmo,Quarterly,0,1,0,4,104,391.1648120321305,Low,1,Promoter,18-25,0.35822328931572633,0,0.2011126711127329,0,0,At-Risk Loyalists
1491,66,Male,Sneakers,Footwear,52,Louisiana,L,Olive,Spring,4.9,No,Express,1,Yes,15,Venmo,Bi-Weekly,0,1,0,26,1352,3748.5399524681843,High,1,Promoter,56+,0.3103641456582633,0,0.3797182349927074,0,0,Promo Reliant
1492,27,Male,Shirt,Clothing,54,Arkansas,S,Black,Summer,2.7,No,Free Shipping,1,Yes,10,Bank Transfer,Quarterly,0,1,0,4,216,517.945378924448,Low,1,Detractor,26-35,0.09699879951980793,0,0.036232006837546384,0,0,Bargain Hunters
1493,62,Male,Jacket,Outerwear,38,North Carolina,M,Maroon,Summer,4.5,No,Free Shipping,1,Yes,3,Venmo,Quarterly,0,1,0,4,152,210.71674289022337,Low,1,Promoter,56+,0.03985594237695078,0,0.24467288887839378,0,0,Bargain Hunters
1494,70,Male,Belt,Accessories,44,North Dakota,S,Gold,Fall,2.7,No,Standard,1,Yes,44,Credit Card,Quarterly,0,1,0,4,176,669.9725981995763,Mid,1,Detractor,56+,0.3745498199279712,0,0.0399725165059701,0,0,At-Risk Loyalists
1495,43,Male,T-Shirt,Clothing,76,Montana,M,Gray,Spring,3.0,No,Next Day Air,1,Yes,23,Bank Transfer,Fortnightly,0,1,0,26,1976,6279.834368767541,Premium,1,Neutral,36-45,0.3756702681072429,0,0.21399873504355404,0,0,Promo Reliant
1496,45,Male,Jewelry,Accessories,23,Rhode Island,M,Brown,Winter,4.5,No,Next Day Air,1,Yes,6,Paypal,Weekly,0,1,0,52,1196,2327.3085382701547,High,1,Promoter,36-45,0.44081632653061226,0,0.2967499584483967,0,0,Promo Reliant
1497,63,Male,T-Shirt,Clothing,98,Idaho,M,Purple,Winter,5.0,No,Standard,1,Yes,9,Venmo,Bi-Weekly,0,1,0,26,2548,5866.986816948829,Premium,1,Promoter,56+,0.2613845538215286,0,0.44384094707291266,1,0,Promo Reliant
1498,69,Male,Jacket,Outerwear,33,Michigan,S,Magenta,Spring,3.8,No,2-Day Shipping,1,Yes,16,Debit Card,Every 3 Months,0,1,0,4,132,373.98416141542054,Low,1,Neutral,56+,0.14597839135654261,0,0.16468995477254048,0,0,Bargain Hunters
1499,59,Male,Sweater,Clothing,32,Illinois,M,Teal,Summer,3.1,No,Standard,1,Yes,46,Venmo,Fortnightly,0,1,0,26,832,3203.3228046227687,High,1,Neutral,56+,0.5634253701480593,1,0.1503035976492759,0,0,Promo Reliant
1500,19,Male,Boots,Footwear,85,Georgia,S,Olive,Fall,3.4,No,Free Shipping,1,Yes,24,Credit Card,Every 3 Months,0,1,0,4,340,1094.4177804551882,Mid,1,Neutral,18-25,0.21128451380552224,0,0.13441565501440902,0,0,Bargain Hunters
1501,63,Male,Jeans,Clothing,69,Alabama,L,Maroon,Summer,4.8,No,Next Day Air,1,Yes,22,Debit Card,Monthly,0,1,0,12,828,2596.189210789336,High,1,Promoter,56+,0.257703081232493,0,0.33936555505014815,0,0,Promo Reliant
1502,37,Male,Jeans,Clothing,55,Alaska,Xl,Silver,Spring,2.7,No,Standard,1,Yes,13,Debit Card,Every 3 Months,0,1,0,4,220,580.5926125153569,Mid,1,Detractor,36-45,0.12148859543817528,0,0.037773392545080206,0,0,Bargain Hunters
1503,37,Male,Pants,Clothing,66,Massachusetts,M,Black,Summer,3.2,No,Store Pickup,1,Yes,20,Cash,Fortnightly,0,1,0,26,1716,5224.400503133394,Premium,1,Neutral,36-45,0.35118047218887555,0,0.21203061829702738,0,0,Promo Reliant
1504,50,Male,Jacket,Outerwear,30,Michigan,M,Maroon,Fall,3.9,No,2-Day Shipping,1,Yes,46,Cash,Quarterly,0,1,0,4,120,462.01771220520703,Low,1,Neutral,46-55,0.3908763505402161,0,0.17885595076618516,0,0,At-Risk Loyalists
1505,60,Male,Jacket,Outerwear,80,Alaska,M,Teal,Winter,4.2,No,Next Day Air,1,Yes,10,Bank Transfer,Monthly,0,1,0,12,960,2301.9794618864357,High,1,Promoter,56+,0.15974389755902363,0,0.2601267565273375,0,0,Promo Reliant
1506,46,Male,Belt,Accessories,20,North Dakota,M,Teal,Summer,3.0,No,Express,1,Yes,39,Cash,Monthly,0,1,0,12,240,885.3310689873447,Mid,1,Neutral,46-55,0.39647859143657466,0,0.08127124160269611,0,0,At-Risk Loyalists
1507,35,Male,Shirt,Clothing,30,South Carolina,L,Beige,Fall,3.0,No,2-Day Shipping,1,Yes,44,Paypal,Quarterly,0,1,0,4,120,456.79949877243837,Low,1,Neutral,26-35,0.3745498199279712,0,0.07072756074569912,0,0,At-Risk Loyalists
1508,66,Male,Dress,Clothing,86,Pennsylvania,S,Maroon,Winter,3.7,No,2-Day Shipping,1,Yes,7,Venmo,Annually,0,1,0,1,86,178.8319725844659,Low,1,Neutral,56+,0.0489795918367347,0,0.14788838928567077,0,0,Bargain Hunters
1509,35,Male,Blouse,Clothing,84,Colorado,L,Beige,Spring,4.4,No,Store Pickup,1,Yes,3,Cash,Every 3 Months,0,1,0,4,336,465.79490533628325,Low,1,Promoter,26-35,0.03985594237695078,0,0.2389488856201782,0,0,Bargain Hunters
1510,20,Male,Dress,Clothing,54,New Hampshire,Xl,White,Summer,4.6,No,Free Shipping,1,Yes,44,Debit Card,Annually,0,1,0,1,54,205.55977444759725,Low,1,Promoter,18-25,0.3510204081632653,0,0.25654600574252256,0,0,At-Risk Loyalists
1511,55,Male,Blouse,Clothing,30,Maryland,Xl,Gray,Fall,3.0,No,Free Shipping,1,Yes,31,Venmo,Annually,0,1,0,1,30,103.97207708399179,Low,1,Neutral,46-55,0.2448979591836735,0,0.06204652067666881,0,0,At-Risk Loyalists
1512,34,Male,Dress,Clothing,91,Georgia,M,Violet,Winter,3.6,No,Express,1,Yes,48,Credit Card,Weekly,0,1,0,52,4732,18416.093650659484,Premium,1,Neutral,26-35,0.7836734693877552,1,0.5846018101959036,1,1,Promo Reliant
1513,60,Male,Sneakers,Footwear,23,Wisconsin,L,Silver,Winter,3.9,No,Standard,1,Yes,18,Paypal,Bi-Weekly,0,1,0,26,598,1760.7745095415312,High,1,Neutral,56+,0.3348539415766306,0,0.2108108360856084,0,0,Promo Reliant
1514,22,Male,Socks,Clothing,35,Texas,M,Red,Spring,4.1,No,Free Shipping,1,Yes,27,Cash,Monthly,0,1,0,12,420,1399.5258942735857,Mid,1,Promoter,18-25,0.29851940776310526,0,0.22592259919910046,0,0,Bargain Hunters
1515,26,Male,Shoes,Footwear,90,Utah,L,Brown,Winter,3.9,No,2-Day Shipping,1,Yes,1,Venmo,Weekly,0,1,0,52,4680,3243.928805020544,High,1,Neutral,26-35,0.4,0,0.2473026762209165,0,0,Promo Reliant
1516,39,Male,Jeans,Clothing,93,Indiana,S,Turquoise,Fall,3.9,No,2-Day Shipping,1,Yes,34,Cash,Weekly,0,1,0,52,4836,17193.663225362805,Premium,1,Neutral,36-45,0.6693877551020408,1,0.5905248749825946,1,1,Promo Reliant
1517,20,Male,Jeans,Clothing,68,Nevada,L,Indigo,Winter,4.5,No,Express,1,Yes,5,Bank Transfer,Bi-Weekly,0,1,0,26,1768,3167.8307415952013,High,1,Promoter,18-25,0.22873149259703882,0,0.31743034346795285,0,0,Promo Reliant
1518,57,Male,Gloves,Accessories,41,New Hampshire,M,Violet,Spring,3.4,No,Standard,1,Yes,12,Cash,Quarterly,0,1,0,4,164,420.65169462369204,Low,1,Neutral,56+,0.11332533013205283,0,0.11783817257195389,0,0,Bargain Hunters
1519,68,Male,Belt,Accessories,73,New York,M,Yellow,Winter,4.1,No,Next Day Air,1,Yes,14,Venmo,Fortnightly,0,1,0,26,1898,5139.879281691995,Premium,1,Promoter,56+,0.3022008803521409,0,0.3179510403931759,0,0,Promo Reliant
1520,50,Male,Sunglasses,Accessories,73,Texas,L,Cyan,Fall,4.9,No,Next Day Air,1,Yes,40,Paypal,Weekly,0,1,0,52,3796,14096.719565209552,Premium,1,Promoter,46-55,0.7183673469387756,1,0.6343270220020534,1,1,Promo Reliant
1521,21,Male,Hat,Accessories,66,Iowa,M,Brown,Summer,4.4,No,2-Day Shipping,1,Yes,39,Cash,Quarterly,0,1,0,4,264,973.8641758860791,Mid,1,Promoter,18-25,0.3337334933973589,0,0.25144952877988247,0,0,At-Risk Loyalists
1522,29,Male,Backpack,Accessories,59,Washington,M,White,Summer,2.7,No,2-Day Shipping,1,Yes,50,Bank Transfer,Weekly,0,1,0,52,3068,12062.841041198231,Premium,1,Detractor,26-35,0.8,1,0.3202850471521697,0,0,Promo Reliant
1523,38,Male,Shorts,Clothing,72,Tennessee,L,Yellow,Spring,4.8,No,Free Shipping,1,Yes,5,Debit Card,Monthly,0,1,0,12,864,1548.0801814130396,Mid,1,Promoter,36-45,0.11892757102841137,0,0.31357766011503624,0,0,Bargain Hunters
1524,54,Male,Socks,Clothing,88,Georgia,M,White,Summer,3.3,No,2-Day Shipping,1,Yes,35,Debit Card,Annually,0,1,0,1,88,315.34966658413765,Low,1,Neutral,46-55,0.27755102040816326,0,0.10324729933317053,0,0,At-Risk Loyalists
1525,22,Male,Socks,Clothing,76,Massachusetts,L,Pink,Summer,4.4,No,Free Shipping,1,Yes,6,Cash,Bi-Weekly,0,1,0,26,1976,3845.118454533299,High,1,Promoter,18-25,0.23689475790316128,0,0.3220944727641993,0,0,Promo Reliant
1526,29,Male,Belt,Accessories,31,Oregon,M,Indigo,Winter,4.6,No,2-Day Shipping,1,Yes,22,Cash,Fortnightly,0,1,0,26,806,2527.2083380388945,High,1,Promoter,26-35,0.3675070028011205,0,0.31366833515301656,0,0,Promo Reliant
1527,41,Male,Jacket,Outerwear,22,Oklahoma,L,White,Summer,3.1,No,Next Day Air,1,Yes,27,Paypal,Monthly,0,1,0,12,264,879.7019906862538,Mid,1,Neutral,36-45,0.29851940776310526,0,0.09313274257660106,0,0,Bargain Hunters
1528,26,Male,Hat,Accessories,75,Wisconsin,L,Red,Fall,4.5,No,2-Day Shipping,1,Yes,33,Debit Card,Fortnightly,0,1,0,26,1950,6876.403023001515,Premium,1,Promoter,26-35,0.4573029211684674,0,0.408676835647383,0,0,Promo Reliant
1529,69,Male,T-Shirt,Clothing,75,Oregon,S,Red,Spring,4.0,No,Store Pickup,1,Yes,47,Venmo,Bi-Weekly,0,1,0,26,1950,7548.841971270388,Premium,1,Promoter,56+,0.5715886354541817,1,0.3652216649182023,0,0,Promo Reliant
1530,20,Male,Backpack,Accessories,63,Georgia,M,Lavender,Winter,3.1,No,Free Shipping,1,Yes,48,Credit Card,Bi-Weekly,0,1,0,26,1638,6374.801648305206,Premium,1,Neutral,18-25,0.5797519007603041,1,0.2283353299572035,0,0,Promo Reliant
1531,59,Male,Coat,Outerwear,21,New Mexico,M,Teal,Spring,3.9,No,Next Day Air,1,Yes,22,Bank Transfer,Quarterly,0,1,0,4,84,263.3815141380486,Low,1,Neutral,56+,0.1949579831932773,0,0.17396866398351696,0,0,Bargain Hunters
1532,63,Male,Backpack,Accessories,83,Mississippi,S,Violet,Spring,4.5,No,Next Day Air,1,Yes,8,Paypal,Bi-Weekly,0,1,0,26,2158,4741.610637891562,Premium,1,Promoter,56+,0.25322128851540615,0,0.35615195494079044,0,0,Promo Reliant
1533,68,Male,Jacket,Outerwear,46,Wisconsin,S,Silver,Winter,4.4,No,Next Day Air,1,Yes,5,Paypal,Every 3 Months,0,1,0,4,184,329.6837423379621,Low,1,Promoter,56+,0.056182472989195674,0,0.2355999779469132,0,0,Bargain Hunters
1534,50,Male,Shoes,Footwear,59,New Hampshire,M,Gold,Summer,3.6,No,2-Day Shipping,1,Yes,16,Bank Transfer,Quarterly,0,1,0,4,236,668.638349197267,Mid,1,Neutral,46-55,0.14597839135654261,0,0.14793968836297688,0,0,Bargain Hunters
1535,55,Male,Blouse,Clothing,66,Wyoming,M,Green,Summer,3.4,No,Free Shipping,1,Yes,26,Venmo,Fortnightly,0,1,0,26,1716,5655.656062063429,Premium,1,Neutral,46-55,0.4001600640256102,0,0.24664132074511969,0,0,Promo Reliant
1536,36,Male,Sandals,Footwear,74,West Virginia,S,Turquoise,Fall,4.0,No,2-Day Shipping,1,Yes,8,Venmo,Monthly,0,1,0,12,888,1951.135424674563,High,1,Promoter,36-45,0.14341736694677873,0,0.22749451606699703,0,0,Promo Reliant
1537,18,Male,Sunglasses,Accessories,82,Michigan,M,Indigo,Summer,2.6,No,Store Pickup,1,Yes,17,Cash,Quarterly,0,1,0,4,328,948.041936589942,Mid,1,Detractor,18-25,0.15414165666266505,0,0.03481419297483328,0,0,Bargain Hunters
1538,68,Male,Shoes,Footwear,89,Alaska,L,Black,Spring,3.2,No,Next Day Air,1,Yes,50,Venmo,Annually,0,1,0,1,89,349.932481312465,Low,1,Neutral,56+,0.4,0,0.09209818217815974,0,0,At-Risk Loyalists
1539,56,Male,Dress,Clothing,65,Illinois,L,Charcoal,Fall,3.2,No,Standard,1,Yes,22,Venmo,Bi-Weekly,0,1,0,26,1690,5298.985224920263,Premium,1,Neutral,56+,0.3675070028011205,0,0.2138657164741215,0,0,Promo Reliant
1540,32,Male,Belt,Accessories,55,Hawaii,M,Turquoise,Spring,5.0,No,2-Day Shipping,1,Yes,19,Cash,Every 3 Months,0,1,0,4,220,659.061100181878,Mid,1,Promoter,26-35,0.17046818727490998,0,0.31570404771448135,0,0,Bargain Hunters
1541,28,Male,Shorts,Clothing,95,Colorado,M,Red,Winter,2.9,No,Next Day Air,1,Yes,14,Bank Transfer,Monthly,0,1,0,12,1140,3087.1772292565197,High,1,Detractor,26-35,0.19239695878351343,0,0.12344592749209263,0,0,Promo Reliant
1542,24,Male,Handbag,Accessories,77,Illinois,S,Indigo,Winter,2.9,No,Store Pickup,1,Yes,35,Cash,Bi-Weekly,0,1,0,26,2002,7174.204914789132,Premium,1,Detractor,18-25,0.47362945178071225,0,0.22400401600901643,0,0,Promo Reliant
1543,59,Male,Blouse,Clothing,44,Hawaii,M,Maroon,Winter,3.5,No,Next Day Air,1,Yes,43,Paypal,Weekly,0,1,0,52,2288,8658.22588240498,Premium,1,Neutral,56+,0.7428571428571429,1,0.3325171799278065,0,0,Promo Reliant
1544,56,Male,Jeans,Clothing,89,Wisconsin,M,Indigo,Fall,4.0,No,Standard,1,Yes,24,Venmo,Annually,0,1,0,1,89,286.4799484132698,Low,1,Promoter,56+,0.18775510204081636,0,0.18653698271712185,0,0,Bargain Hunters
1545,30,Male,Jewelry,Accessories,24,Arkansas,M,Maroon,Spring,3.9,No,Standard,1,Yes,17,Debit Card,Bi-Weekly,0,1,0,26,624,1803.5919769272066,High,1,Neutral,26-35,0.3266906762705082,0,0.2118643260560044,0,0,Promo Reliant
1546,48,Male,Belt,Accessories,43,Delaware,M,Black,Winter,4.9,No,Store Pickup,1,Yes,49,Bank Transfer,Annually,0,1,0,1,43,168.2169892334103,Low,1,Promoter,46-55,0.3918367346938776,0,0.29162721600338554,0,0,At-Risk Loyalists
1547,60,Male,Sneakers,Footwear,51,Oregon,Xl,Purple,Summer,3.8,No,Express,1,Yes,17,Bank Transfer,Annually,0,1,0,1,51,147.4089596527044,Low,1,Neutral,56+,0.13061224489795917,0,0.15911525086846698,0,0,Bargain Hunters
1548,46,Male,Hat,Accessories,46,South Carolina,L,Teal,Summer,3.5,No,Standard,1,Yes,40,Cash,Quarterly,0,1,0,4,184,683.2972602735927,Mid,1,Neutral,46-55,0.34189675870348146,0,0.13630035929329448,0,0,At-Risk Loyalists
1549,69,Male,Dress,Clothing,32,Maryland,M,Silver,Summer,3.7,No,Store Pickup,1,Yes,43,Bank Transfer,Weekly,0,1,0,52,1664,6296.891550839986,Premium,1,Neutral,56+,0.7428571428571429,1,0.2984184135377228,0,0,Promo Reliant
1550,19,Male,Sneakers,Footwear,55,Kansas,M,Black,Spring,2.9,No,2-Day Shipping,1,Yes,19,Debit Card,Every 3 Months,0,1,0,4,220,659.061100181878,Mid,1,Detractor,18-25,0.17046818727490998,0,0.06370404771448133,0,0,Bargain Hunters
1551,66,Male,Sunglasses,Accessories,26,Arkansas,S,Black,Summer,2.8,No,Free Shipping,1,Yes,40,Bank Transfer,Quarterly,0,1,0,4,104,386.211494937248,Low,1,Detractor,56+,0.34189675870348146,0,0.04499079865744155,0,0,At-Risk Loyalists
1552,64,Male,Handbag,Accessories,29,Minnesota,M,Olive,Summer,3.7,No,2-Day Shipping,1,Yes,13,Credit Card,Monthly,0,1,0,12,348,918.3919507061099,Mid,1,Neutral,56+,0.184233693477391,0,0.16608467848791506,0,0,Bargain Hunters
1553,54,Male,Blouse,Clothing,49,New Mexico,L,Purple,Spring,3.0,No,Express,1,Yes,20,Credit Card,Monthly,0,1,0,12,588,1790.1791933813727,High,1,Neutral,46-55,0.2413765506202481,0,0.1035343151094589,0,0,Promo Reliant
1554,27,Male,Blouse,Clothing,45,Delaware,M,Indigo,Spring,4.8,No,Free Shipping,1,Yes,21,Debit Card,Quarterly,0,1,0,4,180,556.3876416044969,Mid,1,Promoter,26-35,0.18679471788715488,0,0.2891778483514306,0,0,Bargain Hunters
1555,64,Male,Shorts,Clothing,48,Utah,S,Lavender,Winter,2.7,No,Standard,1,Yes,18,Cash,Bi-Weekly,0,1,0,26,1248,3674.6598459997176,High,1,Detractor,56+,0.3348539415766306,0,0.11390047331906025,0,0,Promo Reliant
1556,43,Male,Shorts,Clothing,47,Ohio,S,Cyan,Winter,4.5,No,Free Shipping,1,Yes,44,Cash,Quarterly,0,1,0,4,188,715.65254807682,Mid,1,Promoter,36-45,0.3745498199279712,0,0.2570964355974567,0,0,At-Risk Loyalists
1557,43,Male,Hoodie,Clothing,57,Alabama,M,Gold,Fall,2.7,No,Standard,1,Yes,26,Credit Card,Quarterly,0,1,0,4,228,751.450805448987,Mid,1,Detractor,36-45,0.2276110444177671,0,0.04197722344881499,0,0,Bargain Hunters
1558,27,Male,Backpack,Accessories,34,South Dakota,L,Magenta,Fall,3.5,No,Next Day Air,1,Yes,34,Paypal,Quarterly,0,1,0,4,136,483.5273363625602,Low,1,Neutral,26-35,0.29291716686674674,0,0.1313851780815854,0,0,At-Risk Loyalists
1559,35,Male,Sunglasses,Accessories,75,New Mexico,Xl,Teal,Fall,3.5,No,Express,1,Yes,24,Credit Card,Every 3 Months,0,1,0,4,300,965.6627474604602,Mid,1,Neutral,26-35,0.21128451380552224,0,0.14324773911045888,0,0,Bargain Hunters
1560,43,Male,Scarf,Accessories,94,Oregon,L,Beige,Fall,4.5,No,Store Pickup,1,Yes,23,Paypal,Fortnightly,0,1,0,26,2444,7767.163561370379,Premium,1,Promoter,36-45,0.3756702681072429,0,0.4305932952255143,1,0,Promo Reliant
1561,57,Male,Hat,Accessories,84,Oregon,M,Teal,Winter,3.8,No,Free Shipping,1,Yes,3,Debit Card,Weekly,0,1,0,52,4368,6055.333769371682,Premium,1,Neutral,56+,0.4163265306122449,0,0.3044750750923224,0,0,Promo Reliant
1562,50,Male,Scarf,Accessories,38,Mississippi,M,Indigo,Summer,3.8,No,Standard,1,Yes,2,Bank Transfer,Quarterly,0,1,0,4,152,166.98906787755269,Low,1,Neutral,46-55,0.03169267707082833,0,0.15959700396816215,0,0,Bargain Hunters
1563,37,Male,Scarf,Accessories,75,Alabama,M,Purple,Winter,3.2,No,Next Day Air,1,Yes,23,Venmo,Bi-Weekly,0,1,0,26,1950,6197.204969178494,Premium,1,Neutral,36-45,0.3756702681072429,0,0.23596570392233404,0,0,Promo Reliant
1564,68,Male,Pants,Clothing,44,Kansas,M,Teal,Fall,4.3,No,Next Day Air,1,Yes,8,Cash,Weekly,0,1,0,52,2288,5027.24983294527,Premium,1,Promoter,56+,0.4571428571428572,0,0.3391798817546433,0,0,Promo Reliant
1565,22,Male,Backpack,Accessories,33,California,Xl,Turquoise,Summer,4.5,No,Next Day Air,1,Yes,30,Debit Card,Every 3 Months,0,1,0,4,132,453.2863109920393,Low,1,Promoter,18-25,0.2602641056422569,0,0.2506411215348642,0,0,At-Risk Loyalists
1566,58,Male,Sunglasses,Accessories,93,Idaho,L,Peach,Fall,4.2,No,Free Shipping,1,Yes,48,Paypal,Annually,0,1,0,1,93,361.93928772428825,Low,1,Promoter,56+,0.3836734693877551,0,0.21239360016767803,0,0,At-Risk Loyalists
1567,48,Male,Sneakers,Footwear,99,Wyoming,S,Green,Winter,3.0,No,Free Shipping,1,Yes,21,Cash,Bi-Weekly,0,1,0,26,2574,7956.343274944305,Premium,1,Neutral,46-55,0.35934373749499804,0,0.25524791267538216,0,0,Promo Reliant
1568,30,Male,Backpack,Accessories,33,Minnesota,M,Turquoise,Spring,4.1,No,Standard,1,Yes,9,Cash,Monthly,0,1,0,12,396,911.8236968256422,Mid,1,Promoter,26-35,0.15158063225290117,0,0.21392307178839307,0,0,Bargain Hunters
1569,51,Male,Sneakers,Footwear,76,Washington,L,Yellow,Spring,4.6,No,Store Pickup,1,Yes,8,Debit Card,Monthly,0,1,0,12,912,2003.8688145306323,High,1,Promoter,46-55,0.14341736694677873,0,0.3007919794787852,0,0,Promo Reliant
1570,20,Male,Skirt,Clothing,63,Hawaii,M,Orange,Summer,2.9,No,Standard,1,Yes,29,Debit Card,Weekly,0,1,0,52,3276,11142.32262232522,Premium,1,Detractor,18-25,0.6285714285714286,1,0.3216364184251959,0,0,Promo Reliant
1571,30,Male,Pants,Clothing,41,Missouri,L,Brown,Winter,4.8,No,Next Day Air,1,Yes,3,Bank Transfer,Every 3 Months,0,1,0,4,164,227.35227522366205,Low,1,Promoter,26-35,0.03985594237695078,0,0.2810821930137275,0,0,Bargain Hunters
1572,28,Male,Jewelry,Accessories,88,Colorado,L,Silver,Winter,4.5,No,Next Day Air,1,Yes,11,Bank Transfer,Fortnightly,0,1,0,26,2288,5685.466414714945,Premium,1,Promoter,26-35,0.2777110844337735,0,0.37937478092970883,0,0,Promo Reliant
1573,37,Male,Skirt,Clothing,92,Washington,L,White,Summer,3.4,No,2-Day Shipping,1,Yes,16,Debit Card,Monthly,0,1,0,12,1104,3127.867531838063,High,1,Neutral,36-45,0.20872348939575833,0,0.18444708025238815,0,0,Promo Reliant
1574,36,Male,T-Shirt,Clothing,31,North Dakota,L,Indigo,Summer,4.3,No,2-Day Shipping,1,Yes,25,Debit Card,Weekly,0,1,0,52,1612,5252.051619290629,Premium,1,Promoter,36-45,0.5959183673469388,1,0.34471095217290826,0,0,Promo Reliant
1575,18,Male,Skirt,Clothing,25,Minnesota,S,Magenta,Spring,4.2,No,Free Shipping,1,Yes,32,Paypal,Bi-Weekly,0,1,0,26,650,2272.7299149532123,High,1,Promoter,18-25,0.44913965586234494,0,0.25940709452455674,0,0,Promo Reliant
1576,52,Male,Shirt,Clothing,28,California,M,Turquoise,Spring,3.6,No,Next Day Air,1,Yes,28,Cash,Fortnightly,0,1,0,26,728,2451.391364230153,High,1,Neutral,46-55,0.4164865946378551,0,0.19180291838808194,0,0,Promo Reliant
1577,56,Male,Dress,Clothing,75,Michigan,M,White,Spring,3.7,No,2-Day Shipping,1,Yes,36,Paypal,Monthly,0,1,0,12,900,3249.826121379802,High,1,Neutral,56+,0.37198879551820735,0,0.22344777503259472,0,0,Promo Reliant
1578,68,Male,Boots,Footwear,34,Delaware,S,Olive,Spring,4.0,No,Standard,1,Yes,7,Venmo,Fortnightly,0,1,0,26,884,1838.226322844975,High,1,Promoter,56+,0.24505802320928372,0,0.2247164767852136,0,0,Promo Reliant
1579,62,Male,Pants,Clothing,97,California,S,Maroon,Winter,4.9,No,2-Day Shipping,1,Yes,2,Paypal,Quarterly,0,1,0,4,388,426.2615680032266,Low,1,Promoter,56+,0.03169267707082833,0,0.29797619907612094,0,0,Bargain Hunters
1580,35,Male,Jacket,Outerwear,80,Oklahoma,M,Violet,Summer,3.1,No,Free Shipping,1,Yes,6,Bank Transfer,Monthly,0,1,0,12,960,1868.0737430931008,High,1,Neutral,26-35,0.12709083633453383,0,0.11745084898874364,0,0,Promo Reliant
1581,65,Male,Sneakers,Footwear,71,North Dakota,L,Cyan,Summer,3.7,No,Standard,1,Yes,30,Cash,Annually,0,1,0,1,71,243.8130915184454,Low,1,Neutral,56+,0.23673469387755103,0,0.1494871983989103,0,0,At-Risk Loyalists
1582,69,Male,Jewelry,Accessories,77,Ohio,L,Teal,Fall,4.2,No,Free Shipping,1,Yes,46,Cash,Quarterly,0,1,0,4,308,1185.845461326698,Mid,1,Promoter,56+,0.3908763505402161,0,0.23266516089823722,0,0,At-Risk Loyalists
1583,28,Male,Belt,Accessories,41,Hawaii,L,Red,Spring,2.5,No,Next Day Air,1,Yes,39,Cash,Monthly,0,1,0,12,492,1814.9286914240565,High,1,Detractor,26-35,0.39647859143657466,0,0.044143256963152584,0,0,Promo Reliant
1584,37,Male,Scarf,Accessories,92,Maryland,Xl,Yellow,Summer,4.3,No,Next Day Air,1,Yes,8,Venmo,Annually,0,1,0,1,92,202.1446611149322,Low,1,Promoter,36-45,0.05714285714285714,0,0.22046197957602098,0,0,Bargain Hunters
1585,41,Male,Blouse,Clothing,95,Hawaii,S,Silver,Spring,3.1,No,Store Pickup,1,Yes,46,Credit Card,Quarterly,0,1,0,4,380,1463.0560886498222,Mid,1,Neutral,36-45,0.3908763505402161,0,0.10748570945944863,0,0,At-Risk Loyalists
1586,37,Male,Sweater,Clothing,25,Alabama,M,Charcoal,Fall,3.0,No,Next Day Air,1,Yes,40,Debit Card,Fortnightly,0,1,0,26,650,2413.8218433578004,High,1,Neutral,36-45,0.5144457783113245,0,0.11887854999713768,0,0,Promo Reliant
1587,25,Male,Boots,Footwear,77,Oklahoma,M,Purple,Fall,4.0,No,Express,1,Yes,21,Bank Transfer,Weekly,0,1,0,52,4004,12376.533983246698,Premium,1,Promoter,18-25,0.5632653061224491,1,0.48400321425568743,1,1,Promo Reliant
1588,41,Male,Socks,Clothing,99,Alabama,M,Beige,Summer,3.5,No,Free Shipping,1,Yes,33,Credit Card,Fortnightly,0,1,0,26,2574,9076.851990362,Premium,1,Neutral,36-45,0.4573029211684674,0,0.3428171447086791,0,0,Promo Reliant
1589,48,Male,Belt,Accessories,24,Vermont,L,Cyan,Winter,3.2,No,Next Day Air,1,Yes,3,Venmo,Monthly,0,1,0,12,288,399.2527760025285,Low,1,Neutral,46-55,0.10260104041616648,0,0.09331166907884313,0,0,Bargain Hunters
1590,42,Male,Sneakers,Footwear,72,Ohio,M,Silver,Summer,2.7,No,Store Pickup,1,Yes,48,Cash,Weekly,0,1,0,52,3744,14570.975196126186,Premium,1,Detractor,36-45,0.7836734693877552,1,0.3819957072625373,0,0,Promo Reliant
1591,54,Male,Jeans,Clothing,80,Wisconsin,S,Pink,Winter,3.0,No,Free Shipping,1,Yes,8,Paypal,Annually,0,1,0,1,80,175.77796618689757,Low,1,Neutral,46-55,0.05714285714285714,0,0.06381324787012686,0,0,Bargain Hunters
1592,18,Male,Skirt,Clothing,100,South Dakota,L,Gold,Winter,2.9,No,Next Day Air,1,Yes,24,Paypal,Annually,0,1,0,1,100,321.88758248682007,Low,1,Detractor,18-25,0.18775510204081636,0,0.05540815959070815,0,0,Bargain Hunters
1593,56,Male,Shoes,Footwear,83,Iowa,M,Cyan,Summer,3.3,No,Free Shipping,1,Yes,10,Bank Transfer,Every 3 Months,0,1,0,4,332,796.1012305690591,Mid,1,Neutral,56+,0.09699879951980793,0,0.11507581189670735,0,0,Bargain Hunters
1594,61,Male,Dress,Clothing,95,Maryland,M,Black,Spring,4.9,No,2-Day Shipping,1,Yes,25,Bank Transfer,Monthly,0,1,0,12,1140,3714.2300533444895,High,1,Promoter,56+,0.2821928771508604,0,0.3788740670206381,0,0,Promo Reliant
1595,40,Male,Handbag,Accessories,41,Colorado,Xl,Charcoal,Summer,3.7,No,Store Pickup,1,Yes,3,Cash,Fortnightly,0,1,0,26,1066,1477.7897889538033,Mid,1,Neutral,36-45,0.21240496198479392,0,0.17984822051964874,0,0,Bargain Hunters
1596,34,Male,Backpack,Accessories,35,Wisconsin,S,Magenta,Spring,3.5,No,Standard,1,Yes,45,Debit Card,Fortnightly,0,1,0,26,910,3484.0636708050765,High,1,Neutral,26-35,0.5552621048419368,1,0.20521100494964983,0,0,Promo Reliant
1597,42,Male,Jewelry,Accessories,30,Mississippi,S,Pink,Fall,4.7,No,Store Pickup,1,Yes,15,Debit Card,Monthly,0,1,0,12,360,998.1319400063212,Mid,1,Promoter,36-45,0.20056022408963586,0,0.28804661795085856,0,0,Bargain Hunters
1598,43,Male,Hat,Accessories,21,Mississippi,Xl,Maroon,Winter,2.6,No,Store Pickup,1,Yes,34,Bank Transfer,Quarterly,0,1,0,4,84,298.6492371651107,Low,1,Detractor,36-45,0.29291716686674674,0,0.018836398456297653,0,0,At-Risk Loyalists
1599,47,Male,Jewelry,Accessories,85,California,M,Teal,Fall,4.1,No,Express,1,Yes,21,Venmo,Bi-Weekly,0,1,0,26,2210,6831.203821921878,Premium,1,Promoter,46-55,0.35934373749499804,0,0.35956474500039537,0,0,Promo Reliant
1600,48,Male,Shirt,Clothing,54,Delaware,M,Orange,Winter,2.8,No,2-Day Shipping,1,Yes,22,Debit Card,Bi-Weekly,0,1,0,26,1404,4402.233879164526,High,1,Detractor,46-55,0.3675070028011205,0,0.14380185781141108,0,0,Promo Reliant
1601,20,Male,Boots,Footwear,26,Montana,S,Yellow,Spring,4.7,No,Next Day Air,1,Yes,24,Paypal,Weekly,0,1,0,52,1352,4351.9201152218075,High,1,Promoter,18-25,0.5877551020408164,1,0.3705639273843476,0,0,Promo Reliant
1602,65,Male,Shirt,Clothing,59,Indiana,Xl,Red,Spring,2.9,No,Store Pickup,1,Yes,33,Credit Card,Monthly,0,1,0,12,708,2496.6632514282423,High,1,Detractor,56+,0.34749899959983993,0,0.10891679741961102,0,0,Promo Reliant
1603,54,Male,Sunglasses,Accessories,48,West Virginia,S,Charcoal,Winter,2.8,No,Free Shipping,1,Yes,13,Venmo,Fortnightly,0,1,0,26,1248,3293.5435473598427,High,1,Detractor,46-55,0.29403761504601844,0,0.1165234077734725,0,0,Promo Reliant
1604,23,Male,Shorts,Clothing,98,Iowa,L,Black,Summer,4.3,No,Next Day Air,1,Yes,17,Debit Card,Bi-Weekly,0,1,0,26,2548,7364.667239119427,Premium,1,Promoter,18-25,0.3266906762705082,0,0.3966901910836169,0,0,Promo Reliant
1605,18,Male,Sweater,Clothing,92,Maine,M,White,Summer,4.8,No,2-Day Shipping,1,Yes,25,Credit Card,Every 3 Months,0,1,0,4,368,1198.9795259919053,Mid,1,Promoter,18-25,0.21944777911164468,0,0.3049883141868401,0,0,Bargain Hunters
1606,70,Male,Belt,Accessories,46,Connecticut,M,Lavender,Winter,3.4,No,Next Day Air,1,Yes,15,Credit Card,Bi-Weekly,0,1,0,26,1196,3316.016111798778,High,1,Neutral,56+,0.3103641456582633,0,0.1890763274740295,0,0,Promo Reliant
1607,55,Male,T-Shirt,Clothing,21,Kansas,S,White,Spring,4.3,No,Standard,1,Yes,4,Paypal,Fortnightly,0,1,0,26,546,878.7531001890187,Mid,1,Promoter,46-55,0.22056822729091635,0,0.2371093958752925,0,0,Bargain Hunters
1608,49,Male,Shorts,Clothing,72,Vermont,S,Gray,Fall,2.7,No,Free Shipping,1,Yes,43,Debit Card,Quarterly,0,1,0,4,288,1089.8466145684592,Mid,1,Detractor,46-55,0.36638655462184877,0,0.05030318508779455,0,0,At-Risk Loyalists
1609,26,Male,Sandals,Footwear,58,Nebraska,Xl,Cyan,Fall,4.6,No,Next Day Air,1,Yes,12,Bank Transfer,Bi-Weekly,0,1,0,26,1508,3867.9436310519973,High,1,Promoter,26-35,0.28587434973989595,0,0.3466560682065072,0,0,Promo Reliant
1610,33,Male,Shirt,Clothing,93,Nevada,S,Brown,Fall,4.1,No,Standard,1,Yes,3,Venmo,Monthly,0,1,0,12,1116,1547.1045070097978,Mid,1,Promoter,26-35,0.10260104041616648,0,0.2295536544168727,0,0,Bargain Hunters
1611,20,Male,Socks,Clothing,31,Tennessee,L,Purple,Spring,3.4,No,2-Day Shipping,1,Yes,1,Paypal,Annually,0,1,0,1,31,21.487562597358306,Low,1,Neutral,18-25,0.0,0,0.10801705433897224,0,0,Bargain Hunters
1612,41,Male,Pants,Clothing,26,Arkansas,L,Yellow,Winter,4.5,No,Next Day Air,1,Yes,6,Debit Card,Monthly,0,1,0,12,312,607.1239665052577,Mid,1,Promoter,36-45,0.12709083633453383,0,0.2544261755571538,0,0,Bargain Hunters
1613,18,Male,Skirt,Clothing,68,Wisconsin,M,Indigo,Summer,4.4,No,Standard,1,Yes,26,Venmo,Monthly,0,1,0,12,816,2689.4028826595327,High,1,Promoter,18-25,0.2903561424569828,0,0.2936590038320322,0,0,Promo Reliant
1614,26,Male,Jewelry,Accessories,31,Illinois,S,Black,Summer,4.0,No,Next Day Air,1,Yes,6,Credit Card,Fortnightly,0,1,0,26,806,1568.4035801385824,High,1,Promoter,26-35,0.23689475790316128,0,0.21807770129049542,0,0,Promo Reliant
1615,30,Male,T-Shirt,Clothing,41,Kansas,S,Gray,Summer,3.4,No,Free Shipping,1,Yes,22,Cash,Bi-Weekly,0,1,0,26,1066,3342.4368341804734,High,1,Neutral,26-35,0.3675070028011205,0,0.18972638848275333,0,0,Promo Reliant
1616,64,Male,Jewelry,Accessories,62,New York,M,Indigo,Fall,3.2,No,Standard,1,Yes,45,Cash,Bi-Weekly,0,1,0,26,1612,6171.769931140421,Premium,1,Neutral,56+,0.5552621048419368,1,0.23533989489845156,0,0,Promo Reliant
1617,26,Male,Hat,Accessories,41,Colorado,M,Green,Spring,3.4,No,Standard,1,Yes,50,Cash,Quarterly,0,1,0,4,164,644.8194037667894,Mid,1,Neutral,26-35,0.42352941176470593,0,0.12335364202141273,0,0,At-Risk Loyalists
1618,43,Male,Blouse,Clothing,64,Wisconsin,M,Peach,Winter,4.3,No,Standard,1,Yes,50,Credit Card,Fortnightly,0,1,0,26,1664,6542.557852853278,Premium,1,Promoter,36-45,0.596078431372549,1,0.37646283888647314,0,0,Promo Reliant
1619,63,Male,Sandals,Footwear,72,Michigan,L,Purple,Summer,5.0,No,Standard,1,Yes,39,Debit Card,Quarterly,0,1,0,4,288,1062.3972827848136,Mid,1,Promoter,56+,0.3337334933973589,0,0.32562781595706874,0,0,At-Risk Loyalists
1620,57,Male,Handbag,Accessories,78,Hawaii,L,Beige,Winter,3.5,No,Store Pickup,1,Yes,50,Venmo,Bi-Weekly,0,1,0,26,2028,7973.742383164933,Premium,1,Neutral,56+,0.596078431372549,1,0.3156760039923945,0,0,Promo Reliant
1621,25,Male,Hat,Accessories,47,Virginia,M,Charcoal,Winter,3.1,No,2-Day Shipping,1,Yes,27,Paypal,Every 3 Months,0,1,0,4,188,626.4544479129383,Mid,1,Neutral,18-25,0.23577430972388957,0,0.08690178678615262,0,0,Bargain Hunters
1622,68,Male,Scarf,Accessories,46,Ohio,L,Gray,Summer,3.9,No,2-Day Shipping,1,Yes,38,Debit Card,Fortnightly,0,1,0,26,1196,4381.6197287710565,High,1,Neutral,56+,0.49811924769907967,0,0.27529466292078053,0,0,Promo Reliant
1623,31,Male,Shorts,Clothing,43,Missouri,S,Brown,Winter,4.0,No,Store Pickup,1,Yes,37,Bank Transfer,Every 3 Months,0,1,0,4,172,625.6648194729383,Mid,1,Promoter,26-35,0.31740696278511404,0,0.19488235860198688,0,0,At-Risk Loyalists
1624,64,Male,Backpack,Accessories,58,Indiana,M,Cyan,Summer,3.5,No,Next Day Air,1,Yes,50,Debit Card,Annually,0,1,0,1,58,228.0458866980109,Low,1,Neutral,56+,0.4,0,0.1250992587762818,0,0,At-Risk Loyalists
1625,38,Male,Sweater,Clothing,32,Florida,M,White,Winter,3.6,No,Free Shipping,1,Yes,40,Paypal,Every 3 Months,0,1,0,4,128,475.3372245381514,Low,1,Neutral,36-45,0.34189675870348146,0,0.14318366684819744,0,0,At-Risk Loyalists
1626,34,Male,Skirt,Clothing,45,Minnesota,L,Beige,Winter,3.0,No,Next Day Air,1,Yes,3,Paypal,Bi-Weekly,0,1,0,26,1170,1621.964402510272,High,1,Neutral,26-35,0.21240496198479392,0,0.09939552302587468,0,0,Promo Reliant
1627,32,Male,Sneakers,Footwear,35,Nevada,L,Orange,Summer,2.6,No,Next Day Air,1,Yes,45,Credit Card,Bi-Weekly,0,1,0,26,910,3484.0636708050765,High,1,Detractor,26-35,0.5552621048419368,1,0.09721100494964983,0,0,Promo Reliant
1628,69,Male,Sunglasses,Accessories,21,Maine,M,Olive,Winter,2.9,No,Next Day Air,1,Yes,8,Credit Card,Annually,0,1,0,1,21,46.14171612406061,Low,1,Detractor,56+,0.05714285714285714,0,0.04862365031614749,0,0,Bargain Hunters
1629,45,Male,Dress,Clothing,64,Massachusetts,S,Teal,Winter,3.1,No,Next Day Air,1,Yes,7,Cash,Monthly,0,1,0,12,768,1597.0111040101137,High,1,Neutral,36-45,0.13525410164065627,0,0.11078156682287403,0,0,Promo Reliant
1630,35,Male,Blouse,Clothing,88,North Dakota,S,Silver,Spring,3.3,No,Next Day Air,1,Yes,13,Venmo,Quarterly,0,1,0,4,352,928.948180024571,Mid,1,Neutral,26-35,0.12148859543817528,0,0.11834440617362861,0,0,Bargain Hunters
1631,63,Male,Shoes,Footwear,48,New Jersey,M,Gold,Summer,2.9,No,Store Pickup,1,Yes,29,Venmo,Every 3 Months,0,1,0,4,192,653.0298972791338,Mid,1,Detractor,56+,0.25210084033613445,0,0.06355565473013612,0,0,Bargain Hunters
1632,65,Male,Sweater,Clothing,36,Indiana,L,Violet,Summer,3.9,No,2-Day Shipping,1,Yes,7,Bank Transfer,Fortnightly,0,1,0,26,936,1946.3572830123262,High,1,Neutral,56+,0.24505802320928372,0,0.21537695366488302,0,0,Promo Reliant
1633,35,Male,Gloves,Accessories,28,Oregon,S,White,Summer,4.7,No,2-Day Shipping,1,Yes,50,Debit Card,Every 3 Months,0,1,0,4,112,440.3644708651245,Low,1,Promoter,26-35,0.42352941176470593,0,0.27432318986342397,0,0,At-Risk Loyalists
1634,54,Male,Socks,Clothing,80,North Dakota,M,Peach,Spring,4.4,No,2-Day Shipping,1,Yes,33,Debit Card,Bi-Weekly,0,1,0,26,2080,7334.829891201616,Premium,1,Promoter,46-55,0.4573029211684674,0,0.4079560667018198,0,0,Promo Reliant
1635,28,Male,Coat,Outerwear,23,South Carolina,S,Orange,Summer,3.6,No,Store Pickup,1,Yes,30,Cash,Every 3 Months,0,1,0,4,92,315.9268228126335,Low,1,Neutral,26-35,0.2602641056422569,0,0.13926149980636984,0,0,At-Risk Loyalists
1636,68,Male,Sunglasses,Accessories,24,North Carolina,L,Violet,Summer,3.2,No,Standard,1,Yes,40,Cash,Annually,0,1,0,1,24,89.12572960090338,Low,1,Neutral,56+,0.31836734693877555,0,0.08568123802158868,0,0,At-Risk Loyalists
1637,58,Male,Boots,Footwear,22,North Dakota,L,Green,Fall,4.0,No,Free Shipping,1,Yes,49,Cash,Fortnightly,0,1,0,26,572,2237.6771591048996,High,1,Promoter,56+,0.5879151660664266,1,0.23454464914944118,0,0,Promo Reliant
1638,35,Male,Dress,Clothing,21,Massachusetts,M,Peach,Spring,3.5,No,Next Day Air,1,Yes,32,Venmo,Fortnightly,0,1,0,26,546,1909.0931285606982,High,1,Neutral,26-35,0.44913965586234494,0,0.1664600985735609,0,0,Promo Reliant
1639,68,Male,Jacket,Outerwear,51,Tennessee,M,Black,Spring,4.6,No,Free Shipping,1,Yes,18,Venmo,Weekly,0,1,0,52,2652,7808.652172749399,Premium,1,Promoter,56+,0.5387755102040817,0,0.44361408974331606,1,0,Promo Reliant
1640,41,Male,Gloves,Accessories,65,Missouri,L,Blue,Summer,3.3,No,Free Shipping,1,Yes,50,Paypal,Annually,0,1,0,1,65,255.56866612708117,Low,1,Neutral,36-45,0.4,0,0.10177643502831873,0,0,At-Risk Loyalists
1641,65,Male,Scarf,Accessories,51,Tennessee,S,Magenta,Spring,4.0,No,2-Day Shipping,1,Yes,13,Paypal,Weekly,0,1,0,52,2652,6998.7800381396655,Premium,1,Promoter,56+,0.4979591836734694,0,0.3516878254589422,0,0,Promo Reliant
1642,50,Male,Hoodie,Clothing,32,Colorado,L,Violet,Summer,3.4,No,Free Shipping,1,Yes,1,Bank Transfer,Every 3 Months,0,1,0,4,128,88.722839111673,Low,1,Neutral,46-55,0.023529411764705882,0,0.10967132521927953,0,0,Bargain Hunters
1643,18,Male,Coat,Outerwear,70,Mississippi,M,Beige,Spring,4.2,No,Store Pickup,1,Yes,16,Paypal,Fortnightly,0,1,0,26,1820,5156.4482861823135,Premium,1,Promoter,18-25,0.31852741096438575,0,0.33035870766346936,0,0,Promo Reliant
1644,38,Male,Scarf,Accessories,77,Ohio,L,Pink,Summer,3.9,No,2-Day Shipping,1,Yes,6,Paypal,Monthly,0,1,0,12,924,1798.0209777271095,High,1,Neutral,36-45,0.12709083633453383,0,0.21172725602032194,0,0,Promo Reliant
1645,68,Male,Coat,Outerwear,90,North Carolina,S,Beige,Summer,3.9,No,Next Day Air,1,Yes,21,Debit Card,Monthly,0,1,0,12,1080,3338.3258496269814,High,1,Neutral,56+,0.2495398159263706,0,0.24962524095441993,0,0,Promo Reliant
1646,53,Male,Scarf,Accessories,36,Ohio,L,Green,Summer,2.8,No,Standard,1,Yes,36,Venmo,Every 3 Months,0,1,0,4,144,519.9721794207683,Low,1,Detractor,46-55,0.3092436974789916,0,0.04828187466311468,0,0,At-Risk Loyalists
1647,58,Male,Handbag,Accessories,77,Nebraska,S,Silver,Summer,3.7,No,Standard,1,Yes,20,Bank Transfer,Every 3 Months,0,1,0,4,308,937.7129108188143,Mid,1,Neutral,56+,0.1786314525810324,0,0.16656005545297028,0,0,Bargain Hunters
1648,34,Male,Boots,Footwear,78,Hawaii,M,Purple,Summer,4.9,No,Store Pickup,1,Yes,8,Debit Card,Quarterly,0,1,0,4,312,685.5340681289005,Mid,1,Promoter,26-35,0.08067226890756302,0,0.3043553941840797,0,0,Bargain Hunters
1649,36,Male,Pants,Clothing,69,Oklahoma,M,Gray,Summer,2.6,No,Express,1,Yes,22,Credit Card,Monthly,0,1,0,12,828,2596.189210789336,High,1,Detractor,36-45,0.257703081232493,0,0.0753655550501482,0,0,Promo Reliant
1650,58,Male,T-Shirt,Clothing,63,Wisconsin,M,White,Summer,4.9,No,Free Shipping,1,Yes,3,Credit Card,Quarterly,0,1,0,4,252,349.3461790022124,Low,1,Promoter,56+,0.03985594237695078,0,0.29608375667284187,0,0,Bargain Hunters
1651,60,Male,Scarf,Accessories,36,Arkansas,M,Silver,Winter,3.4,No,Next Day Air,1,Yes,46,Credit Card,Fortnightly,0,1,0,26,936,3603.7381552006145,High,1,Neutral,56+,0.5634253701480593,1,0.19615550112658126,0,0,Promo Reliant
1652,59,Male,Coat,Outerwear,80,Texas,M,Blue,Winter,3.9,No,Standard,1,Yes,42,Debit Card,Monthly,0,1,0,12,960,3610.75211106582,High,1,Neutral,56+,0.420968387354942,0,0.25632807397144936,0,0,Promo Reliant
1653,65,Male,Sweater,Clothing,35,New Mexico,M,Orange,Summer,4.0,No,Next Day Air,1,Yes,1,Bank Transfer,Fortnightly,0,1,0,26,910,630.7639343095502,Mid,1,Promoter,56+,0.19607843137254902,0,0.1950078182955713,0,0,Bargain Hunters
1654,31,Male,Belt,Accessories,93,Colorado,L,Silver,Winter,3.0,No,2-Day Shipping,1,Yes,29,Debit Card,Bi-Weekly,0,1,0,26,2418,8224.095268859091,Premium,1,Neutral,26-35,0.4246498599439776,0,0.2618357390314342,0,0,Promo Reliant
1655,43,Male,Belt,Accessories,25,Indiana,L,Gray,Spring,2.6,No,Store Pickup,1,Yes,14,Credit Card,Quarterly,0,1,0,4,100,270.805020110221,Low,1,Detractor,36-45,0.12965186074429774,0,0.018151313485329282,0,0,Bargain Hunters
1656,37,Male,Sweater,Clothing,81,Arizona,L,Gold,Spring,3.2,No,Next Day Air,1,Yes,4,Paypal,Monthly,0,1,0,12,972,1564.3736508859454,High,1,Neutral,36-45,0.11076430572228893,0,0.12197854806382705,0,0,Promo Reliant
1657,21,Male,Blouse,Clothing,42,Indiana,L,Brown,Spring,2.6,No,2-Day Shipping,1,Yes,41,Paypal,Every 3 Months,0,1,0,4,168,627.928495871606,Mid,1,Detractor,18-25,0.3500600240096039,0,0.026938054572062324,0,0,At-Risk Loyalists
1658,69,Male,Skirt,Clothing,36,Indiana,L,Turquoise,Spring,3.2,No,Store Pickup,1,Yes,4,Debit Card,Bi-Weekly,0,1,0,26,936,1506.433886038318,Mid,1,Neutral,56+,0.22056822729091635,0,0.12055298590704949,0,0,Bargain Hunters
1659,32,Male,Jewelry,Accessories,66,Alaska,S,Pink,Spring,4.1,No,Store Pickup,1,Yes,47,Cash,Weekly,0,1,0,52,3432,13285.961869435883,Premium,1,Promoter,26-35,0.7755102040816327,1,0.518378969184603,1,1,Promo Reliant
1660,53,Male,Gloves,Accessories,37,Utah,M,Black,Fall,3.9,No,Next Day Air,1,Yes,44,Venmo,Annually,0,1,0,1,37,140.84651212150183,Low,1,Neutral,46-55,0.3510204081632653,0,0.17095378702958322,0,0,At-Risk Loyalists
1661,59,Male,T-Shirt,Clothing,45,Louisiana,L,Yellow,Winter,4.1,No,Standard,1,Yes,37,Venmo,Monthly,0,1,0,12,540,1964.2965262522482,High,1,Promoter,56+,0.3801520608243298,0,0.2398183345774793,0,0,Promo Reliant
1662,64,Male,Gloves,Accessories,86,Iowa,S,Beige,Summer,2.7,No,2-Day Shipping,1,Yes,21,Debit Card,Quarterly,0,1,0,4,344,1063.3186039552606,Mid,1,Detractor,56+,0.18679471788715488,0,0.04965048433686428,0,0,Bargain Hunters
1663,63,Male,Sunglasses,Accessories,24,New Mexico,M,Olive,Winter,4.6,No,Free Shipping,1,Yes,46,Debit Card,Fortnightly,0,1,0,26,624,2402.4921034670765,High,1,Promoter,56+,0.5634253701480593,1,0.31059979069466503,0,0,Promo Reliant
1664,43,Male,Shirt,Clothing,22,Maine,Xl,Gold,Summer,3.5,No,Standard,1,Yes,1,Cash,Bi-Weekly,0,1,0,26,572,396.4801872802887,Low,1,Neutral,36-45,0.19607843137254902,0,0.12924345172295415,0,0,Bargain Hunters
1665,19,Male,Handbag,Accessories,53,Minnesota,M,Purple,Spring,5.0,No,Next Day Air,1,Yes,35,Paypal,Weekly,0,1,0,52,2756,9876.178194385038,Premium,1,Promoter,18-25,0.6775510204081633,1,0.5424839346995012,1,1,Promo Reliant
1666,40,Male,Jacket,Outerwear,41,New Mexico,L,Pink,Fall,3.4,No,Next Day Air,1,Yes,49,Venmo,Monthly,0,1,0,12,492,1924.7153186706478,High,1,Neutral,36-45,0.4781112444977992,0,0.1548444702237617,0,0,Promo Reliant
1667,51,Male,Skirt,Clothing,64,Arkansas,M,Blue,Summer,3.1,No,Store Pickup,1,Yes,47,Paypal,Annually,0,1,0,1,64,247.75686469810503,Low,1,Neutral,46-55,0.3755102040816327,0,0.0775842318234439,0,0,At-Risk Loyalists
1668,51,Male,Handbag,Accessories,40,Oklahoma,L,Brown,Winter,3.4,No,2-Day Shipping,1,Yes,24,Bank Transfer,Every 3 Months,0,1,0,4,160,515.0201319789121,Low,1,Neutral,46-55,0.21128451380552224,0,0.12016003344663337,0,0,Bargain Hunters
1669,66,Male,Blouse,Clothing,33,Utah,L,Charcoal,Summer,4.0,No,Standard,1,Yes,28,Debit Card,Fortnightly,0,1,0,26,858,2889.139822128395,High,1,Promoter,56+,0.4164865946378551,0,0.25057337348759073,0,0,Promo Reliant
1670,42,Male,T-Shirt,Clothing,59,Wisconsin,L,Maroon,Winter,2.7,No,Store Pickup,1,Yes,22,Bank Transfer,Quarterly,0,1,0,4,236,739.9766349592793,Mid,1,Detractor,36-45,0.1949579831932773,0,0.04169491054551691,0,0,Bargain Hunters
1671,22,Male,Pants,Clothing,73,Utah,L,Cyan,Fall,3.6,No,Free Shipping,1,Yes,20,Cash,Weekly,0,1,0,52,3796,11557.007173598115,Premium,1,Neutral,18-25,0.5551020408163265,1,0.41583940431665717,0,0,Promo Reliant
1672,31,Male,Hoodie,Clothing,22,Utah,M,Olive,Winter,4.0,No,Free Shipping,1,Yes,25,Bank Transfer,Weekly,0,1,0,52,1144,3727.2624394965756,High,1,Promoter,26-35,0.5959183673469388,1,0.27119471858972505,0,0,Promo Reliant
1673,18,Male,Boots,Footwear,73,South Carolina,L,Gold,Fall,3.8,No,Free Shipping,1,Yes,15,Venmo,Quarterly,0,1,0,4,292,809.5959068940161,Mid,1,Neutral,18-25,0.13781512605042018,0,0.17540783775040922,0,0,Bargain Hunters
1674,21,Male,Blouse,Clothing,62,Hawaii,M,Violet,Fall,3.4,No,Next Day Air,1,Yes,49,Venmo,Bi-Weekly,0,1,0,26,1612,6306.181084750171,Premium,1,Neutral,18-25,0.5879151660664266,1,0.2626469751832746,0,0,Promo Reliant
1675,35,Male,Coat,Outerwear,56,Alaska,M,Peach,Winter,3.2,No,Free Shipping,1,Yes,10,Debit Card,Fortnightly,0,1,0,26,1456,3491.3355171944277,High,1,Neutral,26-35,0.2695478191276511,0,0.16938992298719835,0,0,Promo Reliant
1676,35,Male,Pants,Clothing,90,Colorado,M,Beige,Spring,4.7,No,Next Day Air,1,Yes,21,Credit Card,Annually,0,1,0,1,90,278.19382080224847,Low,1,Promoter,26-35,0.163265306122449,0,0.27033310909113173,0,0,Bargain Hunters
1677,27,Male,Sunglasses,Accessories,44,West Virginia,M,Cyan,Winter,3.1,No,Next Day Air,1,Yes,34,Bank Transfer,Weekly,0,1,0,52,2288,8134.636364687778,Premium,1,Neutral,26-35,0.6693877551020408,1,0.27163467334349434,0,0,Promo Reliant
1678,65,Male,Jeans,Clothing,35,Oregon,L,Silver,Summer,3.3,No,Next Day Air,0,No,41,Debit Card,Weekly,0,0,0,52,1820,6802.55870527573,Premium,0,Neutral,56+,0.926530612244898,1,0.46285995452748585,1,1,Champions
1679,41,Male,Pants,Clothing,71,Ohio,S,Magenta,Summer,4.8,No,2-Day Shipping,0,No,30,Venmo,Fortnightly,0,0,0,26,1846,6339.14037947958,Premium,0,Promoter,36-45,0.6328131252501001,1,0.6314579126008477,1,1,Champions
1680,60,Male,Dress,Clothing,52,Massachusetts,S,Black,Fall,4.5,No,Next Day Air,0,No,24,Debit Card,Bi-Weekly,0,0,0,26,1352,4351.9201152218075,High,0,Promoter,56+,0.5838335334133653,1,0.5465639273843477,1,1,Growth Prospects
1681,61,Male,Shoes,Footwear,37,Louisiana,M,Olive,Summer,3.4,No,Store Pickup,0,No,6,Credit Card,Annually,0,0,0,1,37,71.99867551504659,Low,0,Neutral,56+,0.24081632653061225,0,0.3092598403817106,0,0,Growth Prospects
1682,24,Male,Sneakers,Footwear,95,Virginia,L,Green,Winter,3.7,No,2-Day Shipping,0,No,14,Credit Card,Bi-Weekly,0,0,0,26,2470,6688.8839967224585,Premium,0,Neutral,18-25,0.5022008803521409,0,0.5080630780968958,1,0,Champions
1683,65,Male,Socks,Clothing,97,New York,M,Yellow,Fall,4.9,No,2-Day Shipping,0,No,37,Credit Card,Bi-Weekly,0,0,0,26,2522,9173.992294829945,Premium,0,Promoter,56+,0.6899559823929573,1,0.7132072051846154,1,1,Champions
1684,23,Male,Coat,Outerwear,57,Arkansas,S,Lavender,Spring,3.5,No,Next Day Air,0,No,37,Venmo,Quarterly,0,0,0,4,228,829.369644417616,Mid,0,Neutral,18-25,0.5174069627851141,0,0.33989435494608355,0,0,At-Risk Loyalists
1685,30,Male,Shirt,Clothing,93,New Mexico,M,Indigo,Spring,4.6,No,Standard,0,No,28,Paypal,Weekly,0,0,0,52,4836,16284.242633814589,Premium,0,Promoter,26-35,0.8204081632653062,1,0.8521492995325592,1,1,Champions
1686,33,Male,Blouse,Clothing,48,Minnesota,M,Pink,Winter,4.6,No,Standard,0,No,43,Paypal,Bi-Weekly,0,0,0,26,1248,4722.66866312999,Premium,0,Promoter,26-35,0.7389355742296919,1,0.5676859026110002,1,1,Champions
1687,22,Male,Gloves,Accessories,75,Illinois,L,Red,Fall,4.2,No,Store Pickup,0,No,25,Cash,Annually,0,0,0,1,75,244.35724035161115,Low,0,Promoter,18-25,0.3959183673469388,0,0.40950058675121476,0,0,Growth Prospects
1688,67,Male,Skirt,Clothing,70,Georgia,S,Magenta,Winter,3.7,No,Free Shipping,0,No,4,Paypal,Annually,0,0,0,1,70,112.66065387038702,Low,0,Neutral,56+,0.22448979591836737,0,0.3462602962467892,0,0,Growth Prospects
1689,28,Male,Handbag,Accessories,26,Mississippi,S,Peach,Winter,3.0,No,Next Day Air,0,No,13,Venmo,Fortnightly,0,0,0,26,676,1784.0027548199146,High,0,Neutral,26-35,0.49403761504601845,0,0.30338234871642933,0,0,Growth Prospects
1690,32,Male,Shirt,Clothing,73,North Carolina,L,Turquoise,Winter,4.6,No,Store Pickup,0,No,32,Bank Transfer,Monthly,0,0,0,12,876,3062.940623844637,High,0,Promoter,26-35,0.5393357342937175,0,0.5268496049565283,1,0,Growth Prospects
1691,40,Male,Coat,Outerwear,30,Nevada,M,Black,Summer,3.2,No,Free Shipping,0,No,1,Cash,Annually,0,0,0,1,30,20.79441541679836,Low,0,Neutral,36-45,0.2,0,0.28400000000000003,0,0,Growth Prospects
1692,64,Male,Shoes,Footwear,61,Connecticut,L,Blue,Summer,3.5,No,Next Day Air,0,No,4,Cash,Annually,0,0,0,1,61,98.17571265848012,Low,0,Neutral,56+,0.22448979591836737,0,0.3219039057075948,0,0,Growth Prospects
1693,56,Male,Handbag,Accessories,75,Utah,M,Beige,Winter,2.6,No,Standard,0,No,33,Cash,Bi-Weekly,0,0,0,26,1950,6876.403023001515,Premium,0,Detractor,56+,0.6573029211684673,1,0.3806768356473831,0,0,Champions
1694,63,Male,Jacket,Outerwear,88,Tennessee,Xl,Olive,Fall,4.9,No,Standard,0,No,45,Bank Transfer,Fortnightly,0,0,0,26,2288,8759.931515167049,Premium,0,Promoter,56+,0.7552621048419368,1,0.7030195667010013,1,1,Champions
1695,20,Male,Shirt,Clothing,67,Mississippi,M,Turquoise,Summer,2.7,No,Express,0,No,20,Debit Card,Fortnightly,0,0,0,26,1742,5303.558086514203,Premium,0,Detractor,18-25,0.5511804721888756,1,0.35397822812227275,0,0,Champions
1696,54,Male,Hat,Accessories,95,Nebraska,S,Yellow,Fall,4.7,No,2-Day Shipping,0,No,1,Paypal,Fortnightly,0,0,0,26,2470,1712.0735359830649,High,0,Promoter,46-55,0.39607843137254906,0,0.5056125870922659,1,0,Growth Prospects
1697,31,Male,Sunglasses,Accessories,69,West Virginia,S,Turquoise,Spring,4.0,No,Free Shipping,0,No,7,Credit Card,Bi-Weekly,0,0,0,26,1794,3730.5181257736253,High,0,Promoter,26-35,0.4450580232092837,0,0.4712748221794291,1,0,Growth Prospects
1698,36,Male,Shirt,Clothing,87,South Carolina,L,Lavender,Fall,3.5,No,Next Day Air,0,No,48,Credit Card,Every 3 Months,0,0,0,4,348,1354.353463742498,Mid,0,Neutral,36-45,0.607202881152461,1,0.35281116722031813,0,0,At-Risk Loyalists
1699,25,Male,Belt,Accessories,41,Iowa,Xl,Turquoise,Winter,4.8,No,Standard,0,No,46,Bank Transfer,Quarterly,0,0,0,4,164,631.4242066804496,Mid,0,Promoter,18-25,0.5908763505402161,1,0.49102406377581437,1,1,At-Risk Loyalists
1700,20,Male,Sweater,Clothing,67,North Dakota,L,Teal,Spring,4.0,No,Free Shipping,0,No,34,Debit Card,Annually,0,0,0,1,67,238.2083201197907,Low,0,Promoter,18-25,0.46938775510204084,0,0.3853492974249536,0,0,At-Risk Loyalists
1701,62,Male,Hoodie,Clothing,70,West Virginia,L,Black,Fall,4.1,No,Express,0,No,36,Bank Transfer,Monthly,0,0,0,12,840,3033.1710466211484,High,0,Promoter,56+,0.5719887955182074,1,0.4661171480191439,1,1,Growth Prospects
1702,69,Male,Handbag,Accessories,41,Mississippi,Xl,Blue,Winter,3.8,No,Next Day Air,0,No,44,Debit Card,Every 3 Months,0,0,0,4,164,624.2926483223324,Mid,0,Neutral,56+,0.5745498199279713,1,0.3708485974144834,0,0,At-Risk Loyalists
1703,54,Male,Jeans,Clothing,83,Alabama,Xl,Yellow,Summer,5.0,No,Express,0,No,48,Bank Transfer,Weekly,0,0,0,52,4316,16797.096406645465,Premium,0,Promoter,46-55,0.9836734693877551,1,0.912767661592381,1,1,Champions
1704,39,Male,Backpack,Accessories,22,California,M,Black,Spring,4.0,No,Next Day Air,0,No,12,Bank Transfer,Annually,0,0,0,1,22,56.428885864153806,Low,0,Promoter,36-45,0.28979591836734697,0,0.38087675800342224,0,0,Growth Prospects
1705,56,Male,Sneakers,Footwear,20,Idaho,M,Lavender,Summer,3.9,No,Store Pickup,0,No,19,Cash,Every 3 Months,0,0,0,4,80,239.65858188431926,Low,0,Neutral,56+,0.37046818727491,0,0.37338497997034137,0,0,Growth Prospects
1706,39,Male,Jewelry,Accessories,29,South Dakota,L,Cyan,Summer,3.4,No,2-Day Shipping,0,No,49,Venmo,Bi-Weekly,0,0,0,26,754,2949.665346092822,High,0,Neutral,36-45,0.7879151660664265,1,0.38006255620536206,0,0,Growth Prospects
1707,37,Male,Sunglasses,Accessories,87,North Dakota,M,Brown,Spring,3.0,No,Standard,0,No,25,Venmo,Fortnightly,0,0,0,26,2262,7369.814369004593,Premium,0,Neutral,36-45,0.5919967987194878,1,0.4408168321495516,1,1,Champions
1708,25,Male,Shorts,Clothing,81,Nevada,L,Maroon,Fall,4.9,No,2-Day Shipping,0,No,25,Cash,Bi-Weekly,0,0,0,26,2106,6861.551309073241,Premium,0,Promoter,18-25,0.5919967987194878,1,0.6563114209551573,1,1,Champions
1709,35,Male,Boots,Footwear,58,Florida,L,Cyan,Spring,3.2,No,Express,0,No,1,Credit Card,Quarterly,0,0,0,4,232,160.81014588990732,Low,0,Neutral,26-35,0.2235294117647059,0,0.28744497647239253,0,0,Growth Prospects
1710,45,Male,Skirt,Clothing,83,Indiana,M,Pink,Winter,3.8,No,Standard,0,No,19,Bank Transfer,Annually,0,0,0,1,83,248.64577870498124,Low,0,Neutral,36-45,0.34693877551020413,0,0.36160610285057293,0,0,Growth Prospects
1711,19,Male,Pants,Clothing,59,Arkansas,Xl,Orange,Fall,3.8,No,Store Pickup,0,No,7,Credit Card,Quarterly,0,0,0,4,236,490.74820383644123,Low,0,Neutral,18-25,0.2725090036014406,0,0.3675628418231788,0,0,Growth Prospects
1712,21,Male,T-Shirt,Clothing,93,North Carolina,M,Lavender,Spring,4.7,No,Express,0,No,19,Credit Card,Monthly,0,0,0,12,1116,3343.237217286254,High,0,Promoter,18-25,0.4332132853141257,0,0.5457460812769772,1,0,Growth Prospects
1713,65,Male,T-Shirt,Clothing,87,Illinois,S,Beige,Fall,3.8,No,2-Day Shipping,0,No,9,Cash,Fortnightly,0,0,0,26,2262,5208.447480352532,Premium,0,Neutral,56+,0.4613845538215286,0,0.4836381067702302,1,0,Champions
1714,49,Male,Jacket,Outerwear,22,Missouri,M,Pink,Winter,4.6,No,Free Shipping,0,No,37,Paypal,Quarterly,0,0,0,4,88,320.10758205592197,Low,0,Promoter,46-55,0.5174069627851141,0,0.4593643640858418,1,0,At-Risk Loyalists
1715,30,Male,Jeans,Clothing,71,South Dakota,S,Charcoal,Summer,4.4,No,Standard,0,No,15,Cash,Monthly,0,0,0,12,852,2362.2455913482936,High,0,Promoter,26-35,0.4005602240896359,0,0.48560955704822717,1,0,Growth Prospects
1716,23,Male,Dress,Clothing,69,Idaho,Xl,Gray,Spring,3.4,No,2-Day Shipping,0,No,30,Paypal,Bi-Weekly,0,0,0,26,1794,6160.573044846353,Premium,0,Neutral,18-25,0.6328131252501001,1,0.459064404353805,1,1,Champions
1717,69,Male,Blouse,Clothing,47,Connecticut,M,Cyan,Winter,4.7,No,Standard,0,No,30,Cash,Every 3 Months,0,0,0,4,188,645.5895944432075,Mid,0,Promoter,56+,0.4602641056422569,0,0.47937259195475634,1,0,At-Risk Loyalists
1718,29,Male,Hoodie,Clothing,50,Hawaii,L,Orange,Summer,2.9,No,Express,0,No,16,Debit Card,Bi-Weekly,0,0,0,26,1300,3683.177347273081,High,0,Detractor,26-35,0.5185274109643858,0,0.3381100397112875,0,0,Growth Prospects
1719,54,Male,T-Shirt,Clothing,96,Maryland,L,Pink,Winter,3.4,No,2-Day Shipping,0,No,14,Paypal,Every 3 Months,0,0,0,4,384,1039.8912772232486,Mid,0,Neutral,46-55,0.32965186074429775,0,0.3330740734640993,0,0,Growth Prospects
1720,45,Male,Sweater,Clothing,39,Maryland,M,White,Winter,3.2,No,Free Shipping,0,No,8,Venmo,Quarterly,0,0,0,4,156,342.76703406445023,Low,0,Neutral,36-45,0.280672268907563,0,0.2919218820074563,0,0,Growth Prospects
1721,25,Male,Shorts,Clothing,84,Massachusetts,S,Beige,Winter,2.8,No,Express,0,No,40,Debit Card,Bi-Weekly,0,0,0,26,2184,8110.441393682208,Premium,0,Detractor,18-25,0.7144457783113245,1,0.43503937518961716,1,1,Champions
1722,34,Male,Jewelry,Accessories,28,Delaware,S,Magenta,Spring,4.3,No,Free Shipping,0,No,24,Credit Card,Monthly,0,0,0,12,336,1081.5422771557153,Mid,0,Promoter,26-35,0.47402961184473796,0,0.442098863424014,1,0,Growth Prospects
1723,46,Male,T-Shirt,Clothing,51,Massachusetts,L,Violet,Summer,3.3,No,Standard,0,No,14,Cash,Fortnightly,0,0,0,26,1326,3590.8745666615305,High,0,Neutral,46-55,0.5022008803521409,0,0.38383900268945603,0,0,Growth Prospects
1724,70,Male,Scarf,Accessories,20,New York,Xl,Gold,Spring,3.3,No,Standard,0,No,39,Paypal,Annually,0,0,0,1,20,73.77758908227872,Low,0,Neutral,56+,0.5102040816326531,0,0.29730360914515475,0,0,At-Risk Loyalists
1725,42,Male,Shoes,Footwear,72,Delaware,S,Teal,Winter,3.3,No,Free Shipping,0,No,21,Paypal,Weekly,0,0,0,52,3744,11572.862945373536,Premium,0,Neutral,36-45,0.763265306122449,1,0.5802295230592682,1,1,Champions
1726,45,Male,Sunglasses,Accessories,33,Massachusetts,M,Indigo,Spring,3.0,No,Next Day Air,0,No,32,Venmo,Quarterly,0,0,0,4,132,461.5389981135754,Low,0,Neutral,36-45,0.4765906362545019,0,0.2708441723840198,0,0,At-Risk Loyalists
1727,57,Male,Coat,Outerwear,28,Indiana,S,Olive,Summer,2.8,No,Express,0,No,45,Debit Card,Weekly,0,0,0,52,1456,5574.501873288123,Premium,0,Detractor,56+,0.9591836734693877,1,0.37264458602094,0,0,Champions
1728,49,Male,Blouse,Clothing,53,Virginia,S,Violet,Spring,4.0,No,Express,0,No,19,Paypal,Monthly,0,0,0,12,636,1905.2857259803382,High,0,Promoter,46-55,0.4332132853141257,0,0.4263664204399259,1,0,Growth Prospects
1729,23,Male,Jeans,Clothing,48,Wyoming,L,Black,Fall,4.3,No,Express,0,No,1,Debit Card,Every 3 Months,0,0,0,4,192,133.0842586675095,Low,0,Promoter,18-25,0.2235294117647059,0,0.4187628029135029,0,0,Growth Prospects
1730,47,Male,Shorts,Clothing,21,Illinois,M,Brown,Winter,3.8,No,Store Pickup,0,No,12,Venmo,Fortnightly,0,0,0,26,546,1400.462349173999,Mid,0,Neutral,46-55,0.48587434973989596,0,0.3899456399323701,0,0,Growth Prospects
1731,23,Male,Shirt,Clothing,22,Alabama,S,Silver,Fall,4.2,No,Free Shipping,0,No,26,Credit Card,Weekly,0,0,0,52,1144,3770.4373747089526,High,0,Promoter,18-25,0.8040816326530613,1,0.4962570037736907,1,1,Growth Prospects
1732,21,Male,Backpack,Accessories,87,Idaho,M,Gray,Fall,3.1,No,Next Day Air,0,No,12,Cash,Monthly,0,0,0,12,1044,2677.8071291898445,High,0,Neutral,18-25,0.37607042817126857,0,0.33737369947553053,0,0,Growth Prospects
1733,45,Male,Belt,Accessories,50,Rhode Island,S,Charcoal,Winter,2.6,No,Free Shipping,0,No,36,Cash,Every 3 Months,0,0,0,4,200,722.1835825288449,Mid,0,Detractor,36-45,0.5092436974789916,0,0.22925712654233546,0,0,At-Risk Loyalists
1734,67,Male,Blouse,Clothing,85,New York,L,Black,Summer,3.4,No,Express,0,No,22,Credit Card,Annually,0,0,0,1,85,266.5170083539777,Low,0,Neutral,56+,0.37142857142857144,0,0.31404581034247747,0,0,Growth Prospects
1735,31,Male,Jeans,Clothing,98,Missouri,L,Brown,Spring,3.1,No,Next Day Air,0,No,16,Paypal,Quarterly,0,0,0,4,392,1110.6196308700366,Mid,0,Neutral,26-35,0.3459783913565426,0,0.2988142887486315,0,0,Growth Prospects
1736,58,Male,Dress,Clothing,34,Texas,M,Purple,Winter,3.6,No,Express,0,No,31,Venmo,Annually,0,0,0,1,34,117.8350206951907,Low,0,Neutral,56+,0.4448979591836735,0,0.3343876074561136,0,0,At-Risk Loyalists
1737,57,Male,Shorts,Clothing,61,Tennessee,M,Purple,Summer,2.6,No,2-Day Shipping,0,No,43,Cash,Quarterly,0,0,0,4,244,923.3422706760557,Mid,0,Detractor,56+,0.5663865546218487,1,0.23420647720131427,0,0,At-Risk Loyalists
1738,42,Male,Jewelry,Accessories,98,Ohio,L,Gray,Summer,4.2,No,Store Pickup,0,No,50,Venmo,Bi-Weekly,0,0,0,26,2548,10018.291712181583,Premium,0,Promoter,36-45,0.7960784313725491,1,0.6499805255722821,1,1,Champions
1739,60,Male,Handbag,Accessories,61,Tennessee,M,Green,Spring,2.9,No,2-Day Shipping,0,No,37,Credit Card,Weekly,0,0,0,52,3172,11538.423298652095,Premium,0,Detractor,56+,0.8938775510204082,1,0.5313821627500233,1,1,Champions
1740,21,Male,Jewelry,Accessories,98,Minnesota,L,Silver,Winter,4.2,No,Express,0,No,23,Cash,Weekly,0,0,0,52,5096,16195.362319453132,Premium,0,Promoter,18-25,0.7795918367346939,1,0.8019624695899561,1,1,Champions
1741,69,Male,Pants,Clothing,21,Wisconsin,L,Charcoal,Fall,3.3,No,Next Day Air,0,No,10,Bank Transfer,Every 3 Months,0,0,0,4,84,201.42320291506314,Low,0,Neutral,56+,0.29699879951980795,0,0.30044422866677695,0,0,Growth Prospects
1742,41,Male,Pants,Clothing,51,Delaware,Xl,Teal,Winter,3.6,No,Next Day Air,0,No,20,Bank Transfer,Monthly,0,0,0,12,612,1863.247731886735,High,0,Neutral,36-45,0.4413765506202481,0,0.3773321087943008,0,0,Growth Prospects
1743,51,Male,Sandals,Footwear,80,Kansas,Xl,White,Spring,4.3,No,Express,0,No,18,Venmo,Every 3 Months,0,0,0,4,320,942.2204733332609,Mid,0,Promoter,46-55,0.3623049219687875,0,0.4386709604688398,1,0,Growth Prospects
1744,23,Male,Skirt,Clothing,72,Missouri,Xl,Brown,Winter,3.3,No,Standard,0,No,3,Bank Transfer,Weekly,0,0,0,52,3744,5190.28608803287,Premium,0,Neutral,18-25,0.616326530612245,1,0.42319126005496677,0,0,Champions
1745,57,Male,Sunglasses,Accessories,63,Michigan,L,Teal,Winter,3.0,No,Standard,0,No,23,Paypal,Weekly,0,0,0,52,3276,10411.30434821987,Premium,0,Neutral,56+,0.7795918367346939,1,0.5156502911045548,1,1,Champions
1746,40,Male,Skirt,Clothing,27,West Virginia,L,Red,Winter,3.6,No,Store Pickup,0,No,27,Cash,Weekly,0,0,0,52,1404,4678.415132285986,Premium,0,Neutral,36-45,0.8122448979591836,1,0.44659707943332766,1,1,Champions
1747,65,Male,Handbag,Accessories,44,Alabama,L,Brown,Summer,3.1,No,Store Pickup,0,No,44,Bank Transfer,Fortnightly,0,0,0,26,1144,4354.821888297246,High,0,Neutral,56+,0.7470988395358142,1,0.37863532321922516,0,0,Growth Prospects
1748,61,Male,Coat,Outerwear,23,New Hampshire,M,Yellow,Winter,2.9,No,Express,0,No,41,Venmo,Quarterly,0,0,0,4,92,343.8656048820699,Low,0,Detractor,56+,0.5500600240096039,1,0.25594891147483945,0,0,At-Risk Loyalists
1749,34,Male,Skirt,Clothing,93,Montana,L,Teal,Winter,3.9,No,2-Day Shipping,0,No,41,Bank Transfer,Annually,0,0,0,1,93,347.6032745003533,Low,0,Neutral,26-35,0.526530612244898,0,0.3760408738840134,0,0,At-Risk Loyalists
1750,43,Male,Hoodie,Clothing,70,Wyoming,L,Pink,Fall,3.2,No,2-Day Shipping,0,No,36,Debit Card,Every 3 Months,0,0,0,4,280,1011.0570155403828,Mid,0,Neutral,36-45,0.5092436974789916,0,0.3083646292269365,0,0,At-Risk Loyalists
1751,31,Male,Sunglasses,Accessories,85,Missouri,M,White,Fall,3.1,No,Express,0,No,38,Venmo,Every 3 Months,0,0,0,4,340,1245.6109596840797,Mid,0,Neutral,26-35,0.5255702280912364,0,0.30213564378616914,0,0,At-Risk Loyalists
1752,57,Male,Sweater,Clothing,40,Ohio,M,Silver,Winter,3.2,No,2-Day Shipping,0,No,34,Cash,Annually,0,0,0,1,40,142.21392245957654,Low,0,Neutral,56+,0.46938775510204084,0,0.2869874310810542,0,0,At-Risk Loyalists
1753,34,Male,Boots,Footwear,29,South Dakota,L,Blue,Winter,3.3,No,Store Pickup,0,No,14,Venmo,Quarterly,0,0,0,4,116,314.13382332785636,Low,0,Neutral,26-35,0.32965186074429775,0,0.3032173844700487,0,0,Growth Prospects
1754,25,Male,Skirt,Clothing,27,Colorado,L,Black,Fall,4.8,No,Next Day Air,0,No,23,Credit Card,Fortnightly,0,0,0,26,702,2230.993788904258,High,0,Promoter,18-25,0.575670268107243,1,0.5303802101037732,1,1,Growth Prospects
1755,66,Male,Dress,Clothing,93,Massachusetts,S,Beige,Fall,3.8,No,2-Day Shipping,0,No,18,Credit Card,Fortnightly,0,0,0,26,2418,7119.653451624453,Premium,0,Neutral,56+,0.5348539415766307,0,0.5306618203392734,1,0,Champions
1756,56,Male,Belt,Accessories,20,Delaware,Xl,Charcoal,Spring,4.6,No,Next Day Air,0,No,45,Cash,Monthly,0,0,0,12,240,918.8739351573828,Mid,0,Promoter,56+,0.6454581832733094,1,0.4740965373346966,1,1,At-Risk Loyalists
1757,49,Male,Jewelry,Accessories,55,New Hampshire,S,Cyan,Fall,2.8,No,Free Shipping,0,No,14,Bank Transfer,Weekly,0,0,0,52,2860,7745.0235751523205,Premium,0,Detractor,46-55,0.7061224489795919,1,0.426048558349432,1,1,Champions
1758,19,Male,Dress,Clothing,94,Michigan,L,Yellow,Fall,3.6,No,Standard,0,No,48,Debit Card,Annually,0,0,0,1,94,365.8311080223989,Low,0,Neutral,18-25,0.5836734693877551,1,0.34048935533259034,0,0,At-Risk Loyalists
1759,27,Male,Hat,Accessories,56,Pennsylvania,M,Silver,Winter,4.3,No,Free Shipping,0,No,17,Venmo,Bi-Weekly,0,0,0,26,1456,4208.381279496815,High,0,Promoter,26-35,0.5266906762705081,0,0.5190322676895666,1,0,Growth Prospects
1760,68,Male,Sweater,Clothing,58,Louisiana,L,Green,Spring,4.0,No,Next Day Air,0,No,1,Paypal,Weekly,0,0,0,52,3016,2090.5318965687948,High,0,Promoter,56+,0.6000000000000001,1,0.43092425617110897,1,1,Growth Prospects
1761,20,Male,Skirt,Clothing,44,Minnesota,Xl,Peach,Spring,3.5,No,Standard,0,No,39,Paypal,Weekly,0,0,0,52,2288,8440.156191012686,Premium,0,Neutral,18-25,0.9102040816326531,1,0.5271517473892631,1,1,Champions
1762,21,Male,Hoodie,Clothing,95,Hawaii,S,Green,Fall,4.9,No,2-Day Shipping,0,No,24,Cash,Weekly,0,0,0,52,4940,15901.24657484891,Premium,0,Promoter,18-25,0.7877551020408164,1,0.8787259839686754,1,1,Champions
1763,36,Male,Sandals,Footwear,42,Idaho,M,Brown,Summer,3.1,No,Express,0,No,41,Bank Transfer,Fortnightly,0,0,0,26,1092,4081.5352231654383,High,0,Neutral,36-45,0.722609043617447,1,0.37191132064882465,0,0,Growth Prospects
1764,37,Male,Jewelry,Accessories,93,Vermont,M,Lavender,Winter,3.9,No,Store Pickup,0,No,28,Paypal,Annually,0,0,0,1,93,313.1585121887421,Low,0,Neutral,36-45,0.4204081632653061,0,0.3751933877097121,0,0,Growth Prospects
1765,61,Male,Dress,Clothing,56,Delaware,M,Charcoal,Summer,3.0,No,Store Pickup,0,No,34,Venmo,Quarterly,0,0,0,4,224,796.3979657736286,Mid,0,Neutral,56+,0.49291716686674675,0,0.27908311283207243,0,0,At-Risk Loyalists
1766,68,Male,Hoodie,Clothing,88,New Mexico,M,Orange,Spring,4.1,No,2-Day Shipping,0,No,41,Venmo,Quarterly,0,0,0,4,352,1315.6597056357457,Mid,0,Promoter,56+,0.5500600240096039,1,0.42385913786007556,0,0,At-Risk Loyalists
1767,60,Male,Sweater,Clothing,54,Alaska,S,Cyan,Winter,4.3,No,2-Day Shipping,0,No,27,Cash,Bi-Weekly,0,0,0,26,1404,4678.415132285986,Premium,0,Promoter,56+,0.6083233293317327,1,0.5305970794333277,1,1,Champions
1768,69,Male,Jewelry,Accessories,89,Minnesota,L,Lavender,Fall,3.8,No,2-Day Shipping,0,No,46,Debit Card,Fortnightly,0,0,0,26,2314,8909.241550357076,Premium,0,Neutral,56+,0.7634253701480593,1,0.5746932222008776,1,1,Champions
1769,25,Male,Sandals,Footwear,45,Nebraska,M,Indigo,Summer,3.9,No,2-Day Shipping,0,No,2,Paypal,Every 3 Months,0,0,0,4,180,197.75021196025975,Low,0,Neutral,18-25,0.23169267707082836,0,0.3723538576250386,0,0,Growth Prospects
1770,32,Male,Socks,Clothing,75,Alaska,L,Brown,Winter,4.3,No,Free Shipping,0,No,45,Cash,Monthly,0,0,0,12,900,3445.7772568401856,High,0,Promoter,26-35,0.6454581832733094,1,0.5002689979703221,1,1,Growth Prospects
1771,53,Male,Backpack,Accessories,22,Michigan,M,Pink,Fall,4.3,No,Express,0,No,34,Bank Transfer,Weekly,0,0,0,52,1144,4067.318182343889,High,0,Promoter,46-55,0.8693877551020408,1,0.5155615215871636,1,1,Growth Prospects
1772,46,Male,Shirt,Clothing,82,Indiana,Xl,Turquoise,Fall,4.7,No,Store Pickup,0,No,9,Credit Card,Annually,0,0,0,1,82,188.81197762551176,Low,0,Promoter,46-55,0.2653061224489796,0,0.4681339394281054,1,0,Growth Prospects
1773,58,Male,Shoes,Footwear,34,Hawaii,M,Gold,Summer,3.1,No,2-Day Shipping,0,No,1,Bank Transfer,Annually,0,0,0,1,34,23.56700413903814,Low,0,Neutral,56+,0.2,0,0.272068217355889,0,0,Growth Prospects
1774,21,Male,Coat,Outerwear,92,West Virginia,M,Blue,Summer,2.7,No,Free Shipping,0,No,17,Paypal,Annually,0,0,0,1,92,265.9142017264471,Low,0,Detractor,18-25,0.33061224489795915,0,0.2300309787614671,0,0,Growth Prospects
1775,46,Male,Sweater,Clothing,78,New York,M,Lavender,Spring,3.7,No,Express,0,No,6,Paypal,Weekly,0,0,0,52,4056,7892.61156456835,Premium,0,Neutral,46-55,0.6408163265306123,1,0.537679844273006,1,1,Champions
1776,18,Male,Jacket,Outerwear,47,Iowa,M,Violet,Spring,3.3,No,2-Day Shipping,0,No,12,Cash,Bi-Weekly,0,0,0,26,1222,3134.368114817998,High,0,Neutral,18-25,0.48587434973989596,0,0.37260702196284484,0,0,Growth Prospects
1777,56,Male,Jacket,Outerwear,64,Arizona,L,Cyan,Summer,3.4,No,Free Shipping,0,No,10,Venmo,Every 3 Months,0,0,0,4,256,613.8611898363829,Mid,0,Neutral,56+,0.29699879951980795,0,0.3225919396165674,0,0,Growth Prospects
1778,18,Male,Sneakers,Footwear,44,Minnesota,L,Purple,Winter,4.7,No,Free Shipping,0,No,4,Cash,Fortnightly,0,0,0,26,1144,1841.1969718246107,High,0,Promoter,18-25,0.42056822729091636,0,0.5087895672573199,1,0,Growth Prospects
1779,49,Male,Belt,Accessories,94,Texas,M,Red,Winter,4.9,No,Store Pickup,0,No,8,Debit Card,Bi-Weekly,0,0,0,26,2444,5370.016867009721,Premium,0,Promoter,46-55,0.45322128851540616,0,0.6196133939312669,1,0,Champions
1780,29,Male,Scarf,Accessories,62,Virginia,M,Charcoal,Winter,4.3,No,Free Shipping,0,No,41,Venmo,Weekly,0,0,0,52,3224,12050.24684934558,Premium,0,Promoter,26-35,0.926530612244898,1,0.7119751770077611,1,1,Champions
1781,67,Male,Jewelry,Accessories,81,North Dakota,S,Gray,Summer,4.2,No,Next Day Air,0,No,49,Credit Card,Weekly,0,0,0,52,4212,16477.44089886335,Premium,0,Promoter,56+,0.9918367346938777,1,0.8089027902678583,1,1,Champions
1782,31,Male,T-Shirt,Clothing,33,Iowa,M,Pink,Fall,3.7,No,Express,0,No,49,Bank Transfer,Quarterly,0,0,0,4,132,516.3870367165152,Low,0,Neutral,26-35,0.6153661464585836,1,0.356193665058204,0,0,At-Risk Loyalists
1783,52,Male,Pants,Clothing,88,Utah,M,Lavender,Fall,2.7,No,Next Day Air,0,No,40,Bank Transfer,Fortnightly,0,0,0,26,2288,8496.652888619457,Premium,0,Detractor,46-55,0.7144457783113245,1,0.432541804016226,1,1,Champions
1784,42,Male,Handbag,Accessories,49,Ohio,L,Lavender,Winter,3.3,No,Free Shipping,0,No,30,Credit Card,Monthly,0,0,0,12,588,2019.184476237266,High,0,Neutral,36-45,0.5230092036814726,0,0.34516880923969995,0,0,Growth Prospects
1785,32,Male,Backpack,Accessories,31,Louisiana,L,Yellow,Summer,4.8,No,Standard,0,No,4,Debit Card,Quarterly,0,0,0,4,124,199.57030114182842,Low,0,Promoter,26-35,0.24801920768307323,0,0.4803986394819555,1,0,Growth Prospects
1786,47,Male,Gloves,Accessories,29,Iowa,S,Peach,Fall,4.1,No,Next Day Air,0,No,22,Venmo,Monthly,0,0,0,12,348,1091.151987143344,Mid,0,Promoter,46-55,0.45770308123249304,0,0.4183353027490958,0,0,Growth Prospects
1787,45,Male,Jacket,Outerwear,34,Maryland,M,Brown,Spring,4.6,No,2-Day Shipping,0,No,22,Venmo,Monthly,0,0,0,12,408,1279.281640099093,Mid,0,Promoter,36-45,0.45770308123249304,0,0.4829640842867273,1,0,Growth Prospects
1788,20,Male,Sweater,Clothing,38,Montana,L,Gold,Fall,4.9,No,2-Day Shipping,0,No,10,Bank Transfer,Quarterly,0,0,0,4,152,364.4800814653523,Low,0,Promoter,18-25,0.29699879951980795,0,0.49645611439111276,1,0,Growth Prospects
1789,66,Male,Blouse,Clothing,41,Illinois,L,Pink,Summer,3.1,No,Store Pickup,0,No,23,Cash,Bi-Weekly,0,0,0,26,1066,3387.80538315091,High,0,Neutral,56+,0.575670268107243,1,0.35484264580085345,0,0,Growth Prospects
1790,52,Male,Blouse,Clothing,34,Arizona,L,Peach,Spring,3.0,No,2-Day Shipping,0,No,43,Debit Card,Quarterly,0,0,0,4,136,514.6497902128835,Low,0,Neutral,46-55,0.5663865546218487,1,0.2721509214799536,0,0,At-Risk Loyalists
1791,50,Male,Gloves,Accessories,26,North Carolina,S,Violet,Summer,3.7,No,Store Pickup,0,No,31,Paypal,Bi-Weekly,0,0,0,26,676,2342.8374702926153,High,0,Neutral,46-55,0.6409763905562225,1,0.4011320355570044,0,0,Growth Prospects
1792,62,Male,Jeans,Clothing,98,Montana,S,Purple,Winter,4.0,No,Store Pickup,0,No,38,Cash,Annually,0,0,0,1,98,359.02904132070535,Low,0,Promoter,56+,0.5020408163265306,0,0.3883219958532533,0,0,At-Risk Loyalists
1793,38,Male,Sneakers,Footwear,59,Iowa,M,Peach,Fall,3.0,No,Express,0,No,22,Debit Card,Every 3 Months,0,0,0,4,236,739.9766349592793,Mid,0,Neutral,36-45,0.39495798319327735,0,0.27769491054551687,0,0,Growth Prospects
1794,65,Male,Hat,Accessories,92,Iowa,S,White,Fall,3.8,No,Store Pickup,0,No,45,Cash,Every 3 Months,0,0,0,4,368,1408.940033907987,Mid,0,Neutral,56+,0.5827130852340936,1,0.39015422667009064,0,0,At-Risk Loyalists
1795,60,Male,Backpack,Accessories,40,Ohio,L,Indigo,Spring,3.7,No,Express,0,No,21,Debit Card,Fortnightly,0,0,0,26,1040,3214.6841514926487,High,0,Neutral,56+,0.5593437374949981,1,0.4225831346165093,0,0,Growth Prospects
1796,68,Male,Jeans,Clothing,20,Wisconsin,S,Violet,Fall,4.0,No,2-Day Shipping,0,No,9,Debit Card,Fortnightly,0,0,0,26,520,1197.3442483569038,Mid,0,Promoter,56+,0.4613845538215286,0,0.40894807947207357,0,0,Growth Prospects
1797,62,Male,Skirt,Clothing,35,South Carolina,S,Brown,Spring,3.1,No,Store Pickup,0,No,34,Venmo,Weekly,0,0,0,52,1820,6470.733471910733,Premium,0,Neutral,56+,0.8693877551020408,1,0.4306956567159045,1,1,Champions
1798,62,Male,Belt,Accessories,35,Oregon,L,Maroon,Spring,3.9,No,2-Day Shipping,0,No,26,Venmo,Weekly,0,0,0,52,1820,5998.423096127879,Premium,0,Neutral,56+,0.8040816326530613,1,0.5150748329217432,1,1,Champions
1799,40,Male,Dress,Clothing,82,North Dakota,L,Magenta,Winter,3.7,No,Express,0,No,1,Cash,Weekly,0,0,0,52,4264,2955.5795779076066,High,0,Neutral,36-45,0.6000000000000001,1,0.4162080712084647,0,0,Growth Prospects
1800,32,Male,Hoodie,Clothing,48,California,M,Charcoal,Fall,3.9,No,Express,0,No,47,Venmo,Weekly,0,0,0,52,2496,9662.517723226096,Premium,0,Neutral,26-35,0.9755102040816328,1,0.6052269875426657,1,1,Champions
1801,22,Male,Coat,Outerwear,58,Mississippi,Xl,Indigo,Winter,2.7,No,Express,0,No,30,Credit Card,Weekly,0,0,0,52,3016,10356.905408727202,Premium,0,Detractor,18-25,0.8367346938775511,1,0.47831184815930783,1,1,Champions
1802,33,Male,Sweater,Clothing,57,New Jersey,M,Turquoise,Spring,3.9,No,Express,0,No,48,Debit Card,Fortnightly,0,0,0,26,1482,5767.677681799948,Premium,0,Neutral,26-35,0.7797519007603042,1,0.5093975242308825,1,1,Champions
1803,57,Male,Shorts,Clothing,96,Rhode Island,L,Turquoise,Winter,2.6,No,Store Pickup,0,No,31,Venmo,Bi-Weekly,0,0,0,26,2496,8650.476813388117,Premium,0,Detractor,56+,0.6409763905562225,1,0.42432652020438943,0,0,Champions
1804,60,Male,Sneakers,Footwear,97,New Hampshire,S,Gray,Summer,3.5,No,Free Shipping,0,No,33,Venmo,Fortnightly,0,0,0,26,2522,8893.48124308196,Premium,0,Neutral,56+,0.6573029211684673,1,0.5383054522869044,1,1,Champions
1805,30,Male,Sweater,Clothing,42,Louisiana,L,Peach,Winter,4.4,No,Next Day Air,0,No,39,Credit Card,Weekly,0,0,0,52,2184,8056.512727784837,Premium,0,Promoter,26-35,0.9102040816326531,1,0.625712502954789,1,1,Champions
1806,41,Male,T-Shirt,Clothing,62,Arizona,L,Gold,Spring,4.9,No,Store Pickup,0,No,46,Debit Card,Weekly,0,0,0,52,3224,12412.875867913228,Premium,0,Promoter,36-45,0.9673469387755103,1,0.7928973776272998,1,1,Champions
1807,58,Male,Handbag,Accessories,67,Rhode Island,M,Green,Fall,3.9,No,Standard,0,No,24,Venmo,Annually,0,0,0,1,67,215.66468026616943,Low,0,Neutral,56+,0.38775510204081637,0,0.3727946289699493,0,0,Growth Prospects
1808,34,Male,Sneakers,Footwear,46,Vermont,L,Gold,Summer,3.5,No,Standard,0,No,37,Venmo,Fortnightly,0,0,0,26,1196,4350.553047032758,High,0,Neutral,26-35,0.6899559823929573,1,0.4265302917511833,1,1,Growth Prospects
1809,67,Male,Jacket,Outerwear,71,Tennessee,M,Lavender,Spring,4.3,No,Next Day Air,0,No,7,Debit Card,Monthly,0,0,0,12,852,1771.68419351122,High,0,Promoter,56+,0.3352541016406563,0,0.4590792602438785,1,0,Growth Prospects
1810,58,Male,Backpack,Accessories,99,Alaska,S,Blue,Fall,3.4,No,Free Shipping,0,No,6,Debit Card,Fortnightly,0,0,0,26,2574,5008.772723668376,Premium,0,Neutral,56+,0.4368947579031613,0,0.4307252670729812,1,0,Champions
1811,41,Male,Jeans,Clothing,28,Maryland,M,Magenta,Fall,2.7,No,Standard,0,No,16,Cash,Bi-Weekly,0,0,0,26,728,2062.5793144729255,High,0,Detractor,36-45,0.5185274109643858,0,0.27423650496388746,0,0,Growth Prospects
1812,42,Male,Belt,Accessories,77,Wisconsin,L,Blue,Summer,3.6,No,Standard,0,No,33,Bank Transfer,Annually,0,0,0,1,77,271.52976039544444,Low,0,Neutral,36-45,0.46122448979591835,0,0.3381691451476915,0,0,At-Risk Loyalists
1813,50,Male,Boots,Footwear,63,Nevada,S,Blue,Summer,4.9,No,Express,0,No,18,Paypal,Bi-Weekly,0,0,0,26,1638,4822.991047874629,Premium,0,Promoter,46-55,0.5348539415766307,0,0.6061542556591313,1,0,Champions
1814,40,Male,Shorts,Clothing,62,Illinois,M,Olive,Spring,3.5,No,Free Shipping,0,No,24,Paypal,Weekly,0,0,0,52,3224,10377.65565937508,Premium,0,Neutral,36-45,0.7877551020408164,1,0.5748223916892143,1,1,Champions
1815,32,Male,Jeans,Clothing,92,Montana,M,White,Summer,3.8,No,Free Shipping,0,No,24,Cash,Quarterly,0,0,0,4,368,1184.5463035514979,Mid,0,Neutral,26-35,0.4112845138055222,0,0.38463319614717406,0,0,Growth Prospects
1816,51,Male,Shoes,Footwear,72,New Mexico,L,White,Winter,4.5,No,2-Day Shipping,0,No,48,Credit Card,Every 3 Months,0,0,0,4,288,1120.8442458558604,Mid,0,Promoter,46-55,0.607202881152461,1,0.4670658573255793,1,1,At-Risk Loyalists
1817,26,Male,Hat,Accessories,79,Virginia,M,Purple,Summer,4.0,No,Express,0,No,4,Cash,Weekly,0,0,0,52,4108,6611.570944279284,Premium,0,Promoter,26-35,0.6244897959183674,1,0.5421608514986727,1,1,Champions
1818,32,Male,T-Shirt,Clothing,27,Delaware,M,White,Summer,4.7,No,Free Shipping,0,No,20,Cash,Weekly,0,0,0,52,1404,4274.509502563686,High,0,Promoter,26-35,0.7551020408163265,1,0.568659300394083,1,1,Growth Prospects
1819,58,Male,Sunglasses,Accessories,39,North Carolina,M,White,Fall,3.8,No,Express,0,No,47,Debit Card,Every 3 Months,0,0,0,4,156,603.907357701631,Mid,0,Neutral,56+,0.5990396158463387,1,0.3703470334378223,0,0,At-Risk Loyalists
1820,51,Male,Socks,Clothing,86,Nevada,S,Peach,Spring,4.5,No,Next Day Air,0,No,50,Cash,Quarterly,0,0,0,4,344,1352.548017657168,Mid,0,Promoter,46-55,0.6235294117647059,1,0.47276674564522,1,1,At-Risk Loyalists
1821,19,Male,Shirt,Clothing,94,Washington,Xl,Gold,Fall,5.0,No,Express,0,No,31,Paypal,Monthly,0,0,0,12,1128,3909.3500983580916,High,0,Promoter,18-25,0.5311724689875951,0,0.595674841634267,1,0,Growth Prospects
1822,57,Male,Shorts,Clothing,53,Maine,M,Teal,Spring,2.8,No,Express,0,No,29,Paypal,Quarterly,0,0,0,4,212,721.0538449123769,Mid,0,Detractor,56+,0.45210084033613446,0,0.2532293302404802,0,0,Growth Prospects
1823,66,Male,Shirt,Clothing,85,Connecticut,S,Cyan,Summer,4.4,No,Standard,0,No,4,Cash,Annually,0,0,0,1,85,136.80222255689853,Low,0,Promoter,56+,0.22448979591836737,0,0.4308542804787799,1,0,Growth Prospects
1824,62,Male,Socks,Clothing,50,Louisiana,L,Pink,Fall,4.7,No,Free Shipping,0,No,40,Bank Transfer,Bi-Weekly,0,0,0,26,1300,4827.643686715601,Premium,0,Promoter,56+,0.7144457783113245,1,0.5822687301634426,1,1,Champions
1825,58,Male,Pants,Clothing,47,Illinois,Xl,Magenta,Winter,3.8,No,Express,0,No,31,Cash,Monthly,0,0,0,12,564,1954.6750491790458,High,0,Neutral,56+,0.5311724689875951,0,0.4035816057325499,0,0,Growth Prospects
1826,23,Male,Boots,Footwear,75,South Dakota,M,Pink,Winter,4.9,No,Next Day Air,0,No,41,Credit Card,Weekly,0,0,0,52,3900,14576.911511305138,Premium,0,Promoter,18-25,0.926530612244898,1,0.846141765609375,1,1,Champions
1827,45,Male,T-Shirt,Clothing,60,Indiana,M,Turquoise,Winter,4.2,No,Express,0,No,44,Debit Card,Annually,0,0,0,1,60,228.39974938621918,Low,0,Promoter,36-45,0.5510204081632653,1,0.409107965288266,0,0,At-Risk Loyalists
1828,20,Male,T-Shirt,Clothing,36,Vermont,S,Pink,Spring,4.9,No,2-Day Shipping,0,No,31,Bank Transfer,Weekly,0,0,0,52,1872,6487.857610041088,Premium,0,Promoter,18-25,0.8448979591836736,1,0.6471169826110004,1,1,Champions
1829,33,Male,Coat,Outerwear,80,New Hampshire,L,Gray,Spring,3.9,No,Express,0,No,45,Cash,Every 3 Months,0,0,0,4,320,1225.1652468765105,Mid,0,Neutral,26-35,0.5827130852340936,1,0.39763259316931787,0,0,At-Risk Loyalists
1830,30,Male,Hat,Accessories,96,Oregon,M,White,Spring,4.9,No,2-Day Shipping,0,No,50,Credit Card,Quarterly,0,0,0,4,384,1509.821042966141,Mid,0,Promoter,26-35,0.6235294117647059,1,0.5246363242282883,1,1,At-Risk Loyalists
1831,50,Male,Sunglasses,Accessories,80,Kansas,M,Blue,Winter,4.8,No,Express,0,No,7,Venmo,Annually,0,0,0,1,80,166.35532333438687,Low,0,Promoter,46-55,0.2489795918367347,0,0.4795814111841704,1,0,Growth Prospects
1832,62,Male,Blouse,Clothing,71,Maine,M,Cyan,Summer,3.3,No,Free Shipping,0,No,5,Bank Transfer,Every 3 Months,0,0,0,4,284,508.8596892607676,Low,0,Neutral,56+,0.25618247298919566,0,0.30800846061869597,0,0,Growth Prospects
1833,69,Male,Jewelry,Accessories,29,Louisiana,M,Blue,Fall,4.6,No,Free Shipping,0,No,48,Cash,Monthly,0,0,0,12,348,1354.353463742498,Mid,0,Promoter,56+,0.6699479791916767,1,0.4848111672203181,1,1,At-Risk Loyalists
1834,34,Male,Jewelry,Accessories,53,Louisiana,M,Yellow,Spring,4.5,No,2-Day Shipping,0,No,19,Paypal,Fortnightly,0,0,0,26,1378,4128.119072957399,High,0,Promoter,26-35,0.5430172068827531,0,0.5410574794838678,1,0,Growth Prospects
1835,49,Male,Skirt,Clothing,35,Indiana,M,Charcoal,Summer,4.1,No,2-Day Shipping,0,No,39,Venmo,Fortnightly,0,0,0,26,910,3356.880303243682,High,0,Promoter,46-55,0.7062825130052022,1,0.4740817586324812,1,1,Growth Prospects
1836,65,Male,Scarf,Accessories,75,Kentucky,M,Lavender,Fall,3.2,No,2-Day Shipping,0,No,45,Credit Card,Quarterly,0,0,0,4,300,1148.5924189467285,Mid,0,Neutral,56+,0.5827130852340936,1,0.3117485792106626,0,0,At-Risk Loyalists
1837,66,Male,Pants,Clothing,52,South Carolina,M,Teal,Fall,4.2,No,2-Day Shipping,0,No,35,Credit Card,Monthly,0,0,0,12,624,2236.1158175966125,High,0,Promoter,56+,0.5638255302120849,1,0.4585062335746823,1,1,Growth Prospects
1838,41,Male,Hat,Accessories,77,Montana,M,Beige,Winter,4.8,No,Free Shipping,0,No,8,Venmo,Monthly,0,0,0,12,924,2030.235509458667,High,0,Promoter,36-45,0.3434173669467787,0,0.5254407111846793,1,0,Growth Prospects
1839,37,Male,Gloves,Accessories,24,Vermont,L,Blue,Fall,4.1,No,Next Day Air,0,No,11,Credit Card,Quarterly,0,0,0,4,96,238.55103837964805,Low,0,Promoter,36-45,0.3051620648259304,0,0.39735772973707933,0,0,Growth Prospects
1840,32,Male,Shirt,Clothing,78,Mississippi,Xl,Purple,Winter,3.7,No,Store Pickup,0,No,32,Cash,Annually,0,0,0,1,78,272.72758979438544,Low,0,Neutral,26-35,0.45306122448979597,0,0.3501986167940797,0,0,At-Risk Loyalists
1841,42,Male,Sandals,Footwear,98,Wyoming,M,Gold,Winter,2.6,No,Store Pickup,0,No,46,Bank Transfer,Every 3 Months,0,0,0,4,392,1509.2578598703428,Mid,0,Detractor,36-45,0.5908763505402161,1,0.2486224675529839,0,0,At-Risk Loyalists
1842,31,Male,Socks,Clothing,57,Vermont,L,Blue,Winter,3.0,No,Standard,0,No,7,Paypal,Every 3 Months,0,0,0,4,228,474.11267150300256,Low,0,Neutral,26-35,0.2725090036014406,0,0.27115353768784506,0,0,Growth Prospects
1843,61,Male,Handbag,Accessories,78,Alabama,M,Black,Summer,4.4,No,Express,0,No,1,Debit Card,Annually,0,0,0,1,78,54.06548008367573,Low,0,Promoter,56+,0.2,0,0.42881860827066753,1,0,Growth Prospects
1844,36,Male,Jacket,Outerwear,76,Kentucky,M,Charcoal,Fall,4.7,No,Next Day Air,0,No,32,Credit Card,Monthly,0,0,0,12,912,3188.81489605743,High,0,Promoter,36-45,0.5393357342937175,0,0.5419466420164885,1,0,Growth Prospects
1845,60,Male,Shorts,Clothing,26,South Dakota,M,Purple,Spring,2.7,No,2-Day Shipping,0,No,31,Credit Card,Annually,0,0,0,1,26,90.10913347279289,Low,0,Detractor,56+,0.4448979591836735,0,0.22570543389722406,0,0,At-Risk Loyalists
1846,51,Male,Sandals,Footwear,78,Delaware,M,Orange,Winter,2.8,No,2-Day Shipping,0,No,39,Bank Transfer,Quarterly,0,0,0,4,312,1150.9303896835481,Mid,0,Detractor,46-55,0.533733493397359,0,0.2638061031342551,0,0,At-Risk Loyalists
1847,68,Male,Scarf,Accessories,53,Wisconsin,M,Yellow,Summer,2.9,No,Standard,0,No,9,Venmo,Quarterly,0,0,0,4,212,488.1480397147377,Low,0,Detractor,56+,0.28883553421368546,0,0.2594988668384156,0,0,Growth Prospects
1848,46,Male,Sandals,Footwear,100,Arizona,Xl,Cyan,Summer,4.4,No,Free Shipping,0,No,49,Credit Card,Weekly,0,0,0,52,5200,20342.51962822636,Premium,0,Promoter,46-55,0.9918367346938777,1,0.9279999999999999,1,1,Champions
1849,19,Male,Jeans,Clothing,73,Maine,Xl,Yellow,Winter,2.7,No,Express,0,No,34,Cash,Every 3 Months,0,0,0,4,292,1038.1616339549087,Mid,0,Detractor,18-25,0.49291716686674675,0,0.24903151695744874,0,0,At-Risk Loyalists
1850,30,Male,Skirt,Clothing,40,New Mexico,M,Maroon,Winter,4.5,No,Store Pickup,0,No,35,Bank Transfer,Monthly,0,0,0,12,480,1720.0890904589328,High,0,Promoter,26-35,0.5638255302120849,1,0.4818098034799478,1,1,Growth Prospects
1851,51,Male,Gloves,Accessories,76,Wyoming,S,Black,Winter,2.8,No,Store Pickup,0,No,50,Debit Card,Weekly,0,0,0,52,3952,15538.574900526535,Premium,0,Detractor,46-55,1.0,1,0.6178027338379786,1,1,Champions
1852,28,Male,Skirt,Clothing,80,Delaware,S,Lavender,Fall,3.1,No,Free Shipping,0,No,4,Bank Transfer,Fortnightly,0,0,0,26,2080,3347.6308578629287,High,0,Neutral,26-35,0.42056822729091636,0,0.3538541833335365,0,0,Growth Prospects
1853,41,Male,Sweater,Clothing,80,Pennsylvania,Xl,Violet,Winter,3.8,No,Store Pickup,0,No,32,Cash,Weekly,0,0,0,52,4160,14545.471455700557,Premium,0,Neutral,36-45,0.8530612244897959,1,0.7133682078706658,1,1,Champions
1854,29,Male,Blouse,Clothing,67,North Dakota,Xl,Olive,Spring,2.9,No,Express,0,No,11,Paypal,Fortnightly,0,0,0,26,1742,4328.707383930697,High,0,Detractor,26-35,0.4777110844337735,0,0.3539927964629316,0,0,Growth Prospects
1855,25,Male,Sweater,Clothing,61,Kentucky,M,Teal,Spring,3.8,No,Express,0,No,49,Credit Card,Annually,0,0,0,1,61,238.6334033311169,Low,0,Neutral,18-25,0.5918367346938775,1,0.3613597562616634,0,0,At-Risk Loyalists
1856,60,Male,Shirt,Clothing,76,Rhode Island,Xl,Teal,Spring,4.7,No,Standard,0,No,9,Cash,Annually,0,0,0,1,76,174.99646706754748,Low,0,Promoter,56+,0.2653061224489796,0,0.4677940197014757,1,0,Growth Prospects
1857,63,Male,Jewelry,Accessories,55,Arizona,Xl,Beige,Summer,3.2,No,Free Shipping,0,No,30,Paypal,Bi-Weekly,0,0,0,26,1430,4910.601702413759,Premium,0,Neutral,56+,0.6328131252501001,1,0.4043098466245063,0,0,Champions
1858,51,Male,T-Shirt,Clothing,85,Colorado,L,Maroon,Summer,4.0,No,Next Day Air,0,No,33,Cash,Monthly,0,0,0,12,1020,3596.887735108485,High,0,Promoter,46-55,0.5474989995998399,1,0.4679869519502591,1,1,Growth Prospects
1859,22,Male,Scarf,Accessories,69,Maine,S,Peach,Spring,4.9,No,2-Day Shipping,0,No,8,Debit Card,Annually,0,0,0,1,69,151.60849583619915,Low,0,Promoter,18-25,0.2571428571428572,0,0.491218577139724,1,0,Growth Prospects
1860,54,Male,Belt,Accessories,26,New Jersey,L,Beige,Summer,3.7,No,Store Pickup,0,No,29,Debit Card,Fortnightly,0,0,0,26,676,2299.209430003617,High,0,Neutral,46-55,0.6246498599439776,1,0.4000586020804633,0,0,Growth Prospects
1861,18,Male,T-Shirt,Clothing,64,Kansas,M,Silver,Summer,4.8,No,Next Day Air,0,No,4,Credit Card,Monthly,0,0,0,12,768,1236.048316749389,Mid,0,Promoter,18-25,0.31076430572228897,0,0.5059003625087541,1,0,Growth Prospects
1862,29,Male,Sneakers,Footwear,60,South Dakota,S,Peach,Fall,3.6,No,Standard,0,No,19,Debit Card,Monthly,0,0,0,12,720,2156.9272369588734,High,0,Neutral,26-35,0.4332132853141257,0,0.3845578610864099,0,0,Growth Prospects
1863,59,Male,Gloves,Accessories,36,New Hampshire,M,Turquoise,Winter,4.6,No,Express,0,No,10,Paypal,Fortnightly,0,0,0,26,936,2244.4299753392747,High,0,Promoter,56+,0.4695478191276511,0,0.5067107968599249,1,0,Growth Prospects
1864,25,Male,Sandals,Footwear,21,Connecticut,L,Orange,Spring,4.3,No,2-Day Shipping,0,No,39,Debit Card,Monthly,0,0,0,12,252,929.597622436712,Mid,0,Promoter,18-25,0.5964785914365747,1,0.4383603851912893,1,1,At-Risk Loyalists
1865,19,Male,Backpack,Accessories,72,Wyoming,S,Cyan,Fall,3.2,No,2-Day Shipping,0,No,21,Venmo,Quarterly,0,0,0,4,288,890.220226567195,Mid,0,Neutral,18-25,0.3867947178871549,0,0.3053915354637894,0,0,Growth Prospects
1866,56,Male,Pants,Clothing,62,Missouri,S,Silver,Summer,3.8,No,Store Pickup,0,No,12,Bank Transfer,Monthly,0,0,0,12,744,1908.3223219513834,High,0,Neutral,56+,0.37607042817126857,0,0.4024411334856748,0,0,Growth Prospects
1867,31,Male,T-Shirt,Clothing,44,Alaska,Xl,Gold,Winter,4.2,No,Standard,0,No,9,Credit Card,Fortnightly,0,0,0,26,1144,2634.1573463851887,High,0,Promoter,26-35,0.4613845538215286,0,0.4682997310415626,1,0,Growth Prospects
1868,45,Male,Skirt,Clothing,52,Delaware,M,Brown,Fall,3.4,No,2-Day Shipping,0,No,20,Venmo,Quarterly,0,0,0,4,208,633.260667046472,Mid,0,Neutral,36-45,0.3786314525810324,0,0.3230692484327958,0,0,Growth Prospects
1869,23,Male,Gloves,Accessories,58,Indiana,M,Silver,Spring,4.7,No,Next Day Air,0,No,44,Cash,Fortnightly,0,0,0,26,1508,5740.447034573642,Premium,0,Promoter,18-25,0.7470988395358142,1,0.6047275356609862,1,1,Champions
1870,18,Male,Blouse,Clothing,77,West Virginia,S,Beige,Spring,3.9,No,2-Day Shipping,0,No,16,Debit Card,Every 3 Months,0,0,0,4,308,872.6297099693146,Mid,0,Neutral,18-25,0.3459783913565426,0,0.38895873469481745,0,0,Growth Prospects
1871,43,Male,Blouse,Clothing,99,Wyoming,L,Violet,Spring,4.3,No,Store Pickup,0,No,27,Debit Card,Fortnightly,0,0,0,26,2574,8577.094409190975,Premium,0,Promoter,36-45,0.6083233293317327,1,0.6265210041020733,1,1,Champions
1872,56,Male,Jeans,Clothing,96,Illinois,Xl,Violet,Fall,2.7,No,Standard,0,No,14,Cash,Every 3 Months,0,0,0,4,384,1039.8912772232486,Mid,0,Detractor,56+,0.32965186074429775,0,0.2490740734640993,0,0,Growth Prospects
1873,43,Male,T-Shirt,Clothing,64,Alaska,M,Lavender,Summer,4.6,No,Standard,0,No,24,Credit Card,Monthly,0,0,0,12,768,2472.096633498778,High,0,Promoter,36-45,0.47402961184473796,0,0.5123123551866755,1,0,Growth Prospects
1874,64,Male,Sweater,Clothing,44,Wisconsin,Xl,Red,Fall,2.9,No,Express,0,No,49,Bank Transfer,Weekly,0,0,0,52,2288,8950.708636419598,Premium,0,Detractor,56+,0.9918367346938777,1,0.4677134871052664,1,1,Champions
1875,67,Male,Pants,Clothing,33,Indiana,L,Purple,Fall,3.6,No,Free Shipping,0,No,14,Cash,Weekly,0,0,0,52,1716,4647.0141450913925,High,0,Neutral,56+,0.7061224489795919,1,0.44582448294199234,1,1,Growth Prospects
1876,63,Male,Boots,Footwear,71,Tennessee,M,Brown,Winter,3.9,No,Next Day Air,0,No,6,Credit Card,Quarterly,0,0,0,4,284,552.6384823317089,Mid,0,Neutral,56+,0.26434573829531816,0,0.3810856032483814,0,0,Growth Prospects
1877,54,Male,Skirt,Clothing,36,Illinois,M,Gray,Fall,2.6,No,Standard,0,No,20,Venmo,Quarterly,0,0,0,4,144,438.4112310321729,Low,0,Detractor,46-55,0.3786314525810324,0,0.2222751319398841,0,0,Growth Prospects
1878,69,Male,Gloves,Accessories,62,Pennsylvania,L,Pink,Fall,3.6,No,Express,0,No,3,Credit Card,Annually,0,0,0,1,62,85.95025038943322,Low,0,Neutral,56+,0.2163265306122449,0,0.3336031078633906,0,0,Growth Prospects
1879,34,Male,Socks,Clothing,29,Oklahoma,L,Magenta,Summer,3.4,No,Store Pickup,0,No,5,Credit Card,Monthly,0,0,0,12,348,623.5322952913631,Mid,0,Neutral,26-35,0.3189275710284114,0,0.322829889528637,0,0,Growth Prospects
1880,56,Male,T-Shirt,Clothing,33,Tennessee,L,Charcoal,Spring,3.5,No,Express,0,No,46,Cash,Bi-Weekly,0,0,0,26,858,3303.42664226723,High,0,Neutral,56+,0.7634253701480593,1,0.40076657351860223,0,0,Growth Prospects
1881,34,Male,Blouse,Clothing,33,New Jersey,L,Yellow,Fall,3.1,No,2-Day Shipping,0,No,8,Debit Card,Monthly,0,0,0,12,396,870.100932625143,Mid,0,Neutral,26-35,0.3434173669467787,0,0.2928965161253385,0,0,Growth Prospects
1882,58,Male,Blouse,Clothing,41,New Jersey,M,Red,Winter,4.3,No,Standard,0,No,13,Cash,Bi-Weekly,0,0,0,26,1066,2813.2351133698653,High,0,Promoter,56+,0.49403761504601845,0,0.4847057980735042,1,0,Growth Prospects
1883,44,Male,Scarf,Accessories,54,Tennessee,L,Blue,Winter,5.0,No,Store Pickup,0,No,25,Bank Transfer,Quarterly,0,0,0,4,216,703.7488522126401,Mid,0,Promoter,36-45,0.41944777911164466,0,0.5168035545615328,1,0,Growth Prospects
1884,25,Male,Backpack,Accessories,58,Georgia,M,Cyan,Spring,4.9,No,Store Pickup,0,No,39,Debit Card,Fortnightly,0,0,0,26,1508,5562.830216803816,Premium,0,Promoter,18-25,0.7062825130052022,1,0.6243574141307073,1,1,Champions
1885,27,Male,Shorts,Clothing,30,Arizona,S,Pink,Summer,4.3,No,Next Day Air,0,No,15,Bank Transfer,Bi-Weekly,0,0,0,26,780,2162.6192033470293,High,0,Promoter,26-35,0.5103641456582633,0,0.46869790742422196,1,0,Growth Prospects
1886,26,Male,Jewelry,Accessories,53,Nevada,S,Maroon,Winter,4.4,No,Standard,0,No,35,Cash,Monthly,0,0,0,12,636,2279.118044858086,High,0,Promoter,26-35,0.5638255302120849,1,0.4835642694159102,1,1,Growth Prospects
1887,18,Male,Gloves,Accessories,91,Arkansas,L,Beige,Spring,4.4,No,Next Day Air,0,No,46,Cash,Bi-Weekly,0,0,0,26,2366,9109.449225645998,Premium,0,Promoter,18-25,0.7634253701480593,1,0.6516191739395303,1,1,Champions
1888,64,Male,Hoodie,Clothing,44,North Dakota,Xl,Gold,Fall,3.5,No,Express,0,No,3,Paypal,Monthly,0,0,0,12,528,731.9634226713022,Mid,0,Neutral,56+,0.3026010404161665,0,0.33749775178551833,0,0,Growth Prospects
1889,62,Male,Hoodie,Clothing,89,South Dakota,Xl,Turquoise,Winter,3.4,No,Free Shipping,0,No,48,Credit Card,Weekly,0,0,0,52,4628,18011.344339655978,Premium,0,Neutral,56+,0.9836734693877551,1,0.750643273045023,1,1,Champions
1890,59,Male,Skirt,Clothing,57,North Carolina,L,Peach,Spring,2.5,No,Next Day Air,0,No,27,Bank Transfer,Weekly,0,0,0,52,2964,9876.654168159304,Premium,0,Detractor,56+,0.8122448979591836,1,0.4424956456583219,1,1,Champions
1891,36,Male,Sunglasses,Accessories,57,Hawaii,M,Lavender,Spring,3.4,No,Store Pickup,0,No,5,Credit Card,Weekly,0,0,0,52,2964,5310.7750667919545,Premium,0,Neutral,36-45,0.6326530612244898,1,0.43815579622247525,1,1,Champions
1892,69,Male,Jewelry,Accessories,74,New Hampshire,M,Gray,Summer,2.6,No,Next Day Air,0,No,48,Debit Card,Quarterly,0,0,0,4,296,1151.9788082407454,Mid,0,Detractor,56+,0.607202881152461,1,0.23983189864487783,0,0,At-Risk Loyalists
1893,39,Male,Jacket,Outerwear,30,California,M,Blue,Fall,4.6,No,2-Day Shipping,0,No,12,Venmo,Weekly,0,0,0,52,1560,4001.320997639997,High,0,Promoter,36-45,0.689795918367347,1,0.5499377129780822,1,1,Growth Prospects
1894,28,Male,Dress,Clothing,20,Delaware,L,Red,Summer,3.7,No,Express,0,No,10,Paypal,Fortnightly,0,0,0,26,520,1246.9055418551527,Mid,0,Neutral,26-35,0.4695478191276511,0,0.3741674959581062,0,0,Growth Prospects
1895,42,Male,Hoodie,Clothing,90,Arizona,M,Purple,Fall,2.5,No,Free Shipping,0,No,48,Debit Card,Bi-Weekly,0,0,0,26,2340,9106.859497578866,Premium,0,Detractor,36-45,0.7797519007603042,1,0.42355545572564807,0,0,Champions
1896,31,Male,Jeans,Clothing,61,Washington,L,Indigo,Fall,4.5,No,Express,0,No,3,Debit Card,Monthly,0,0,0,12,732,1014.7674723397599,Mid,0,Promoter,26-35,0.3026010404161665,0,0.46445592208619235,1,0,Growth Prospects
1897,57,Male,Sandals,Footwear,51,Nevada,M,Gold,Fall,2.9,No,Standard,0,No,19,Venmo,Monthly,0,0,0,12,612,1833.3881514150423,High,0,Detractor,56+,0.4332132853141257,0,0.2925974373980733,0,0,Growth Prospects
1898,53,Male,Sunglasses,Accessories,97,Alaska,L,Teal,Winter,2.9,No,Free Shipping,0,No,11,Debit Card,Fortnightly,0,0,0,26,2522,6266.9345707653365,Premium,0,Detractor,46-55,0.4777110844337735,0,0.4016813457011848,0,0,Champions
1899,59,Male,Pants,Clothing,97,Texas,L,Magenta,Fall,3.5,No,Next Day Air,0,No,25,Venmo,Monthly,0,0,0,12,1164,3792.424370257005,High,0,Neutral,56+,0.4821928771508604,0,0.41279797643516025,0,0,Growth Prospects
1900,32,Male,Shorts,Clothing,40,New York,L,Maroon,Winter,4.2,No,Store Pickup,0,No,42,Paypal,Weekly,0,0,0,52,2080,7823.2962406426095,Premium,0,Promoter,26-35,0.9346938775510205,1,0.5959743954688355,1,1,Champions
1901,65,Male,Jewelry,Accessories,85,Iowa,S,Blue,Summer,3.3,No,Free Shipping,0,No,34,Cash,Quarterly,0,0,0,4,340,1208.8183409064006,Mid,0,Neutral,56+,0.49291716686674675,0,0.3252303904577143,0,0,At-Risk Loyalists
1902,56,Male,Socks,Clothing,76,Arizona,S,Beige,Winter,3.9,No,Store Pickup,0,No,50,Cash,Quarterly,0,0,0,4,304,1195.274992348195,Mid,0,Neutral,56+,0.6235294117647059,1,0.3968971670621517,0,0,At-Risk Loyalists
1903,31,Male,Sandals,Footwear,22,New Mexico,S,Olive,Spring,5.0,No,Store Pickup,0,No,21,Venmo,Monthly,0,0,0,12,264,816.0352076865954,Mid,0,Promoter,26-35,0.4495398159263706,0,0.519566271661043,1,0,Growth Prospects
1904,59,Male,Pants,Clothing,63,North Carolina,M,Gold,Summer,3.3,No,Standard,0,No,37,Bank Transfer,Weekly,0,0,0,52,3276,11916.73225926364,Premium,0,Neutral,56+,0.8938775510204082,1,0.5886901559604885,1,1,Champions
1905,22,Male,T-Shirt,Clothing,71,Nevada,S,Silver,Spring,4.2,No,Free Shipping,0,No,46,Cash,Monthly,0,0,0,12,852,3280.3257566569696,High,0,Promoter,18-25,0.6536214485794318,1,0.4841981944718346,1,1,Growth Prospects
1906,47,Male,Boots,Footwear,35,Idaho,M,Teal,Summer,4.9,No,2-Day Shipping,0,No,14,Bank Transfer,Fortnightly,0,0,0,26,910,2464.3256830030114,High,0,Promoter,46-55,0.5022008803521409,0,0.5481211570867508,1,0,Growth Prospects
1907,23,Male,Backpack,Accessories,30,Vermont,M,Green,Spring,4.6,No,2-Day Shipping,0,No,24,Paypal,Fortnightly,0,0,0,26,780,2510.7231433971965,High,0,Promoter,18-25,0.5838335334133653,1,0.5132627299578605,1,1,Growth Prospects
1908,69,Male,Skirt,Clothing,74,New Mexico,L,Orange,Fall,4.8,No,Store Pickup,0,No,36,Credit Card,Every 3 Months,0,0,0,4,296,1068.8317021426903,Mid,0,Promoter,56+,0.5092436974789916,0,0.5017861297638566,1,0,At-Risk Loyalists
1909,18,Male,Scarf,Accessories,71,Georgia,Xl,Charcoal,Winter,2.7,No,Next Day Air,0,No,19,Debit Card,Bi-Weekly,0,0,0,26,1846,5530.121776980667,Premium,0,Detractor,18-25,0.5430172068827531,0,0.3595526487999929,0,0,Champions
1910,50,Male,Sweater,Clothing,84,Kentucky,S,Black,Spring,4.3,No,Store Pickup,0,No,12,Credit Card,Monthly,0,0,0,12,1008,2585.468952321229,High,0,Promoter,46-55,0.37607042817126857,0,0.4791017915567478,1,0,Growth Prospects
1911,29,Male,Sandals,Footwear,38,New York,S,Yellow,Fall,3.8,No,Express,0,No,13,Debit Card,Quarterly,0,0,0,4,152,401.13671410151926,Low,0,Neutral,26-35,0.3214885954381753,0,0.3653580218879492,0,0,Growth Prospects
1912,65,Male,Jewelry,Accessories,81,Arizona,M,Gray,Spring,4.9,No,Express,0,No,32,Debit Card,Bi-Weekly,0,0,0,26,2106,7363.644924448407,Premium,0,Promoter,56+,0.649139655862345,1,0.6686650378384984,1,1,Champions
1913,29,Male,Sweater,Clothing,56,Colorado,S,Charcoal,Winter,3.4,No,2-Day Shipping,0,No,5,Credit Card,Bi-Weekly,0,0,0,26,1456,2608.801787196048,High,0,Neutral,26-35,0.4287314925970388,0,0.3716758775319905,0,0,Growth Prospects
1914,49,Male,Skirt,Clothing,48,Kentucky,M,Peach,Winter,3.6,No,Express,0,No,29,Cash,Annually,0,0,0,1,48,163.25747431978346,Low,0,Neutral,46-55,0.4285714285714286,0,0.3355051910556587,0,0,Growth Prospects
1915,28,Male,Shorts,Clothing,97,Alaska,L,Green,Fall,3.4,No,Standard,0,No,40,Credit Card,Fortnightly,0,0,0,26,2522,9365.628752228266,Premium,0,Neutral,26-35,0.7144457783113245,1,0.5379222688760957,1,1,Champions
1916,51,Male,Backpack,Accessories,74,Alabama,M,Magenta,Fall,4.7,No,2-Day Shipping,0,No,44,Cash,Weekly,0,0,0,52,3848,14648.03726063619,Premium,0,Promoter,46-55,0.9510204081632654,1,0.8238917585008796,1,1,Champions
1917,26,Male,Hoodie,Clothing,50,Connecticut,S,Beige,Winter,3.0,No,Next Day Air,0,No,3,Debit Card,Bi-Weekly,0,0,0,26,1300,1802.1826694558576,High,0,Neutral,26-35,0.4124049619847939,0,0.3038296511586571,0,0,Growth Prospects
1918,38,Male,Skirt,Clothing,71,Hawaii,L,Black,Winter,3.4,No,Free Shipping,0,No,35,Paypal,Bi-Weekly,0,0,0,26,1846,6615.175960389979,Premium,0,Neutral,36-45,0.6736294517807122,1,0.4702495500730541,1,1,Champions
1919,35,Male,Skirt,Clothing,33,Idaho,S,Purple,Summer,4.6,No,Standard,0,No,33,Debit Card,Monthly,0,0,0,12,396,1396.438767748,Mid,0,Promoter,26-35,0.5474989995998399,1,0.48584664288896295,1,1,At-Risk Loyalists
1920,34,Male,Backpack,Accessories,56,Virginia,M,Olive,Summer,3.1,No,Express,0,No,20,Paypal,Bi-Weekly,0,0,0,26,1456,4432.824669325304,High,0,Neutral,26-35,0.5511804721888756,1,0.3805545200445737,0,0,Growth Prospects
1921,51,Male,Blouse,Clothing,84,Connecticut,M,Purple,Spring,2.8,No,Standard,0,No,40,Cash,Every 3 Months,0,0,0,4,336,1247.7602144126474,Mid,0,Detractor,46-55,0.5418967587034815,0,0.266188524501415,0,0,At-Risk Loyalists
1922,47,Male,Shirt,Clothing,36,Michigan,M,Green,Fall,3.5,No,Store Pickup,0,No,13,Venmo,Annually,0,0,0,1,36,95.0060638661493,Low,0,Neutral,46-55,0.2979591836734694,0,0.3218259190022551,0,0,Growth Prospects
1923,18,Male,Gloves,Accessories,63,Kentucky,S,Peach,Summer,4.6,No,Standard,0,No,9,Paypal,Monthly,0,0,0,12,756,1740.7543303034986,High,0,Promoter,18-25,0.35158063225290115,0,0.49431825538617513,1,0,Growth Prospects
1924,64,Male,Sandals,Footwear,36,Nebraska,Xl,Blue,Summer,4.3,No,Standard,0,No,7,Cash,Annually,0,0,0,1,36,74.85989550047408,Low,0,Promoter,56+,0.2489795918367347,0,0.41733023843983474,0,0,Growth Prospects
1925,30,Male,Jacket,Outerwear,63,Michigan,M,Gray,Fall,4.8,No,Free Shipping,0,No,42,Paypal,Quarterly,0,0,0,4,252,947.8224291547778,Mid,0,Promoter,26-35,0.5582232893157264,1,0.49880879216774465,1,1,At-Risk Loyalists
1926,59,Male,Sneakers,Footwear,32,Utah,L,Black,Winter,2.9,No,Express,0,No,44,Credit Card,Fortnightly,0,0,0,26,832,3167.143191488906,High,0,Detractor,56+,0.7470988395358142,1,0.3254134268405726,0,0,Growth Prospects
1927,66,Male,Backpack,Accessories,93,New Mexico,M,Silver,Spring,3.0,No,Express,0,No,6,Paypal,Annually,0,0,0,1,93,180.96964386214412,Low,0,Neutral,56+,0.24081632653061225,0,0.26394098499925545,0,0,Growth Prospects
1928,40,Male,Pants,Clothing,29,Florida,M,Pink,Summer,2.9,No,Standard,0,No,8,Cash,Every 3 Months,0,0,0,4,116,254.87805097100147,Low,0,Detractor,36-45,0.280672268907563,0,0.2537594429878092,0,0,Growth Prospects
1929,25,Male,Sunglasses,Accessories,92,Mississippi,S,Lavender,Summer,3.7,No,Standard,0,No,10,Paypal,Weekly,0,0,0,52,4784,11471.530985067406,Premium,0,Neutral,18-25,0.6734693877551021,1,0.6257363302017481,1,1,Champions
1930,59,Male,Jeans,Clothing,33,Hawaii,L,Brown,Fall,4.7,No,Standard,0,No,46,Venmo,Quarterly,0,0,0,4,132,508.21948342572773,Low,0,Promoter,56+,0.5908763505402161,1,0.47599270885972045,1,1,At-Risk Loyalists
1931,66,Male,Pants,Clothing,52,North Carolina,L,Turquoise,Spring,3.5,No,Store Pickup,0,No,26,Cash,Weekly,0,0,0,52,2704,8911.942885675706,Premium,0,Neutral,56+,0.8040816326530613,1,0.5387596864230424,1,1,Champions
1932,54,Male,Jewelry,Accessories,42,Illinois,S,Olive,Spring,2.7,No,Store Pickup,0,No,6,Debit Card,Every 3 Months,0,0,0,4,168,326.9129050412926,Low,0,Detractor,46-55,0.26434573829531816,0,0.2315318036834672,0,0,Growth Prospects
1933,42,Male,Hoodie,Clothing,36,Maryland,M,White,Spring,5.0,No,Free Shipping,0,No,47,Credit Card,Every 3 Months,0,0,0,4,144,557.4529455707363,Mid,0,Promoter,36-45,0.5990396158463387,1,0.5132040593142078,1,1,At-Risk Loyalists
1934,48,Male,Sandals,Footwear,67,Montana,L,Violet,Summer,4.1,No,Next Day Air,0,No,28,Venmo,Annually,0,0,0,1,67,225.60882060909375,Low,0,Promoter,46-55,0.4204081632653061,0,0.3970392966898104,0,0,Growth Prospects
1935,34,Male,Jacket,Outerwear,43,Michigan,L,Gold,Winter,2.7,No,Free Shipping,0,No,23,Bank Transfer,Annually,0,0,0,1,43,136.65631470496166,Low,0,Detractor,26-35,0.3795918367346939,0,0.22685069053131207,0,0,Growth Prospects
1936,19,Male,Blouse,Clothing,68,North Carolina,Xl,Violet,Spring,4.8,No,Free Shipping,0,No,45,Cash,Fortnightly,0,0,0,26,1768,6769.03798899272,Premium,0,Promoter,18-25,0.7552621048419368,1,0.6420352037759629,1,1,Champions
1937,70,Male,Jewelry,Accessories,60,Minnesota,S,Teal,Summer,4.3,No,2-Day Shipping,0,No,44,Paypal,Every 3 Months,0,0,0,4,240,913.5989975448767,Mid,0,Promoter,56+,0.5745498199279713,1,0.4379667516605654,1,1,At-Risk Loyalists
1938,43,Male,Socks,Clothing,53,Delaware,M,Olive,Summer,4.5,No,2-Day Shipping,0,No,11,Bank Transfer,Monthly,0,0,0,12,636,1580.4006292651682,High,0,Promoter,36-45,0.3679071628651461,0,0.47837287920971616,1,0,Growth Prospects
1939,46,Male,Jeans,Clothing,23,Kentucky,L,Blue,Spring,3.8,No,Standard,0,No,39,Debit Card,Bi-Weekly,0,0,0,26,598,2205.949913560134,High,0,Neutral,46-55,0.7062825130052022,1,0.40976402532905887,0,0,Growth Prospects
1940,66,Male,Gloves,Accessories,57,Ohio,L,Magenta,Winter,3.7,No,Store Pickup,0,No,20,Paypal,Every 3 Months,0,0,0,4,228,694.1511158009405,Mid,0,Neutral,56+,0.3786314525810324,0,0.36056740983683067,0,0,Growth Prospects
1941,50,Male,Hat,Accessories,89,Alaska,L,Gray,Fall,3.9,No,2-Day Shipping,0,No,48,Paypal,Fortnightly,0,0,0,26,2314,9005.672169827989,Premium,0,Neutral,46-55,0.7797519007603042,1,0.5890658214379279,1,1,Champions
1942,55,Male,Shoes,Footwear,99,Vermont,Xl,Peach,Winter,3.3,No,Standard,0,No,46,Credit Card,Quarterly,0,0,0,4,396,1524.6584502771832,Mid,0,Neutral,46-55,0.5908763505402161,1,0.3330013869174956,0,0,At-Risk Loyalists
1943,63,Male,Pants,Clothing,28,Alabama,M,Cyan,Fall,3.4,No,Express,0,No,22,Paypal,Monthly,0,0,0,12,336,1053.5260565521944,Mid,0,Neutral,56+,0.45770308123249304,0,0.3334095464415695,0,0,Growth Prospects
1944,32,Male,Socks,Clothing,53,Wisconsin,L,Violet,Summer,3.8,No,Next Day Air,0,No,45,Cash,Annually,0,0,0,1,53,202.91799401392203,Low,0,Neutral,26-35,0.5591836734693878,1,0.3604810068212694,0,0,At-Risk Loyalists
1945,30,Male,Hoodie,Clothing,45,Arkansas,M,Gold,Winter,2.7,No,Free Shipping,0,No,49,Cash,Every 3 Months,0,0,0,4,180,704.1641409770663,Mid,0,Detractor,26-35,0.6153661464585836,1,0.24081377241361168,0,0,At-Risk Loyalists
1946,35,Male,Hoodie,Clothing,38,Georgia,M,Gold,Winter,2.9,No,2-Day Shipping,0,No,9,Credit Card,Every 3 Months,0,0,0,4,152,349.99293413509497,Low,0,Detractor,26-35,0.28883553421368546,0,0.25609966957211855,0,0,Growth Prospects
1947,59,Male,Pants,Clothing,49,Louisiana,M,White,Summer,4.5,No,Standard,0,No,41,Credit Card,Quarterly,0,0,0,4,196,732.5832451835402,Mid,0,Promoter,56+,0.5500600240096039,1,0.4575130020289339,1,1,At-Risk Loyalists
1948,59,Male,Shirt,Clothing,32,New York,M,Gray,Summer,2.6,No,Store Pickup,0,No,2,Paypal,Monthly,0,0,0,12,384,421.8671188485541,Low,0,Detractor,56+,0.29443777511004404,0,0.2218680771251386,0,0,Growth Prospects
1949,54,Male,T-Shirt,Clothing,37,Connecticut,L,Brown,Winter,3.1,No,Next Day Air,0,No,39,Paypal,Bi-Weekly,0,0,0,26,962,3548.7020348576066,High,0,Neutral,46-55,0.7062825130052022,1,0.35880138084971824,0,0,Growth Prospects
1950,63,Male,Dress,Clothing,80,Nebraska,L,Gray,Winter,4.7,No,Store Pickup,0,No,12,Paypal,Quarterly,0,0,0,4,320,820.7837943876917,Mid,0,Promoter,56+,0.3133253301320528,0,0.48368310688667887,1,0,Growth Prospects
1951,43,Male,Backpack,Accessories,78,Arkansas,L,Blue,Summer,4.6,No,Free Shipping,0,No,26,Paypal,Every 3 Months,0,0,0,4,312,1028.3011021933507,Mid,0,Promoter,36-45,0.4276110444177671,0,0.4767889063607031,1,0,Growth Prospects
1952,33,Male,Gloves,Accessories,53,Connecticut,L,Gold,Summer,2.7,No,Next Day Air,0,No,32,Bank Transfer,Bi-Weekly,0,0,0,26,1378,4818.18741970081,Premium,0,Detractor,26-35,0.649139655862345,1,0.3420360661815276,0,0,Champions
1953,57,Male,Shoes,Footwear,82,Maryland,L,Yellow,Summer,4.6,No,2-Day Shipping,0,No,50,Cash,Bi-Weekly,0,0,0,26,2132,8382.652248968263,Premium,0,Promoter,56+,0.7960784313725491,1,0.657736908308372,1,1,Champions
1954,25,Male,Skirt,Clothing,33,Colorado,Xl,Green,Spring,4.8,No,Standard,0,No,3,Paypal,Fortnightly,0,0,0,26,858,1189.4405618408662,Mid,0,Promoter,18-25,0.4124049619847939,0,0.5047536155071968,1,0,Growth Prospects
1955,26,Male,Gloves,Accessories,77,Colorado,M,Pink,Winter,4.2,No,Free Shipping,0,No,3,Venmo,Quarterly,0,0,0,4,308,426.9786632249263,Low,0,Promoter,26-35,0.2398559423769508,0,0.41399384263773276,0,0,Growth Prospects
1956,50,Male,Hoodie,Clothing,56,Maine,M,Pink,Winter,4.9,No,Express,0,No,37,Cash,Monthly,0,0,0,12,672,2444.457899336131,High,0,Promoter,46-55,0.5801520608243298,1,0.5476323259599929,1,1,Growth Prospects
1957,70,Male,Socks,Clothing,37,Oklahoma,M,Pink,Winter,4.9,No,Express,0,No,20,Credit Card,Fortnightly,0,0,0,26,962,2928.830585089933,High,0,Promoter,56+,0.5511804721888756,1,0.5595499333649117,1,1,Growth Prospects
1958,68,Male,Gloves,Accessories,54,South Carolina,M,Cyan,Spring,4.5,No,Store Pickup,0,No,26,Cash,Bi-Weekly,0,0,0,26,1404,4627.354959870078,High,0,Promoter,56+,0.6001600640256102,1,0.5533407842152493,1,1,Growth Prospects
1959,39,Male,Shorts,Clothing,67,Nevada,M,Gray,Winter,2.7,No,Store Pickup,0,No,47,Cash,Quarterly,0,0,0,4,268,1037.4818709233148,Mid,0,Detractor,36-45,0.5990396158463387,1,0.24901479192489182,0,0,At-Risk Loyalists
1960,46,Male,Shoes,Footwear,90,Colorado,M,White,Fall,3.1,No,Store Pickup,0,No,7,Credit Card,Every 3 Months,0,0,0,4,360,748.5989550047409,Mid,0,Neutral,46-55,0.2725090036014406,0,0.28990705592085214,0,0,Growth Prospects
1961,57,Male,Jeans,Clothing,72,Massachusetts,L,Red,Summer,3.3,No,2-Day Shipping,0,No,40,Credit Card,Annually,0,0,0,1,72,267.3771888027102,Low,0,Neutral,56+,0.5183673469387755,0,0.30206697440310043,0,0,At-Risk Loyalists
1962,47,Male,Boots,Footwear,59,Nevada,L,Black,Summer,2.6,No,Free Shipping,0,No,45,Debit Card,Quarterly,0,0,0,4,236,903.5593695714265,Mid,0,Detractor,46-55,0.5827130852340936,1,0.23371973454296557,0,0,At-Risk Loyalists
1963,40,Male,Hat,Accessories,45,Iowa,M,Silver,Fall,4.4,No,Standard,0,No,20,Paypal,Fortnightly,0,0,0,26,1170,3562.091252136405,High,0,Promoter,36-45,0.5511804721888756,1,0.5151308119668745,1,1,Growth Prospects
1964,52,Male,Shorts,Clothing,30,Michigan,L,Pink,Spring,3.9,No,Standard,0,No,11,Credit Card,Weekly,0,0,0,52,1560,3876.4543736692804,High,0,Neutral,46-55,0.6816326530612244,1,0.46286546830733916,1,1,Growth Prospects
1965,40,Male,Pants,Clothing,51,West Virginia,S,Cyan,Summer,4.6,No,Express,0,No,50,Debit Card,Monthly,0,0,0,12,612,2406.277287227287,High,0,Promoter,36-45,0.6862745098039216,1,0.5106929221517774,1,1,Growth Prospects
1966,67,Male,Sweater,Clothing,90,Indiana,M,White,Fall,4.9,No,Express,0,No,25,Debit Card,Quarterly,0,0,0,4,360,1172.9147536877335,Mid,0,Promoter,56+,0.41944777911164466,0,0.5163470110486661,1,0,Growth Prospects
1967,67,Male,Jacket,Outerwear,95,Indiana,Xl,Purple,Winter,3.7,No,Express,0,No,5,Credit Card,Fortnightly,0,0,0,26,2470,4425.645888993296,High,0,Neutral,56+,0.4287314925970388,0,0.4523778918238682,1,0,Growth Prospects
1968,37,Male,Dress,Clothing,81,Georgia,L,Yellow,Fall,3.7,No,Standard,0,No,4,Venmo,Annually,0,0,0,1,81,130.36447090716212,Low,0,Neutral,36-45,0.22448979591836737,0,0.34669588468358237,0,0,Growth Prospects
1969,67,Male,Shirt,Clothing,70,Minnesota,S,Blue,Spring,4.2,No,Standard,0,No,25,Credit Card,Weekly,0,0,0,52,3640,11859.471398398195,Premium,0,Promoter,56+,0.7959183673469388,1,0.6952812977000355,1,1,Champions
1970,64,Male,Dress,Clothing,32,Louisiana,S,Cyan,Winter,3.5,No,Next Day Air,0,No,11,Bank Transfer,Fortnightly,0,0,0,26,832,2067.4423326236165,High,0,Neutral,56+,0.4777110844337735,0,0.37035615568496955,0,0,Growth Prospects
1971,28,Male,Belt,Accessories,94,Maryland,M,Indigo,Spring,2.9,No,Next Day Air,0,No,4,Credit Card,Bi-Weekly,0,0,0,26,2444,3933.466257988941,High,0,Detractor,26-35,0.42056822729091636,0,0.34426820069650965,0,0,Growth Prospects
1972,54,Male,Hat,Accessories,29,Pennsylvania,Xl,Indigo,Spring,3.4,No,Next Day Air,0,No,1,Venmo,Monthly,0,0,0,12,348,241.21521883486096,Low,0,Neutral,46-55,0.2862745098039216,0,0.31342327979317236,0,0,Growth Prospects
1973,54,Male,Backpack,Accessories,31,Louisiana,M,Silver,Summer,3.3,No,Express,0,No,48,Paypal,Every 3 Months,0,0,0,4,124,482.58571696571767,Low,0,Neutral,46-55,0.607202881152461,1,0.30736201027995974,0,0,At-Risk Loyalists
1974,24,Male,Skirt,Clothing,20,Maryland,Xl,Red,Fall,4.5,No,Standard,0,No,9,Venmo,Every 3 Months,0,0,0,4,80,184.2068074395237,Low,0,Promoter,18-25,0.28883553421368546,0,0.44402063285256216,1,0,Growth Prospects
1975,27,Male,Gloves,Accessories,44,Tennessee,M,Peach,Winter,4.6,No,2-Day Shipping,0,No,2,Paypal,Fortnightly,0,0,0,26,1144,1256.8124582363175,Mid,0,Promoter,26-35,0.4042416966786715,0,0.4824112478117854,1,0,Growth Prospects
1976,53,Male,Jacket,Outerwear,77,Illinois,L,Turquoise,Fall,2.9,No,Express,0,No,4,Cash,Quarterly,0,0,0,4,308,495.70687702970287,Low,0,Detractor,46-55,0.24801920768307323,0,0.25968484606104086,0,0,Growth Prospects
1977,32,Male,Handbag,Accessories,51,Wyoming,M,Pink,Spring,3.2,No,Next Day Air,0,No,43,Paypal,Fortnightly,0,0,0,26,1326,5017.835454575614,Premium,0,Neutral,26-35,0.7389355742296919,1,0.4069482484097608,0,0,Champions
1978,24,Male,Sandals,Footwear,49,Florida,M,Teal,Summer,2.6,No,Free Shipping,0,No,32,Bank Transfer,Annually,0,0,0,1,49,171.32887051185753,Low,0,Detractor,18-25,0.45306122448979597,0,0.2157037813846674,0,0,At-Risk Loyalists
1979,45,Male,Sunglasses,Accessories,78,Massachusetts,L,Magenta,Spring,3.8,No,Store Pickup,0,No,1,Cash,Quarterly,0,0,0,4,312,216.26192033470292,Low,0,Neutral,36-45,0.2235294117647059,0,0.3608093235901717,0,0,Growth Prospects
1980,49,Male,Jeans,Clothing,98,Tennessee,L,Blue,Spring,2.8,No,Store Pickup,0,No,38,Debit Card,Fortnightly,0,0,0,26,2548,9334.755074338338,Premium,0,Detractor,46-55,0.6981192476990796,1,0.465162646413765,1,1,Champions
1981,51,Male,Sandals,Footwear,94,Iowa,M,Green,Winter,4.4,No,Store Pickup,0,No,25,Paypal,Fortnightly,0,0,0,26,2444,7962.787938924503,Premium,0,Promoter,46-55,0.5919967987194878,1,0.6234064785430118,1,1,Champions
1982,69,Male,Shoes,Footwear,91,Michigan,L,Violet,Summer,4.7,No,Express,0,No,42,Paypal,Quarterly,0,0,0,4,364,1369.0768421124567,Mid,0,Promoter,56+,0.5582232893157264,1,0.4971734243174833,1,1,At-Risk Loyalists
1983,41,Male,Sunglasses,Accessories,77,Kansas,M,Turquoise,Summer,2.7,No,2-Day Shipping,0,No,32,Paypal,Monthly,0,0,0,12,924,3230.772986795028,High,0,Detractor,36-45,0.5393357342937175,0,0.3029789877031419,0,0,Growth Prospects
1984,59,Male,Scarf,Accessories,97,Georgia,M,Pink,Summer,2.6,No,Next Day Air,0,No,21,Debit Card,Quarterly,0,0,0,4,388,1199.3244719030267,Mid,0,Detractor,56+,0.3867947178871549,0,0.240996801308566,0,0,Growth Prospects
1985,26,Male,Skirt,Clothing,58,West Virginia,M,Black,Summer,3.4,No,2-Day Shipping,0,No,26,Paypal,Fortnightly,0,0,0,26,1508,4970.121993934528,Premium,0,Neutral,26-35,0.6001600640256102,1,0.42977429639187276,1,1,Champions
1986,23,Male,Gloves,Accessories,97,Tennessee,M,Gold,Spring,3.9,No,2-Day Shipping,0,No,6,Credit Card,Fortnightly,0,0,0,26,2522,4907.5853959175,Premium,0,Neutral,18-25,0.4368947579031613,0,0.488235632785261,1,0,Champions
1987,62,Male,Coat,Outerwear,48,Arkansas,L,Green,Summer,3.4,No,2-Day Shipping,0,No,14,Venmo,Quarterly,0,0,0,4,192,519.9456386116243,Low,0,Neutral,56+,0.32965186074429775,0,0.32028122164746603,0,0,Growth Prospects
1988,69,Male,Belt,Accessories,23,Vermont,Xl,White,Summer,3.4,No,Express,0,No,4,Cash,Quarterly,0,0,0,4,92,148.06828794393724,Low,0,Neutral,56+,0.24801920768307323,0,0.3111314731203755,0,0,Growth Prospects
1989,46,Male,Pants,Clothing,79,Virginia,M,Gold,Winter,3.9,No,Free Shipping,0,No,26,Bank Transfer,Weekly,0,0,0,52,4108,13539.297845545783,Premium,0,Neutral,46-55,0.8040816326530613,1,0.7006121008074588,1,1,Champions
1990,35,Male,Jewelry,Accessories,42,Maryland,S,Charcoal,Spring,4.0,No,Express,0,No,39,Paypal,Bi-Weekly,0,0,0,26,1092,4028.2563638924184,High,0,Promoter,26-35,0.7062825130052022,1,0.47860043639281086,1,1,Growth Prospects
1991,32,Male,Backpack,Accessories,95,Connecticut,L,White,Spring,3.4,No,2-Day Shipping,0,No,15,Paypal,Annually,0,0,0,1,95,263.3959286127792,Low,0,Neutral,26-35,0.3142857142857143,0,0.31396901864028404,0,0,Growth Prospects
1992,46,Male,Sneakers,Footwear,29,Missouri,M,Brown,Summer,3.7,No,Next Day Air,0,No,1,Venmo,Every 3 Months,0,0,0,4,116,80.40507294495366,Low,0,Neutral,46-55,0.2235294117647059,0,0.34546667315161267,0,0,Growth Prospects
1993,33,Male,Hoodie,Clothing,98,New Jersey,L,Gold,Winter,4.9,No,2-Day Shipping,0,No,28,Venmo,Monthly,0,0,0,12,1176,3959.939896064094,High,0,Promoter,26-35,0.5066826730692278,0,0.5849195636540815,1,0,Growth Prospects
1994,32,Male,Blouse,Clothing,96,Arkansas,S,Purple,Spring,5.0,No,Express,0,No,17,Cash,Weekly,0,0,0,52,4992,14428.735815417653,Premium,0,Promoter,26-35,0.7306122448979593,1,0.8544960196322056,1,1,Champions
1995,33,Male,Sunglasses,Accessories,66,Nevada,M,Brown,Fall,2.9,No,Next Day Air,0,No,24,Credit Card,Weekly,0,0,0,52,3432,11047.181830947664,Premium,0,Detractor,26-35,0.7877551020408164,1,0.519295554389755,1,1,Champions
1996,67,Male,Boots,Footwear,80,Missouri,S,Teal,Spring,3.0,No,Standard,0,No,29,Debit Card,Quarterly,0,0,0,4,320,1088.3831621318898,Mid,0,Neutral,56+,0.45210084033613446,0,0.2862671779963384,0,0,Growth Prospects
1997,67,Male,Sneakers,Footwear,27,South Dakota,L,Indigo,Summer,3.3,No,Next Day Air,0,No,18,Cash,Every 3 Months,0,0,0,4,108,317.99940974997554,Low,0,Neutral,56+,0.3623049219687875,0,0.3033124941711602,0,0,Growth Prospects
1998,42,Male,Backpack,Accessories,25,Connecticut,M,Purple,Fall,4.7,No,Express,0,No,10,Debit Card,Bi-Weekly,0,0,0,26,650,1558.6319273189408,High,0,Promoter,36-45,0.4695478191276511,0,0.5018372774899246,1,0,Growth Prospects
1999,20,Male,Pants,Clothing,45,Vermont,M,Orange,Fall,3.4,No,2-Day Shipping,0,No,19,Cash,Quarterly,0,0,0,4,180,539.2318092397184,Mid,0,Neutral,18-25,0.37046818727491,0,0.32075574264472706,0,0,Growth Prospects
2000,39,Male,Socks,Clothing,89,Tennessee,L,Indigo,Winter,4.6,No,2-Day Shipping,0,No,26,Debit Card,Monthly,0,0,0,12,1068,3519.9537728926234,High,0,Promoter,36-45,0.49035614245698284,0,0.5380940525676966,1,0,Growth Prospects
2001,26,Male,Belt,Accessories,27,California,M,Lavender,Winter,3.6,No,2-Day Shipping,0,No,25,Cash,Bi-Weekly,0,0,0,26,702,2287.1837696910807,High,0,Neutral,26-35,0.5919967987194878,1,0.38776272020560765,0,0,Growth Prospects
2002,51,Male,Sunglasses,Accessories,90,Wyoming,S,Purple,Winter,2.6,No,Free Shipping,0,No,2,Debit Card,Fortnightly,0,0,0,26,2340,2570.752755483377,High,0,Detractor,46-55,0.4042416966786715,0,0.27473971115550866,0,0,Growth Prospects
2003,31,Male,Shirt,Clothing,65,New York,M,Red,Summer,2.7,No,Express,0,No,19,Paypal,Every 3 Months,0,0,0,4,260,778.8903911240376,Mid,0,Detractor,26-35,0.37046818727491,0,0.24265235278423564,0,0,Growth Prospects
2004,68,Male,Sneakers,Footwear,72,Maine,S,Blue,Spring,3.1,No,Express,0,No,32,Cash,Quarterly,0,0,0,4,288,1006.9941777023463,Mid,0,Neutral,56+,0.4765906362545019,0,0.29626466631051357,0,0,At-Risk Loyalists
2005,44,Male,Shoes,Footwear,70,Georgia,L,Blue,Fall,3.2,No,2-Day Shipping,0,No,13,Cash,Bi-Weekly,0,0,0,26,1820,4803.08433989977,Premium,0,Neutral,36-45,0.49403761504601845,0,0.40166446683051577,0,0,Champions
2006,18,Male,Sandals,Footwear,82,Tennessee,M,Cyan,Winter,3.4,No,Store Pickup,0,No,30,Paypal,Fortnightly,0,0,0,26,2132,7321.260719962332,Premium,0,Neutral,18-25,0.6328131252501001,1,0.4876222079595824,1,1,Champions
2007,58,Male,Scarf,Accessories,97,New Mexico,S,Pink,Fall,4.4,No,Express,0,No,2,Credit Card,Annually,0,0,0,1,97,106.56539200080665,Low,0,Promoter,56+,0.20816326530612245,0,0.4301103271421549,1,0,Growth Prospects
2008,26,Male,Shirt,Clothing,25,Virginia,M,Silver,Summer,3.2,No,2-Day Shipping,0,No,8,Paypal,Quarterly,0,0,0,4,100,219.72245773362195,Low,0,Neutral,26-35,0.280672268907563,0,0.2888944673799504,0,0,Growth Prospects
2009,57,Male,Skirt,Clothing,48,Florida,M,Gray,Spring,2.5,No,Free Shipping,0,No,27,Paypal,Every 3 Months,0,0,0,4,192,639.7832659536391,Mid,0,Detractor,56+,0.4357743097238896,0,0.21522973182775518,0,0,Growth Prospects
2010,37,Male,Boots,Footwear,99,Alabama,M,Indigo,Summer,3.8,No,Next Day Air,0,No,26,Venmo,Bi-Weekly,0,0,0,26,2574,8483.484093095143,Premium,0,Neutral,36-45,0.6001600640256102,1,0.564217796202263,1,1,Champions
2011,24,Male,Sweater,Clothing,21,Texas,M,Maroon,Summer,4.4,No,2-Day Shipping,0,No,3,Debit Card,Bi-Weekly,0,0,0,26,546,756.9167211714603,Mid,0,Promoter,18-25,0.4124049619847939,0,0.44611170798851907,1,0,Growth Prospects
2012,57,Male,Sandals,Footwear,94,West Virginia,M,Beige,Spring,3.7,No,Express,0,No,4,Bank Transfer,Monthly,0,0,0,12,1128,1815.445965225665,High,0,Neutral,56+,0.31076430572228897,0,0.38815598407652985,0,0,Growth Prospects
2013,48,Male,Jeans,Clothing,53,Nevada,L,Green,Fall,3.2,No,Store Pickup,0,No,5,Cash,Fortnightly,0,0,0,26,1378,2469.0445485962596,High,0,Neutral,46-55,0.4287314925970388,0,0.3442372610479999,0,0,Growth Prospects
2014,39,Male,Backpack,Accessories,70,Virginia,M,Peach,Winter,4.9,No,Standard,0,No,25,Debit Card,Quarterly,0,0,0,4,280,912.267030646015,Mid,0,Promoter,36-45,0.41944777911164466,0,0.5099339796669253,1,0,Growth Prospects
2015,51,Male,Skirt,Clothing,26,Wisconsin,L,Black,Summer,3.9,No,Standard,0,No,47,Paypal,Bi-Weekly,0,0,0,26,676,2616.9318833737343,High,0,Neutral,46-55,0.7715886354541817,1,0.43187591212778753,1,1,Growth Prospects
2016,57,Male,Belt,Accessories,82,Virginia,S,Pink,Summer,4.5,No,Next Day Air,0,No,8,Credit Card,Fortnightly,0,0,0,26,2132,4684.48279888082,Premium,0,Promoter,56+,0.45322128851540616,0,0.5547463695780199,1,0,Champions
2017,53,Male,Shoes,Footwear,47,Maine,S,Violet,Winter,3.4,No,Standard,0,No,20,Debit Card,Fortnightly,0,0,0,26,1222,3720.406418898023,High,0,Neutral,46-55,0.5511804721888756,1,0.3990260316173653,0,0,Growth Prospects
2018,70,Male,Socks,Clothing,32,Massachusetts,S,Green,Winter,4.1,No,Next Day Air,0,No,42,Bank Transfer,Every 3 Months,0,0,0,4,128,481.433614808776,Low,0,Promoter,56+,0.5582232893157264,1,0.40333366371624835,0,0,At-Risk Loyalists
2019,60,Male,Backpack,Accessories,97,Arkansas,S,Gold,Fall,4.5,No,Store Pickup,0,No,20,Bank Transfer,Weekly,0,0,0,52,5044,15356.571175876945,Premium,0,Promoter,56+,0.7551020408163265,1,0.8173246759284349,1,1,Champions
2020,31,Male,Shirt,Clothing,68,Idaho,S,Red,Winter,4.7,No,Store Pickup,0,No,23,Cash,Fortnightly,0,0,0,26,1768,5618.799172055168,Premium,0,Promoter,26-35,0.575670268107243,1,0.6017344860737939,1,1,Champions
2021,41,Male,Sweater,Clothing,23,Pennsylvania,M,Beige,Winter,4.8,No,Next Day Air,0,No,26,Cash,Quarterly,0,0,0,4,92,303.2169916723983,Low,0,Promoter,36-45,0.4276110444177671,0,0.48294878444861505,1,0,Growth Prospects
2022,62,Male,Handbag,Accessories,33,Maine,M,Green,Winter,4.4,No,Standard,0,No,48,Venmo,Quarterly,0,0,0,4,132,513.7202793506027,Low,0,Promoter,56+,0.607202881152461,1,0.44012805159925833,1,1,At-Risk Loyalists
2023,59,Male,Jewelry,Accessories,38,Alabama,S,Black,Winter,4.0,No,Store Pickup,0,No,16,Cash,Bi-Weekly,0,0,0,26,988,2799.2147839275417,High,0,Promoter,56+,0.5185274109643858,0,0.44836083893997836,1,0,Growth Prospects
2024,46,Male,Socks,Clothing,68,Idaho,S,Teal,Winter,4.1,No,Store Pickup,0,No,28,Cash,Bi-Weekly,0,0,0,26,1768,5953.3790274160865,Premium,0,Promoter,46-55,0.616486594637855,1,0.5379665591841523,1,1,Champions
2025,62,Male,Socks,Clothing,23,Arkansas,L,Silver,Fall,3.7,No,Express,0,No,39,Paypal,Weekly,0,0,0,52,1196,4411.899827120268,High,0,Neutral,56+,0.9102040816326531,1,0.452039680827285,1,1,Growth Prospects
2026,42,Male,Shirt,Clothing,29,Delaware,M,Turquoise,Summer,3.0,No,Express,0,No,43,Debit Card,Fortnightly,0,0,0,26,754,2853.2789839743687,High,0,Neutral,36-45,0.7389355742296919,1,0.32969104588551734,0,0,Growth Prospects
2027,37,Male,Scarf,Accessories,35,Maine,M,Orange,Winter,3.6,No,Express,0,No,45,Bank Transfer,Every 3 Months,0,0,0,4,140,536.0097955084733,Mid,0,Neutral,36-45,0.5827130852340936,1,0.34467646754142006,0,0,At-Risk Loyalists
2028,50,Male,Shoes,Footwear,73,Nebraska,S,Gold,Fall,4.8,No,Standard,0,No,50,Credit Card,Every 3 Months,0,0,0,4,292,1148.093084755503,Mid,0,Promoter,46-55,0.6235294117647059,1,0.5037362934872311,1,1,At-Risk Loyalists
2029,29,Male,Shoes,Footwear,84,Ohio,Xl,Purple,Fall,3.7,No,2-Day Shipping,0,No,10,Venmo,Bi-Weekly,0,0,0,26,2184,5237.0032757916415,Premium,0,Neutral,26-35,0.4695478191276511,0,0.4723406995653811,1,0,Champions
2030,25,Male,Scarf,Accessories,23,Montana,M,Pink,Spring,4.6,No,Next Day Air,0,No,40,Paypal,Quarterly,0,0,0,4,92,341.6486301367963,Low,0,Promoter,18-25,0.5418967587034815,0,0.4598943645620636,1,0,At-Risk Loyalists
2031,66,Male,Sunglasses,Accessories,67,New Mexico,S,Green,Summer,2.8,No,Standard,0,No,38,Credit Card,Monthly,0,0,0,12,804,2945.5035634882356,High,0,Detractor,56+,0.5883153261304522,1,0.3079601588310987,0,0,Growth Prospects
2032,21,Male,Socks,Clothing,51,North Carolina,L,Charcoal,Spring,4.0,No,Standard,0,No,2,Credit Card,Monthly,0,0,0,12,612,672.3507206648832,Mid,0,Promoter,18-25,0.29443777511004404,0,0.39603102833113263,0,0,Growth Prospects
2033,46,Male,Blouse,Clothing,36,South Carolina,M,Maroon,Winter,4.2,No,Next Day Air,0,No,13,Cash,Annually,0,0,0,1,36,95.0060638661493,Low,0,Promoter,46-55,0.2979591836734694,0,0.4058259190022551,0,0,Growth Prospects
2034,57,Male,Jeans,Clothing,55,Illinois,L,Olive,Summer,3.6,No,Express,0,No,33,Venmo,Annually,0,0,0,1,55,193.94982885388887,Low,0,Neutral,56+,0.46122448979591835,0,0.3362603522000176,0,0,At-Risk Loyalists
2035,61,Male,Shorts,Clothing,30,Alabama,M,Peach,Spring,2.9,No,Store Pickup,0,No,27,Paypal,Monthly,0,0,0,12,360,1199.5936236630735,Mid,0,Detractor,56+,0.49851940776310527,0,0.27700342357506225,0,0,Growth Prospects
2036,53,Male,T-Shirt,Clothing,70,Oklahoma,S,Yellow,Summer,4.1,No,Express,0,No,43,Bank Transfer,Weekly,0,0,0,52,3640,13774.450267462471,Premium,0,Promoter,46-55,0.9428571428571428,1,0.7303978404396547,1,1,Champions
2037,37,Male,Blouse,Clothing,63,Minnesota,S,Lavender,Winter,3.1,No,Next Day Air,0,No,46,Cash,Weekly,0,0,0,52,3276,12613.083543202152,Premium,0,Neutral,36-45,0.9673469387755103,1,0.5818233293659525,1,1,Champions
2038,39,Male,Belt,Accessories,87,Illinois,S,Green,Summer,4.3,No,Express,0,No,7,Venmo,Bi-Weekly,0,0,0,26,2262,4703.696767279788,Premium,0,Promoter,36-45,0.4450580232092837,0,0.5312191140964542,1,0,Champions
2039,53,Male,Blouse,Clothing,70,Arkansas,L,Orange,Spring,4.4,No,Next Day Air,0,No,35,Credit Card,Fortnightly,0,0,0,26,1820,6522.00446799012,Premium,0,Promoter,46-55,0.6736294517807122,1,0.587957139083727,1,1,Champions
2040,35,Male,T-Shirt,Clothing,51,Minnesota,M,Olive,Spring,3.1,No,Next Day Air,0,No,31,Debit Card,Bi-Weekly,0,0,0,26,1326,4595.565807112437,High,0,Neutral,26-35,0.6409763905562225,1,0.3845586372167848,0,0,Growth Prospects
2041,69,Male,Jewelry,Accessories,25,South Carolina,Xl,Gray,Spring,2.9,No,Free Shipping,0,No,42,Venmo,Quarterly,0,0,0,4,100,376.1200115693562,Low,0,Detractor,56+,0.5582232893157264,1,0.2567425056788137,0,0,At-Risk Loyalists
2042,66,Male,Jacket,Outerwear,32,New York,S,Lavender,Winter,3.2,No,Next Day Air,0,No,14,Paypal,Bi-Weekly,0,0,0,26,832,2253.0977673170387,High,0,Neutral,56+,0.5022008803521409,0,0.3389240610362435,0,0,Growth Prospects
2043,19,Male,Shoes,Footwear,52,Alabama,M,Red,Spring,4.0,No,2-Day Shipping,0,No,35,Venmo,Monthly,0,0,0,12,624,2236.1158175966125,High,0,Promoter,18-25,0.5638255302120849,1,0.4345062335746822,1,1,Growth Prospects
2044,47,Male,Gloves,Accessories,33,New York,M,Charcoal,Summer,2.7,No,Standard,0,No,49,Paypal,Weekly,0,0,0,52,1716,6713.031477314698,Premium,0,Detractor,46-55,0.9918367346938777,1,0.388657207786658,0,0,Champions
2045,49,Male,Jeans,Clothing,68,Missouri,L,Orange,Spring,3.0,No,Free Shipping,0,No,17,Paypal,Fortnightly,0,0,0,26,1768,5110.177267960419,Premium,0,Neutral,46-55,0.5266906762705081,0,0.3852202458021524,0,0,Champions
2046,31,Male,Jewelry,Accessories,20,Georgia,M,Red,Fall,4.4,No,Express,0,No,26,Paypal,Quarterly,0,0,0,4,80,263.66694928034633,Low,0,Promoter,26-35,0.4276110444177671,0,0.43397568688977395,1,0,Growth Prospects
2047,39,Male,Pants,Clothing,32,Oklahoma,M,Maroon,Winter,2.8,No,Free Shipping,0,No,30,Cash,Every 3 Months,0,0,0,4,128,439.5503621740987,Low,0,Detractor,36-45,0.4602641056422569,0,0.24630315936201475,0,0,At-Risk Loyalists
2048,58,Male,Jewelry,Accessories,82,Connecticut,M,Silver,Summer,3.1,No,Store Pickup,0,No,32,Cash,Annually,0,0,0,1,82,286.7136200402514,Low,0,Neutral,56+,0.45306122448979597,0,0.27854273202296415,0,0,At-Risk Loyalists
2049,45,Male,Sneakers,Footwear,64,Michigan,Xl,Pink,Winter,3.9,No,Express,0,No,35,Bank Transfer,Quarterly,0,0,0,4,256,917.3808482447641,Mid,0,Neutral,36-45,0.5010804321728692,0,0.39005980111036076,0,0,At-Risk Loyalists
2050,68,Male,Boots,Footwear,24,Rhode Island,L,Blue,Fall,2.7,No,Standard,0,No,15,Venmo,Annually,0,0,0,1,24,66.54212933375474,Low,0,Detractor,56+,0.3142857142857143,0,0.22512558637216787,0,0,Growth Prospects
2051,35,Male,Hat,Accessories,96,Mississippi,M,Teal,Summer,3.4,No,Store Pickup,0,No,10,Debit Card,Annually,0,0,0,1,96,230.19794618864358,Low,0,Neutral,26-35,0.27346938775510204,0,0.3131522085004833,0,0,Growth Prospects
2052,65,Male,T-Shirt,Clothing,94,Massachusetts,L,Black,Spring,3.8,No,Free Shipping,0,No,14,Credit Card,Monthly,0,0,0,12,1128,3054.680626843293,High,0,Neutral,56+,0.39239695878351344,0,0.430646374253553,1,0,Growth Prospects
2053,45,Male,Backpack,Accessories,48,New Hampshire,M,Gray,Winter,3.7,No,2-Day Shipping,0,No,30,Bank Transfer,Annually,0,0,0,1,48,164.83138581528704,Low,0,Neutral,36-45,0.43673469387755104,0,0.3475439159050261,0,0,At-Risk Loyalists
2054,19,Male,Sunglasses,Accessories,60,Wyoming,S,Purple,Spring,4.5,No,2-Day Shipping,0,No,16,Credit Card,Fortnightly,0,0,0,26,1560,4419.812816727697,High,0,Promoter,18-25,0.5185274109643858,0,0.5482343736873785,1,0,Growth Prospects
2055,65,Male,Sweater,Clothing,56,New Jersey,Xl,Gold,Spring,2.9,No,Express,0,No,14,Paypal,Annually,0,0,0,1,56,151.65081126172376,Low,0,Detractor,56+,0.30612244897959184,0,0.25121961827735084,0,0,Growth Prospects
2056,28,Male,Handbag,Accessories,33,Texas,M,Silver,Fall,3.4,No,2-Day Shipping,0,No,28,Bank Transfer,Weekly,0,0,0,52,1716,5778.27964425679,Premium,0,Neutral,26-35,0.8204081632653062,1,0.4496583771443487,1,1,Champions
2057,55,Male,Backpack,Accessories,46,Minnesota,L,Blue,Spring,4.4,No,2-Day Shipping,0,No,29,Paypal,Monthly,0,0,0,12,552,1877.4609546775098,High,0,Promoter,46-55,0.5148459383753501,0,0.47368181391632996,1,0,Growth Prospects
2058,66,Male,Socks,Clothing,37,South Dakota,L,Yellow,Spring,4.2,No,Standard,0,No,5,Paypal,Every 3 Months,0,0,0,4,148,265.1804014457521,Low,0,Promoter,56+,0.25618247298919566,0,0.4100129241850714,0,0,Growth Prospects
2059,29,Male,Shirt,Clothing,98,Washington,M,Brown,Winter,3.3,No,Store Pickup,0,No,17,Bank Transfer,Quarterly,0,0,0,4,392,1133.0257290952966,Mid,0,Neutral,26-35,0.35414165666266506,0,0.32336557310049185,0,0,Growth Prospects
2060,56,Male,Shorts,Clothing,50,California,Xl,Beige,Spring,3.7,No,Express,0,No,50,Paypal,Weekly,0,0,0,52,2600,10222.746645083247,Premium,0,Neutral,56+,1.0,1,0.5950109777302709,1,1,Champions
2061,21,Male,Belt,Accessories,63,Wisconsin,M,Blue,Fall,3.2,No,Next Day Air,0,No,23,Bank Transfer,Quarterly,0,0,0,4,252,800.8695652476823,Mid,0,Neutral,18-25,0.4031212484993998,0,0.3031931330057345,0,0,Growth Prospects
2062,32,Male,Sweater,Clothing,70,Michigan,S,Magenta,Summer,2.6,No,Store Pickup,0,No,22,Debit Card,Annually,0,0,0,1,70,219.48459511504046,Low,0,Detractor,26-35,0.37142857142857144,0,0.21688861495806963,0,0,Growth Prospects
2063,54,Male,Coat,Outerwear,63,South Carolina,L,Silver,Fall,2.8,No,Standard,0,No,15,Cash,Quarterly,0,0,0,4,252,698.6923580044248,Mid,0,Detractor,46-55,0.3378151260504202,0,0.2526791435148508,0,0,Growth Prospects
2064,61,Male,Shorts,Clothing,86,Indiana,M,Cyan,Fall,2.9,No,Standard,0,No,32,Cash,Monthly,0,0,0,12,1032,3608.3958034334078,High,0,Detractor,56+,0.5393357342937175,0,0.3362700988830222,0,0,Growth Prospects
2065,31,Male,Shoes,Footwear,99,Arkansas,M,Green,Summer,4.0,No,2-Day Shipping,0,No,5,Bank Transfer,Monthly,0,0,0,12,1188,2128.610249442929,High,0,Promoter,26-35,0.3189275710284114,0,0.43186114397161257,1,0,Growth Prospects
2066,27,Male,Sneakers,Footwear,40,Oregon,M,Blue,Spring,2.9,No,Free Shipping,0,No,6,Bank Transfer,Bi-Weekly,0,0,0,26,1040,2023.7465550175257,High,0,Detractor,26-35,0.4368947579031613,0,0.2972810555852362,0,0,Growth Prospects
2067,64,Male,Sneakers,Footwear,92,Illinois,M,Olive,Fall,4.7,No,Store Pickup,0,No,44,Debit Card,Fortnightly,0,0,0,26,2392,9105.536675530604,Premium,0,Promoter,56+,0.7470988395358142,1,0.6875229087338349,1,1,Champions
2068,60,Male,Pants,Clothing,21,Maryland,Xl,Beige,Fall,3.1,No,2-Day Shipping,0,No,23,Cash,Fortnightly,0,0,0,26,546,1735.2173913699785,High,0,Neutral,56+,0.575670268107243,1,0.3141820233764532,0,0,Growth Prospects
2069,70,Male,Jewelry,Accessories,81,Vermont,Xl,Black,Summer,3.9,No,Store Pickup,0,No,44,Venmo,Monthly,0,0,0,12,972,3700.075940056751,High,0,Neutral,56+,0.637294917967187,1,0.45852581624125005,1,1,Growth Prospects
2070,36,Male,T-Shirt,Clothing,82,Texas,M,Indigo,Fall,3.4,No,Free Shipping,0,No,3,Debit Card,Quarterly,0,0,0,4,328,454.7045504473241,Low,0,Neutral,36-45,0.2398559423769508,0,0.31867601619662234,0,0,Growth Prospects
2071,56,Male,Jewelry,Accessories,88,Nebraska,Xl,Red,Spring,3.1,No,Express,0,No,14,Cash,Monthly,0,0,0,12,1056,2859.701012363934,High,0,Neutral,56+,0.39239695878351344,0,0.3418490548223156,0,0,Growth Prospects
2072,69,Male,Jacket,Outerwear,100,South Carolina,S,Yellow,Fall,4.8,No,Store Pickup,0,No,37,Paypal,Quarterly,0,0,0,4,400,1455.0344638905542,Mid,0,Promoter,56+,0.5174069627851141,0,0.5112883437172376,1,0,At-Risk Loyalists
2073,39,Male,Backpack,Accessories,66,Massachusetts,M,Beige,Winter,3.9,No,Next Day Air,0,No,22,Bank Transfer,Weekly,0,0,0,52,3432,10761.016149068842,Premium,0,Neutral,36-45,0.7714285714285714,1,0.6322546737833575,1,1,Champions
2074,38,Male,Belt,Accessories,25,Texas,S,Green,Winter,3.5,No,Next Day Air,0,No,2,Paypal,Every 3 Months,0,0,0,4,100,109.86122886681098,Low,0,Neutral,36-45,0.23169267707082836,0,0.3221914186053916,0,0,Growth Prospects
2075,36,Male,Scarf,Accessories,53,Florida,M,White,Summer,3.1,No,Free Shipping,0,No,44,Debit Card,Fortnightly,0,0,0,26,1378,5245.580910903501,Premium,0,Neutral,36-45,0.7470988395358142,1,0.4005517455032145,0,0,Champions
2076,46,Male,Sweater,Clothing,28,South Carolina,S,Turquoise,Fall,4.7,No,Express,0,No,49,Debit Card,Monthly,0,0,0,12,336,1314.439729823857,Mid,0,Promoter,46-55,0.6781112444977992,1,0.4958291213186867,1,1,At-Risk Loyalists
2077,59,Male,Gloves,Accessories,23,Florida,S,Indigo,Fall,4.6,No,Free Shipping,0,No,22,Debit Card,Bi-Weekly,0,0,0,26,598,1875.0255411256314,High,0,Promoter,56+,0.5675070028011204,1,0.4976218924892272,1,1,Growth Prospects
2078,64,Male,Scarf,Accessories,34,Nebraska,L,Orange,Fall,3.3,No,Free Shipping,0,No,26,Bank Transfer,Annually,0,0,0,1,34,112.05845344414719,Low,0,Neutral,56+,0.40408163265306124,0,0.29824547958088277,0,0,Growth Prospects
2079,49,Male,Dress,Clothing,42,Hawaii,M,Blue,Spring,3.2,No,Next Day Air,0,No,40,Debit Card,Weekly,0,0,0,52,2184,8110.441393682208,Premium,0,Neutral,46-55,0.9183673469387756,1,0.4830393751896172,1,1,Champions
2080,32,Male,Jeans,Clothing,24,Montana,L,Violet,Summer,3.1,No,Next Day Air,0,No,16,Paypal,Quarterly,0,0,0,4,96,271.9884810293968,Low,0,Neutral,26-35,0.3459783913565426,0,0.2781804316066202,0,0,Growth Prospects
2081,29,Male,Sunglasses,Accessories,47,South Dakota,S,Gray,Fall,3.5,No,Free Shipping,0,No,17,Debit Card,Bi-Weekly,0,0,0,26,1222,3532.034288149113,High,0,Neutral,26-35,0.5266906762705081,0,0.4063912841051272,0,0,Growth Prospects
2082,24,Male,Coat,Outerwear,78,Alabama,S,Cyan,Spring,4.3,No,Standard,0,No,48,Bank Transfer,Bi-Weekly,0,0,0,26,2028,7892.61156456835,Premium,0,Promoter,18-25,0.7797519007603042,1,0.609679844273006,1,1,Champions
2083,41,Male,Jeans,Clothing,89,Arkansas,M,Yellow,Summer,2.9,No,Free Shipping,0,No,28,Venmo,Every 3 Months,0,0,0,4,356,1198.757315475185,Mid,0,Detractor,36-45,0.44393757503001197,0,0.2769828468725645,0,0,Growth Prospects
2084,41,Male,Scarf,Accessories,59,Mississippi,L,Orange,Fall,2.7,No,Store Pickup,0,No,26,Credit Card,Fortnightly,0,0,0,26,1534,5055.813752450641,Premium,0,Detractor,36-45,0.6001600640256102,1,0.34788267443602866,0,0,Champions
2085,32,Male,Blouse,Clothing,94,Vermont,S,Brown,Summer,4.0,No,Standard,0,No,43,Bank Transfer,Quarterly,0,0,0,4,376,1422.855302353266,Mid,0,Promoter,26-35,0.5663865546218487,1,0.41449660086075507,0,0,At-Risk Loyalists
2086,69,Male,Jeans,Clothing,49,New York,M,Teal,Fall,4.6,No,Free Shipping,0,No,38,Debit Card,Weekly,0,0,0,52,2548,9334.755074338338,Premium,0,Promoter,56+,0.9020408163265305,1,0.681162646413765,1,1,Champions
2087,65,Male,Dress,Clothing,89,North Dakota,L,Beige,Summer,4.7,No,2-Day Shipping,0,No,36,Cash,Every 3 Months,0,0,0,4,356,1285.4867769013438,Mid,0,Promoter,56+,0.5092436974789916,0,0.49511675677730754,1,0,At-Risk Loyalists
2088,54,Male,Hat,Accessories,91,Wisconsin,M,Blue,Summer,4.7,No,Standard,0,No,1,Credit Card,Weekly,0,0,0,52,4732,3279.972458409661,High,0,Promoter,46-55,0.6000000000000001,1,0.5441895018474731,1,1,Growth Prospects
2089,39,Male,Sandals,Footwear,89,California,L,Orange,Spring,4.0,No,Standard,0,No,49,Debit Card,Annually,0,0,0,1,89,348.170047483105,Low,0,Promoter,36-45,0.5918367346938775,1,0.38805481888565124,0,0,At-Risk Loyalists
2090,37,Male,Jacket,Outerwear,57,Maryland,L,Gold,Spring,3.6,No,Free Shipping,0,No,41,Credit Card,Every 3 Months,0,0,0,4,228,852.188672968608,Mid,0,Neutral,36-45,0.5500600240096039,1,0.35245579912250147,0,0,At-Risk Loyalists
2091,51,Male,Socks,Clothing,71,Massachusetts,S,Teal,Winter,3.4,No,Free Shipping,0,No,21,Debit Card,Monthly,0,0,0,12,852,2633.568170261285,High,0,Neutral,46-55,0.4495398159263706,0,0.3722852348283293,0,0,Growth Prospects
2092,26,Male,Jeans,Clothing,97,Washington,Xl,Beige,Fall,3.0,No,Next Day Air,0,No,24,Bank Transfer,Quarterly,0,0,0,4,388,1248.923820048862,Mid,0,Neutral,26-35,0.4112845138055222,0,0.29021715409914917,0,0,Growth Prospects
2093,42,Male,Sandals,Footwear,45,Minnesota,M,Silver,Fall,2.6,No,Next Day Air,0,No,27,Bank Transfer,Weekly,0,0,0,52,2340,7797.358553809977,Premium,0,Detractor,36-45,0.8122448979591836,1,0.4033362191683242,0,0,Champions
2094,21,Male,Dress,Clothing,91,Washington,M,Maroon,Spring,4.2,No,Store Pickup,0,No,4,Debit Card,Annually,0,0,0,1,91,146.45885003150312,Low,0,Promoter,18-25,0.22448979591836737,0,0.4070918741715761,0,0,Growth Prospects
2095,53,Male,Socks,Clothing,25,South Carolina,M,Indigo,Spring,3.4,No,Standard,0,No,19,Venmo,Annually,0,0,0,1,25,74.89330683884977,Low,0,Neutral,46-55,0.34693877551020413,0,0.3093310604994292,0,0,Growth Prospects
2096,36,Male,Hoodie,Clothing,63,New Mexico,M,Gray,Fall,4.0,No,Store Pickup,0,No,1,Bank Transfer,Fortnightly,0,0,0,26,1638,1135.3750817571904,Mid,0,Promoter,36-45,0.39607843137254906,0,0.4074233770673621,0,0,Growth Prospects
2097,21,Male,Dress,Clothing,52,North Carolina,L,Blue,Summer,4.7,No,Free Shipping,0,No,27,Debit Card,Annually,0,0,0,1,52,173.27463452911059,Low,0,Promoter,18-25,0.41224489795918373,0,0.46775165537166596,1,0,Growth Prospects
2098,33,Male,Sneakers,Footwear,43,Iowa,S,Cyan,Winter,3.9,No,Next Day Air,0,No,5,Credit Card,Weekly,0,0,0,52,2236,4006.374173193931,High,0,Neutral,26-35,0.6326530612244898,1,0.46606204237189636,1,1,Growth Prospects
2099,49,Male,T-Shirt,Clothing,28,Louisiana,M,White,Summer,3.3,No,2-Day Shipping,0,No,20,Venmo,Quarterly,0,0,0,4,112,340.9865130250234,Low,0,Neutral,46-55,0.3786314525810324,0,0.30387807369342823,0,0,Growth Prospects
2100,31,Male,T-Shirt,Clothing,78,Oklahoma,L,Green,Summer,2.9,No,Express,0,No,50,Paypal,Annually,0,0,0,1,78,306.6823993524974,Low,0,Detractor,26-35,0.6000000000000001,1,0.25503404806781593,0,0,At-Risk Loyalists
2101,68,Male,Sweater,Clothing,31,Michigan,M,Silver,Spring,4.4,No,Free Shipping,0,No,36,Cash,Fortnightly,0,0,0,26,806,2910.3998375912447,High,0,Promoter,56+,0.6817927170868348,1,0.49909645937818853,1,1,Growth Prospects
2102,49,Male,Shirt,Clothing,23,Oregon,M,Blue,Winter,3.6,No,Next Day Air,0,No,12,Bank Transfer,Bi-Weekly,0,0,0,26,598,1533.839715761999,Mid,0,Neutral,46-55,0.48587434973989596,0,0.36922728470394506,0,0,Growth Prospects
2103,23,Male,Hat,Accessories,25,Idaho,M,Brown,Spring,4.5,No,Store Pickup,0,No,23,Cash,Monthly,0,0,0,12,300,953.4161491043837,Mid,0,Promoter,18-25,0.4658663465386155,0,0.4629464212295253,1,0,Growth Prospects
2104,30,Male,Pants,Clothing,86,Indiana,S,Red,Summer,3.7,No,Store Pickup,0,No,21,Venmo,Weekly,0,0,0,52,4472,13823.14185141839,Premium,0,Neutral,26-35,0.763265306122449,1,0.6835958584092419,1,1,Champions
2105,53,Male,Shoes,Footwear,88,New Mexico,M,Gold,Spring,2.8,No,Free Shipping,0,No,47,Venmo,Weekly,0,0,0,52,4576,17714.61582591451,Premium,0,Detractor,46-55,0.9755102040816328,1,0.6713425023025263,1,1,Champions
2106,65,Male,Gloves,Accessories,35,South Carolina,M,Silver,Spring,4.5,No,Free Shipping,0,No,38,Venmo,Bi-Weekly,0,0,0,26,910,3333.8410979779783,High,0,Promoter,56+,0.6981192476990796,1,0.5215148971818799,1,1,Growth Prospects
2107,60,Male,Jewelry,Accessories,34,Vermont,M,Gray,Fall,4.4,No,Standard,0,No,40,Credit Card,Every 3 Months,0,0,0,4,136,505.0458010717859,Low,0,Promoter,56+,0.5418967587034815,0,0.4399146229117828,1,0,At-Risk Loyalists
2108,46,Male,Pants,Clothing,75,Delaware,M,Black,Winter,3.3,No,Standard,0,No,35,Paypal,Quarterly,0,0,0,4,300,1075.055681536833,Mid,0,Neutral,46-55,0.5010804321728692,0,0.32193926586152966,0,0,At-Risk Loyalists
2109,54,Male,Hoodie,Clothing,46,North Dakota,Xl,Beige,Winter,4.2,No,Express,0,No,4,Credit Card,Quarterly,0,0,0,4,184,296.13657588787447,Low,0,Promoter,46-55,0.24801920768307323,0,0.41077457640991816,0,0,Growth Prospects
2110,59,Male,Jewelry,Accessories,31,California,L,Peach,Fall,2.7,No,Free Shipping,0,No,28,Venmo,Every 3 Months,0,0,0,4,124,417.5446829183228,Low,0,Detractor,56+,0.44393757503001197,0,0.23376172700267198,0,0,Growth Prospects
2111,52,Male,Socks,Clothing,93,Montana,L,Cyan,Spring,3.9,No,Store Pickup,0,No,36,Debit Card,Every 3 Months,0,0,0,4,372,1343.2614635036514,Mid,0,Neutral,46-55,0.5092436974789916,0,0.4005382573142277,0,0,At-Risk Loyalists
2112,41,Male,Sunglasses,Accessories,85,Missouri,Xl,Pink,Spring,2.6,No,Free Shipping,0,No,15,Bank Transfer,Annually,0,0,0,1,85,235.67004139038139,Low,0,Detractor,36-45,0.3142857142857143,0,0.21728684508139445,0,0,Growth Prospects
2113,43,Male,Belt,Accessories,68,Tennessee,M,Lavender,Fall,4.5,No,2-Day Shipping,0,No,7,Cash,Fortnightly,0,0,0,26,1768,3676.45264568995,High,0,Promoter,36-45,0.4450580232092837,0,0.5299445837395944,1,0,Growth Prospects
2114,63,Male,Dress,Clothing,40,Virginia,M,Brown,Spring,2.7,No,Store Pickup,0,No,29,Paypal,Every 3 Months,0,0,0,4,160,544.1915810659449,Mid,0,Detractor,56+,0.45210084033613446,0,0.2368777739135856,0,0,Growth Prospects
2115,37,Male,Shirt,Clothing,51,Vermont,M,Magenta,Winter,2.9,No,Standard,0,No,12,Debit Card,Annually,0,0,0,1,51,130.8124172305384,Low,0,Detractor,36-45,0.28979591836734697,0,0.2507069060491083,0,0,Growth Prospects
2116,44,Male,Scarf,Accessories,85,Rhode Island,M,Violet,Winter,3.4,No,Store Pickup,0,No,16,Bank Transfer,Bi-Weekly,0,0,0,26,2210,6261.401490364237,Premium,0,Neutral,36-45,0.5185274109643858,0,0.46154520862760573,1,0,Champions
2117,67,Male,Jacket,Outerwear,23,Kansas,M,Teal,Summer,2.9,No,Express,0,No,50,Debit Card,Bi-Weekly,0,0,0,26,598,2351.231728369147,High,0,Detractor,56+,0.7960784313725491,1,0.30533856964770356,0,0,Growth Prospects
2118,27,Male,Dress,Clothing,28,Colorado,L,Brown,Summer,3.8,No,Free Shipping,0,No,11,Debit Card,Annually,0,0,0,1,28,69.577386194064,Low,0,Neutral,26-35,0.28163265306122454,0,0.3572002664701547,0,0,Growth Prospects
2119,60,Male,Socks,Clothing,44,Georgia,M,Olive,Fall,4.2,No,2-Day Shipping,0,No,28,Debit Card,Quarterly,0,0,0,4,176,592.6440660776194,Mid,0,Promoter,56+,0.44393757503001197,0,0.4180699090424755,0,0,Growth Prospects
2120,58,Male,Jewelry,Accessories,57,Nebraska,M,Indigo,Spring,3.5,No,Store Pickup,0,No,36,Venmo,Bi-Weekly,0,0,0,26,1482,5351.380346538741,Premium,0,Neutral,56+,0.6817927170868348,1,0.4511548570630674,1,1,Champions
2121,53,Male,Scarf,Accessories,98,Missouri,S,Red,Fall,3.1,No,Next Day Air,0,No,38,Paypal,Quarterly,0,0,0,4,392,1436.1161652828214,Mid,0,Neutral,46-55,0.5255702280912364,0,0.30682287392051466,0,0,At-Risk Loyalists
2122,43,Male,Backpack,Accessories,68,Alaska,M,Olive,Winter,3.5,No,2-Day Shipping,0,No,32,Bank Transfer,Monthly,0,0,0,12,816,2853.150170156648,High,0,Neutral,36-45,0.5393357342937175,0,0.3896878765232616,0,0,Growth Prospects
2123,32,Male,Jacket,Outerwear,36,Virginia,L,Teal,Fall,4.0,No,Express,0,No,42,Debit Card,Weekly,0,0,0,52,1872,7040.966616578349,Premium,0,Promoter,26-35,0.9346938775510205,1,0.5527257929050351,1,1,Champions
2124,54,Male,Coat,Outerwear,71,Nebraska,L,Cyan,Spring,3.7,No,Express,0,No,22,Debit Card,Bi-Weekly,0,0,0,26,1846,5788.122322605211,Premium,0,Neutral,46-55,0.5675070028011204,1,0.48590054847196357,1,1,Champions
2125,47,Male,Skirt,Clothing,60,Rhode Island,M,Teal,Fall,4.2,No,Next Day Air,0,No,22,Venmo,Quarterly,0,0,0,4,240,752.5186118229959,Mid,0,Promoter,46-55,0.39495798319327735,0,0.422003495981359,0,0,Growth Prospects
2126,57,Male,Coat,Outerwear,87,New Hampshire,M,Beige,Fall,4.8,No,Store Pickup,0,No,31,Paypal,Quarterly,0,0,0,4,348,1206.076094174305,Mid,0,Promoter,56+,0.4684273709483794,0,0.5051629196425306,1,0,At-Risk Loyalists
2127,63,Male,Shoes,Footwear,38,Alabama,Xl,Magenta,Winter,4.1,No,Express,0,No,28,Credit Card,Monthly,0,0,0,12,456,1535.4868984738323,Mid,0,Promoter,56+,0.5066826730692278,0,0.42926781233372513,1,0,Growth Prospects
2128,70,Male,Boots,Footwear,45,North Carolina,M,Indigo,Spring,4.5,No,2-Day Shipping,0,No,40,Debit Card,Weekly,0,0,0,52,2340,8689.758636088081,Premium,0,Promoter,56+,0.9183673469387756,1,0.6532930184295305,1,1,Champions
2129,62,Male,Coat,Outerwear,47,New Mexico,L,Cyan,Fall,2.7,No,2-Day Shipping,0,No,21,Paypal,Weekly,0,0,0,52,2444,7554.507756007724,Premium,0,Detractor,56+,0.763265306122449,1,0.4093610670771727,0,0,Champions
2130,40,Male,Skirt,Clothing,57,Minnesota,L,Orange,Fall,2.8,No,Store Pickup,0,No,12,Paypal,Every 3 Months,0,0,0,4,228,584.8084535012304,Mid,0,Detractor,36-45,0.3133253301320528,0,0.2498771199831231,0,0,Growth Prospects
2131,25,Male,Backpack,Accessories,68,Arizona,L,Violet,Summer,3.7,No,Free Shipping,0,No,33,Credit Card,Annually,0,0,0,1,68,239.79251567389898,Low,0,Neutral,18-25,0.46122448979591835,0,0.34938827530546124,0,0,At-Risk Loyalists
2132,19,Male,Shorts,Clothing,52,Montana,M,Red,Fall,3.6,No,Express,0,No,9,Bank Transfer,Fortnightly,0,0,0,26,1352,3113.09504572795,High,0,Neutral,18-25,0.4613845538215286,0,0.4080836148980589,0,0,Growth Prospects
2133,25,Male,Skirt,Clothing,87,Vermont,M,Magenta,Fall,4.7,No,2-Day Shipping,0,No,15,Debit Card,Weekly,0,0,0,52,4524,12543.19137941277,Premium,0,Promoter,18-25,0.7142857142857144,1,0.7721036878724898,1,1,Champions
2134,21,Male,Hat,Accessories,34,Maine,M,Olive,Summer,3.8,No,Standard,0,No,13,Bank Transfer,Annually,0,0,0,1,34,89.72794920691878,Low,0,Neutral,18-25,0.2979591836734694,0,0.3576960551593983,0,0,Growth Prospects
2135,55,Male,Sandals,Footwear,41,Virginia,Xl,Maroon,Winter,2.9,No,Standard,0,No,35,Credit Card,Fortnightly,0,0,0,26,1066,3820.031188394213,High,0,Detractor,46-55,0.6736294517807122,1,0.34147722039324224,0,0,Growth Prospects
2136,34,Male,Sunglasses,Accessories,94,California,S,Yellow,Winter,4.6,No,Next Day Air,0,No,1,Debit Card,Every 3 Months,0,0,0,4,376,260.62333989053946,Low,0,Promoter,26-35,0.2235294117647059,0,0.45790080128439503,1,0,Growth Prospects
2137,47,Male,Sunglasses,Accessories,93,New York,M,Red,Summer,2.8,No,Standard,0,No,25,Bank Transfer,Fortnightly,0,0,0,26,2418,7878.077428935944,Premium,0,Detractor,46-55,0.5919967987194878,1,0.429322243343946,1,1,Champions
2138,27,Male,Socks,Clothing,51,Indiana,Xl,Purple,Winter,4.6,No,2-Day Shipping,0,No,20,Credit Card,Every 3 Months,0,0,0,4,204,621.0825772955783,Mid,0,Promoter,26-35,0.3786314525810324,0,0.46676961615198875,1,0,Growth Prospects
2139,67,Male,Sweater,Clothing,42,Mississippi,M,Teal,Fall,2.8,No,Next Day Air,0,No,36,Venmo,Quarterly,0,0,0,4,168,606.6342093242297,Mid,0,Detractor,56+,0.5092436974789916,0,0.250414125468495,0,0,At-Risk Loyalists
2140,40,Male,Boots,Footwear,95,New York,M,Red,Winter,3.0,No,Free Shipping,0,No,33,Cash,Weekly,0,0,0,52,4940,17420.220991603837,Premium,0,Neutral,36-45,0.8612244897959183,1,0.6880991498994267,1,1,Champions
2141,53,Male,Handbag,Accessories,90,New Mexico,M,Brown,Fall,3.7,No,Standard,0,No,36,Cash,Fortnightly,0,0,0,26,2340,8449.547915587485,Premium,0,Neutral,46-55,0.6817927170868348,1,0.5513828233554139,1,1,Champions
2142,24,Male,Dress,Clothing,98,Kentucky,M,Peach,Winter,4.1,No,2-Day Shipping,0,No,32,Paypal,Annually,0,0,0,1,98,342.65774102371506,Low,0,Promoter,18-25,0.45306122448979597,0,0.3999191929385019,0,0,At-Risk Loyalists
2143,47,Male,Hat,Accessories,39,North Dakota,M,Maroon,Winter,4.3,No,Next Day Air,0,No,21,Venmo,Quarterly,0,0,0,4,156,482.2026227238973,Low,0,Promoter,46-55,0.3867947178871549,0,0.4273525845486843,1,0,Growth Prospects
2144,53,Male,Sandals,Footwear,66,Arkansas,L,Red,Fall,3.8,No,Next Day Air,0,No,48,Venmo,Bi-Weekly,0,0,0,26,1716,6678.363631557835,Premium,0,Neutral,46-55,0.7797519007603042,1,0.519804232820364,1,1,Champions
2145,47,Male,Shoes,Footwear,23,Maryland,L,Orange,Winter,3.7,No,Free Shipping,0,No,25,Paypal,Quarterly,0,0,0,4,92,299.74488149797634,Low,0,Neutral,46-55,0.41944777911164466,0,0.35086335591983464,0,0,Growth Prospects
2146,38,Male,Skirt,Clothing,73,Connecticut,S,White,Winter,4.8,No,Standard,0,No,32,Paypal,Annually,0,0,0,1,73,255.24505198705305,Low,0,Promoter,36-45,0.45306122448979597,0,0.4817684727579741,1,0,At-Risk Loyalists
2147,48,Male,Sunglasses,Accessories,23,Utah,Xl,White,Summer,4.6,No,Standard,0,No,45,Paypal,Every 3 Months,0,0,0,4,92,352.23500847699677,Low,0,Promoter,46-55,0.5827130852340936,1,0.4601548340406472,1,1,At-Risk Loyalists
2148,47,Male,Skirt,Clothing,43,Missouri,S,Charcoal,Fall,4.8,No,Standard,0,No,4,Cash,Fortnightly,0,0,0,26,1118,1799.351586101324,High,0,Promoter,46-55,0.42056822729091636,0,0.5197599945885361,1,0,Growth Prospects
2149,19,Male,T-Shirt,Clothing,45,Nebraska,Xl,Turquoise,Winter,4.6,No,2-Day Shipping,0,No,19,Paypal,Bi-Weekly,0,0,0,26,1170,3505.006760058169,High,0,Promoter,18-25,0.5430172068827531,0,0.5377262931211455,1,0,Growth Prospects
2150,38,Male,Sandals,Footwear,21,Hawaii,L,Orange,Winter,4.0,No,Standard,0,No,1,Bank Transfer,Weekly,0,0,0,52,1092,756.9167211714603,Mid,0,Promoter,36-45,0.6000000000000001,1,0.398111707988519,0,0,Growth Prospects
2151,57,Male,Shirt,Clothing,40,Illinois,M,Orange,Spring,2.6,No,2-Day Shipping,0,No,12,Cash,Weekly,0,0,0,52,2080,5335.094663519996,Premium,0,Detractor,56+,0.689795918367347,1,0.342754160693832,0,0,Champions
2152,70,Male,Jeans,Clothing,58,Vermont,L,Brown,Fall,2.6,No,2-Day Shipping,0,No,18,Venmo,Monthly,0,0,0,12,696,2049.3295294998425,High,0,Detractor,56+,0.42505002000800324,0,0.2619105044684981,0,0,Growth Prospects
2153,38,Male,Shorts,Clothing,48,New Jersey,L,Magenta,Summer,4.5,No,Next Day Air,0,No,43,Bank Transfer,Bi-Weekly,0,0,0,26,1248,4722.66866312999,Premium,0,Promoter,36-45,0.7389355742296919,1,0.5556859026110004,1,1,Champions
2154,35,Male,Shirt,Clothing,94,Kentucky,M,Violet,Fall,4.2,No,Free Shipping,0,No,31,Paypal,Annually,0,0,0,1,94,325.7791748631743,Low,0,Promoter,26-35,0.4448979591836735,0,0.4115039091477857,0,0,At-Risk Loyalists
2155,46,Male,Scarf,Accessories,74,Wyoming,M,Violet,Spring,3.4,No,Store Pickup,0,No,33,Cash,Every 3 Months,0,0,0,4,296,1043.8027152863838,Mid,0,Neutral,46-55,0.4847539015606242,0,0.33317031130862707,0,0,At-Risk Loyalists
2156,32,Male,Handbag,Accessories,51,Hawaii,L,Yellow,Fall,3.7,No,Store Pickup,0,No,46,Paypal,Monthly,0,0,0,12,612,2356.290332246556,High,0,Neutral,26-35,0.6536214485794318,1,0.4014630326011299,0,0,Growth Prospects
2157,38,Male,Skirt,Clothing,83,Missouri,M,Maroon,Winter,3.6,No,Next Day Air,0,No,41,Debit Card,Bi-Weekly,0,0,0,26,2158,8065.891036255509,Premium,0,Neutral,36-45,0.722609043617447,1,0.5299432488282929,1,1,Champions
2158,41,Male,Handbag,Accessories,68,Mississippi,L,Turquoise,Winter,4.0,No,Next Day Air,0,No,41,Venmo,Fortnightly,0,0,0,26,1768,6608.1998851249955,Premium,0,Promoter,36-45,0.722609043617447,1,0.5420779092504386,1,1,Champions
2159,19,Male,Gloves,Accessories,84,Massachusetts,Xl,Olive,Spring,4.6,No,Standard,0,No,9,Bank Transfer,Fortnightly,0,0,0,26,2184,5028.845843098996,Premium,0,Promoter,18-25,0.4613845538215286,0,0.575219150324044,1,0,Champions
2160,18,Male,Shirt,Clothing,58,Louisiana,M,Peach,Fall,3.0,No,Free Shipping,0,No,34,Cash,Annually,0,0,0,1,58,206.210187566386,Low,0,Neutral,18-25,0.46938775510204084,0,0.26456200864365376,0,0,At-Risk Loyalists
2161,45,Male,Blouse,Clothing,92,West Virginia,L,Charcoal,Winter,3.3,No,Express,0,No,21,Paypal,Annually,0,0,0,1,92,284.3759057089651,Low,0,Neutral,36-45,0.363265306122449,0,0.3024852144080272,0,0,Growth Prospects
2162,23,Male,Dress,Clothing,69,Washington,S,Peach,Summer,3.8,No,Express,0,No,5,Debit Card,Fortnightly,0,0,0,26,1794,3214.4164877951307,High,0,Neutral,18-25,0.4287314925970388,0,0.4345765489626163,1,0,Growth Prospects
2163,60,Male,Shorts,Clothing,48,Oregon,S,Black,Summer,2.7,No,Free Shipping,0,No,32,Paypal,Weekly,0,0,0,52,2496,8727.282873420334,Premium,0,Detractor,56+,0.8530612244897959,1,0.43821627265473273,1,1,Champions
2164,52,Male,Shoes,Footwear,60,New York,L,Gray,Spring,4.5,No,Express,0,No,44,Bank Transfer,Monthly,0,0,0,12,720,2740.79699263463,High,0,Promoter,46-55,0.637294917967187,1,0.5069235153200307,1,1,Growth Prospects
2165,42,Male,Sandals,Footwear,20,Iowa,S,Olive,Winter,4.8,No,Next Day Air,0,No,46,Paypal,Bi-Weekly,0,0,0,26,520,2002.0767528892304,High,0,Promoter,36-45,0.7634253701480593,1,0.5247478872173597,1,1,Growth Prospects
2166,29,Male,Pants,Clothing,55,Idaho,M,Turquoise,Summer,4.2,No,Express,0,No,42,Credit Card,Every 3 Months,0,0,0,4,220,827.4640254525838,Mid,0,Promoter,26-35,0.5582232893157264,1,0.4238474686963908,0,0,At-Risk Loyalists
2167,31,Male,Jacket,Outerwear,88,New Jersey,S,Purple,Spring,3.5,No,Express,0,No,50,Credit Card,Bi-Weekly,0,0,0,26,2288,8996.017047673256,Premium,0,Neutral,26-35,0.7960784313725491,1,0.5408282647823384,1,1,Champions
2168,30,Male,Skirt,Clothing,48,Ohio,L,Green,Winter,4.9,No,Standard,0,No,33,Venmo,Fortnightly,0,0,0,26,1248,4400.89793472097,High,0,Promoter,26-35,0.6573029211684673,1,0.5957689879534249,1,1,Growth Prospects
2169,23,Male,Handbag,Accessories,74,Connecticut,M,Beige,Spring,4.1,No,Next Day Air,0,No,32,Cash,Quarterly,0,0,0,4,296,1034.9662381940782,Mid,0,Promoter,18-25,0.4765906362545019,0,0.41695289676828245,0,0,At-Risk Loyalists
2170,31,Male,Coat,Outerwear,42,Florida,M,Brown,Fall,2.9,No,Next Day Air,0,No,32,Bank Transfer,Bi-Weekly,0,0,0,26,1092,3818.1862571213965,High,0,Detractor,26-35,0.649139655862345,1,0.34143182731628896,0,0,Growth Prospects
2171,40,Male,Sweater,Clothing,32,South Carolina,M,Turquoise,Fall,4.0,No,Next Day Air,0,No,37,Venmo,Every 3 Months,0,0,0,4,128,465.61102844497736,Low,0,Promoter,36-45,0.5174069627851141,0,0.39094436147448236,0,0,At-Risk Loyalists
2172,39,Male,Shorts,Clothing,98,Missouri,M,Yellow,Summer,4.6,No,Store Pickup,0,No,9,Cash,Fortnightly,0,0,0,26,2548,5866.986816948829,Premium,0,Promoter,36-45,0.4613845538215286,0,0.5958409470729127,1,0,Champions
2173,28,Male,Skirt,Clothing,89,Rhode Island,S,Lavender,Fall,2.8,No,Store Pickup,0,No,6,Paypal,Fortnightly,0,0,0,26,2314,4502.8360849139945,High,0,Detractor,26-35,0.4368947579031613,0,0.34627709563438036,0,0,Growth Prospects
2174,23,Male,Gloves,Accessories,97,Delaware,S,Cyan,Summer,5.0,No,2-Day Shipping,0,No,36,Venmo,Quarterly,0,0,0,4,388,1401.036150105959,Mid,0,Promoter,18-25,0.5092436974789916,0,0.5339597578511479,1,0,At-Risk Loyalists
2175,42,Male,Backpack,Accessories,49,Colorado,S,Olive,Spring,2.9,No,Store Pickup,0,No,1,Cash,Annually,0,0,0,1,49,33.96421184743732,Low,0,Detractor,36-45,0.2,0,0.24832403244047258,0,0,Growth Prospects
2176,68,Male,Dress,Clothing,50,Nebraska,M,Silver,Spring,3.3,No,Free Shipping,0,No,48,Credit Card,Fortnightly,0,0,0,26,1300,5059.366387543814,Premium,0,Neutral,56+,0.7797519007603042,1,0.4199700842168413,0,0,Champions
2177,24,Male,Belt,Accessories,91,Vermont,S,Red,Winter,3.4,No,2-Day Shipping,0,No,44,Debit Card,Quarterly,0,0,0,4,364,1385.6251462763964,Mid,0,Neutral,18-25,0.5745498199279713,1,0.341580582272594,0,0,At-Risk Loyalists
2178,24,Male,Gloves,Accessories,93,Montana,Xl,Green,Winter,3.0,No,Express,0,No,9,Paypal,Bi-Weekly,0,0,0,26,2418,5567.650754859603,Premium,0,Neutral,18-25,0.4613845538215286,0,0.3964760196626025,0,0,Champions
2179,21,Male,Jewelry,Accessories,98,Florida,M,Gold,Summer,4.7,No,Standard,0,No,32,Venmo,Annually,0,0,0,1,98,342.65774102371506,Low,0,Promoter,18-25,0.45306122448979597,0,0.471919192938502,1,0,At-Risk Loyalists
2180,49,Male,Socks,Clothing,82,Delaware,L,Lavender,Fall,2.9,No,Next Day Air,0,No,14,Paypal,Monthly,0,0,0,12,984,2664.721397884575,High,0,Detractor,46-55,0.39239695878351344,0,0.3130517353910781,0,0,Growth Prospects
2181,41,Male,Coat,Outerwear,37,Connecticut,M,Yellow,Summer,4.1,No,Store Pickup,0,No,43,Cash,Quarterly,0,0,0,4,148,560.0600658199027,Mid,0,Promoter,36-45,0.5663865546218487,1,0.40526820544899367,0,0,At-Risk Loyalists
2182,22,Male,Handbag,Accessories,63,Hawaii,M,Black,Fall,3.2,No,Free Shipping,0,No,32,Bank Transfer,Bi-Weekly,0,0,0,26,1638,5727.2793856820945,Premium,0,Neutral,18-25,0.649139655862345,1,0.42440355605901714,0,0,Champions
2183,42,Male,Blouse,Clothing,99,New Mexico,M,Maroon,Winter,2.7,No,Store Pickup,0,No,26,Venmo,Bi-Weekly,0,0,0,26,2574,8483.484093095143,Premium,0,Detractor,36-45,0.6001600640256102,1,0.4322177962022631,1,1,Champions
2184,30,Male,Shorts,Clothing,37,Kansas,M,Maroon,Spring,4.7,No,Store Pickup,0,No,2,Cash,Monthly,0,0,0,12,444,487.78385616864074,Low,0,Promoter,26-35,0.29443777511004404,0,0.4754899063898739,1,0,Growth Prospects
2185,38,Male,Shoes,Footwear,34,Nevada,S,Gold,Spring,3.2,No,Free Shipping,0,No,16,Paypal,Every 3 Months,0,0,0,4,136,385.3170147916454,Low,0,Neutral,36-45,0.3459783913565426,0,0.29296879067986503,0,0,Growth Prospects
2186,40,Male,Shorts,Clothing,32,North Carolina,M,Violet,Winter,2.5,No,Express,0,No,50,Debit Card,Every 3 Months,0,0,0,4,128,503.2736809887137,Low,0,Detractor,36-45,0.6235294117647059,1,0.2118710212966513,0,0,At-Risk Loyalists
2187,55,Male,Sandals,Footwear,23,New Mexico,Xl,Teal,Winter,4.3,No,Next Day Air,0,No,6,Paypal,Every 3 Months,0,0,0,4,92,179.02373371308883,Low,0,Promoter,46-55,0.26434573829531816,0,0.41989310741679925,0,0,Growth Prospects
2188,37,Male,Blouse,Clothing,78,Idaho,M,Violet,Spring,4.4,No,Free Shipping,0,No,20,Paypal,Annually,0,0,0,1,78,237.472750142427,Low,0,Promoter,36-45,0.35510204081632657,0,0.43333119930656894,1,0,Growth Prospects
2189,41,Male,Coat,Outerwear,54,California,M,Brown,Winter,4.7,No,Next Day Air,0,No,9,Credit Card,Weekly,0,0,0,52,2808,6465.658941127281,Premium,0,Promoter,36-45,0.6653061224489796,1,0.6225708018935332,1,1,Champions
2190,38,Male,Blouse,Clothing,94,Wisconsin,Xl,Brown,Fall,4.0,No,Express,0,No,47,Credit Card,Bi-Weekly,0,0,0,26,2444,9461.215270658886,Premium,0,Promoter,36-45,0.7715886354541817,1,0.6122740996736692,1,1,Champions
2191,42,Male,Belt,Accessories,75,Alaska,S,Maroon,Spring,4.6,No,Express,0,No,33,Credit Card,Annually,0,0,0,1,75,264.4770393462121,Low,0,Promoter,36-45,0.46122448979591835,0,0.45799561851608467,1,0,At-Risk Loyalists
2192,26,Male,Blouse,Clothing,69,Pennsylvania,S,Maroon,Summer,3.8,No,Next Day Air,0,No,46,Cash,Bi-Weekly,0,0,0,26,1794,6907.164797467844,Premium,0,Neutral,26-35,0.7634253701480593,1,0.5254337048143507,1,1,Champions
2193,41,Male,Scarf,Accessories,35,Virginia,L,Yellow,Winter,3.2,No,Next Day Air,0,No,9,Credit Card,Monthly,0,0,0,12,420,967.0857390574993,Mid,0,Neutral,36-45,0.35158063225290115,0,0.30728275069491195,0,0,Growth Prospects
2194,27,Male,Shirt,Clothing,78,California,L,Turquoise,Spring,5.0,No,Express,0,No,8,Paypal,Monthly,0,0,0,12,936,2056.6022043867015,High,0,Promoter,26-35,0.3434173669467787,0,0.5500894428905735,1,0,Growth Prospects
2195,61,Male,Socks,Clothing,29,Kentucky,M,Silver,Summer,3.5,No,Standard,0,No,48,Bank Transfer,Quarterly,0,0,0,4,116,451.4511545808327,Low,0,Neutral,56+,0.607202881152461,1,0.33059596896066124,0,0,At-Risk Loyalists
2196,58,Male,Jeans,Clothing,62,New York,M,Brown,Fall,3.7,No,Next Day Air,0,No,2,Cash,Monthly,0,0,0,12,744,817.3675427690737,Mid,0,Neutral,56+,0.29443777511004404,0,0.3635990527135503,0,0,Growth Prospects
2197,25,Male,Dress,Clothing,58,Vermont,M,Gray,Spring,4.8,No,Next Day Air,0,No,31,Paypal,Weekly,0,0,0,52,3016,10452.659482843976,Premium,0,Promoter,18-25,0.8448979591836736,1,0.7326678015322137,1,1,Champions
2198,33,Male,Boots,Footwear,88,Pennsylvania,M,Indigo,Summer,3.7,No,2-Day Shipping,0,No,40,Venmo,Monthly,0,0,0,12,1056,3921.532102439749,High,0,Neutral,26-35,0.6046418567426972,1,0.4399745702240912,1,1,Growth Prospects
2199,57,Male,Scarf,Accessories,80,New York,L,Turquoise,Summer,3.5,No,Free Shipping,0,No,35,Venmo,Monthly,0,0,0,12,960,3440.1781809178656,High,0,Neutral,56+,0.5638255302120849,1,0.40413123712906274,0,0,Growth Prospects
2200,39,Male,Scarf,Accessories,47,North Carolina,M,Maroon,Summer,4.9,No,Store Pickup,0,No,40,Debit Card,Monthly,0,0,0,12,564,2094.4546456212297,High,0,Promoter,36-45,0.6046418567426972,1,0.5390207723135958,1,1,Growth Prospects
2201,60,Male,Gloves,Accessories,51,Wyoming,L,Charcoal,Summer,4.7,No,Next Day Air,0,No,27,Debit Card,Every 3 Months,0,0,0,4,204,679.7697200757416,Mid,0,Promoter,56+,0.4357743097238896,0,0.48021356695256284,1,0,Growth Prospects
2202,39,Male,Pants,Clothing,25,Ohio,L,Peach,Spring,4.9,No,2-Day Shipping,0,No,10,Venmo,Annually,0,0,0,1,25,59.94738181995927,Low,0,Promoter,36-45,0.27346938775510204,0,0.488963327817721,1,0,Growth Prospects
2203,42,Male,Dress,Clothing,36,Alabama,M,Red,Summer,4.3,No,Next Day Air,0,No,23,Credit Card,Weekly,0,0,0,52,1872,5949.316770411355,Premium,0,Promoter,36-45,0.7795918367346939,1,0.561866610558674,1,1,Champions
2204,53,Male,Dress,Clothing,79,Rhode Island,M,Indigo,Winter,3.1,No,Free Shipping,0,No,32,Cash,Quarterly,0,0,0,4,316,1104.8963894234078,Mid,0,Neutral,46-55,0.4765906362545019,0,0.29867347291270474,0,0,At-Risk Loyalists
2205,20,Male,Jeans,Clothing,41,Oregon,S,Lavender,Winter,3.4,No,2-Day Shipping,0,No,6,Debit Card,Monthly,0,0,0,12,492,957.3877933352142,Mid,0,Neutral,18-25,0.32709083633453384,0,0.3310441403992621,0,0,Growth Prospects
2206,46,Male,Sweater,Clothing,68,North Dakota,Xl,Red,Fall,2.7,No,Express,0,No,27,Paypal,Weekly,0,0,0,52,3536,11782.67514797952,Premium,0,Detractor,46-55,0.8122448979591836,1,0.5133917866074864,1,1,Champions
2207,46,Male,Sandals,Footwear,51,Illinois,L,Green,Spring,2.6,No,Store Pickup,0,No,25,Bank Transfer,Fortnightly,0,0,0,26,1326,4320.236009416485,High,0,Detractor,46-55,0.5919967987194878,1,0.31778436498318524,0,0,Growth Prospects
2208,69,Male,Handbag,Accessories,38,New Mexico,M,Gray,Fall,2.9,No,Next Day Air,0,No,11,Credit Card,Annually,0,0,0,1,38,94.42645269194401,Low,0,Detractor,56+,0.28163265306122454,0,0.24981165812705539,0,0,Growth Prospects
2209,28,Male,Scarf,Accessories,46,Colorado,Xl,Violet,Summer,2.7,No,2-Day Shipping,0,No,23,Paypal,Monthly,0,0,0,12,552,1754.285714352066,High,0,Detractor,26-35,0.4658663465386155,0,0.26665118440442703,0,0,Growth Prospects
2210,42,Male,Sandals,Footwear,20,Utah,Xl,Beige,Summer,4.5,No,2-Day Shipping,0,No,44,Bank Transfer,Quarterly,0,0,0,4,80,304.53299918162554,Low,0,Promoter,36-45,0.5745498199279713,1,0.44698116377407704,1,1,At-Risk Loyalists
2211,30,Male,Sunglasses,Accessories,25,Virginia,M,Orange,Summer,3.1,No,Store Pickup,0,No,35,Paypal,Fortnightly,0,0,0,26,650,2329.2873099964713,High,0,Neutral,26-35,0.6736294517807122,1,0.3287986445640093,0,0,Growth Prospects
2212,50,Male,Sweater,Clothing,89,Maine,L,Purple,Winter,3.2,No,Free Shipping,0,No,45,Debit Card,Every 3 Months,0,0,0,4,356,1362.9963371501178,Mid,0,Neutral,46-55,0.5827130852340936,1,0.3170238182948975,0,0,At-Risk Loyalists
2213,59,Male,Pants,Clothing,77,Nebraska,M,Brown,Winter,3.3,No,Next Day Air,0,No,22,Bank Transfer,Quarterly,0,0,0,4,308,965.7322185061781,Mid,0,Neutral,56+,0.39495798319327735,0,0.31924944839067476,0,0,Growth Prospects
2214,54,Male,Hat,Accessories,94,Hawaii,M,Maroon,Fall,2.9,No,Express,0,No,18,Debit Card,Quarterly,0,0,0,4,376,1107.1090561665815,Mid,0,Detractor,46-55,0.3623049219687875,0,0.27472791383049106,0,0,Growth Prospects
2215,50,Male,Belt,Accessories,100,Idaho,L,Gold,Fall,4.1,No,Standard,0,No,20,Debit Card,Weekly,0,0,0,52,5200,15831.5166761618,Premium,0,Promoter,46-55,0.7551020408163265,1,0.7810103348799071,1,1,Champions
2216,25,Male,Sandals,Footwear,96,West Virginia,M,Indigo,Winter,2.7,No,Express,0,No,28,Credit Card,Fortnightly,0,0,0,26,2496,8404.77039164624,Premium,0,Detractor,18-25,0.616486594637855,1,0.4302811077414014,1,1,Champions
2217,41,Male,Pants,Clothing,36,Vermont,Xl,Silver,Winter,4.0,No,Store Pickup,0,No,15,Venmo,Bi-Weekly,0,0,0,26,936,2595.143044016435,High,0,Promoter,36-45,0.5103641456582633,0,0.44333981494289976,1,0,Growth Prospects
2218,35,Male,Jewelry,Accessories,27,Indiana,Xl,Red,Fall,2.6,No,Store Pickup,0,No,42,Bank Transfer,Fortnightly,0,0,0,26,702,2640.362481216881,High,0,Detractor,26-35,0.7307723089235694,1,0.2764524034836587,0,0,Growth Prospects
2219,67,Male,Sunglasses,Accessories,67,Idaho,M,Magenta,Winter,3.5,No,Store Pickup,0,No,20,Debit Card,Quarterly,0,0,0,4,268,815.9320133098773,Mid,0,Neutral,56+,0.3786314525810324,0,0.3395637326449005,0,0,Growth Prospects
2220,33,Male,Blouse,Clothing,91,Minnesota,S,Purple,Fall,2.8,No,Store Pickup,0,No,16,Bank Transfer,Fortnightly,0,0,0,26,2366,6703.382772037007,Premium,0,Detractor,26-35,0.5185274109643858,0,0.4004198090132603,0,0,Champions
2221,19,Male,Belt,Accessories,62,Wyoming,Xl,Beige,Fall,4.5,No,Store Pickup,0,No,47,Cash,Annually,0,0,0,1,62,240.01446267628924,Low,0,Promoter,18-25,0.5755102040816327,1,0.44539373613617483,1,1,At-Risk Loyalists
2222,25,Male,Shorts,Clothing,88,Kansas,Xl,White,Fall,3.0,No,Free Shipping,0,No,34,Credit Card,Annually,0,0,0,1,88,312.87062941106836,Low,0,Neutral,18-25,0.46938775510204084,0,0.26718630458131976,0,0,At-Risk Loyalists
2223,32,Male,Pants,Clothing,66,Georgia,M,Teal,Summer,4.4,No,Store Pickup,0,No,30,Credit Card,Weekly,0,0,0,52,3432,11785.444085793022,Premium,0,Promoter,26-35,0.8367346938775511,1,0.7174599141356492,1,1,Champions
2224,30,Male,Sandals,Footwear,65,Kansas,M,Gray,Fall,4.7,No,Next Day Air,0,No,5,Paypal,Quarterly,0,0,0,4,260,465.8574619992943,Low,0,Promoter,26-35,0.25618247298919566,0,0.4749504247774681,1,0,Growth Prospects
2225,18,Male,Gloves,Accessories,25,Nebraska,L,Charcoal,Winter,4.3,No,Standard,0,No,38,Cash,Quarterly,0,0,0,4,100,366.3561646129646,Low,0,Promoter,18-25,0.5255702280912364,0,0.42450227393534345,0,0,At-Risk Loyalists
2226,38,Male,Belt,Accessories,64,Washington,S,Olive,Spring,4.8,No,Free Shipping,0,No,18,Credit Card,Annually,0,0,0,1,64,188.44409466665218,Low,0,Promoter,36-45,0.33877551020408164,0,0.48012488795843417,1,0,Growth Prospects
2227,22,Male,Shirt,Clothing,72,Missouri,L,Blue,Spring,4.8,No,Store Pickup,0,No,28,Cash,Annually,0,0,0,1,72,242.44529975902614,Low,0,Promoter,18-25,0.4204081632653061,0,0.4814535449628684,1,0,Growth Prospects
2228,40,Male,Scarf,Accessories,74,Washington,S,Gray,Summer,4.4,No,Next Day Air,0,No,42,Credit Card,Fortnightly,0,0,0,26,1924,7236.549022594414,Premium,0,Promoter,36-45,0.7307723089235694,1,0.6055379435459853,1,1,Champions
2229,54,Male,Gloves,Accessories,50,Kansas,M,Green,Fall,3.7,No,Free Shipping,0,No,5,Credit Card,Weekly,0,0,0,52,2600,4658.574619992943,Premium,0,Neutral,46-55,0.6326530612244898,1,0.45810891929718583,1,1,Champions
2230,70,Male,Pants,Clothing,97,Minnesota,M,Silver,Fall,3.9,No,Express,0,No,50,Venmo,Monthly,0,0,0,12,1164,4576.645036491115,High,0,Neutral,56+,0.6862745098039216,1,0.4800931065981197,1,1,Growth Prospects
2231,52,Male,Sneakers,Footwear,36,Colorado,S,Teal,Spring,3.8,No,Express,0,No,33,Venmo,Fortnightly,0,0,0,26,936,3300.6734510407273,High,0,Neutral,46-55,0.6573029211684673,1,0.4366988334227769,1,1,Growth Prospects
2232,34,Male,Jacket,Outerwear,49,Utah,M,Beige,Fall,4.1,No,Store Pickup,0,No,1,Credit Card,Weekly,0,0,0,52,2548,1766.1390160667406,High,0,Promoter,26-35,0.6000000000000001,1,0.4349428255321006,1,1,Growth Prospects
2233,65,Male,Shoes,Footwear,64,North Carolina,L,Lavender,Spring,4.0,No,Store Pickup,0,No,14,Cash,Fortnightly,0,0,0,26,1664,4506.195534634077,High,0,Promoter,56+,0.5022008803521409,0,0.4903597522416542,1,0,Growth Prospects
2234,38,Male,Blouse,Clothing,31,Florida,Xl,Gray,Summer,4.5,No,Express,0,No,48,Credit Card,Monthly,0,0,0,12,372,1447.757150897153,Mid,0,Promoter,36-45,0.6699479791916767,1,0.4751092911782137,1,1,At-Risk Loyalists
2235,35,Male,Boots,Footwear,66,New Hampshire,S,Yellow,Winter,4.0,No,Express,0,No,26,Cash,Weekly,0,0,0,52,3432,11311.312124126858,Premium,0,Promoter,26-35,0.8040816326530613,1,0.6577942716594065,1,1,Champions
2236,40,Male,Socks,Clothing,82,Illinois,M,Gray,Spring,4.5,No,2-Day Shipping,0,No,44,Credit Card,Annually,0,0,0,1,82,312.1463241611662,Low,0,Promoter,36-45,0.5510204081632653,1,0.44716848362265815,1,1,At-Risk Loyalists
2237,23,Male,T-Shirt,Clothing,88,Louisiana,M,Yellow,Winter,2.7,No,Standard,0,No,18,Debit Card,Fortnightly,0,0,0,26,2288,6736.876384332815,Premium,0,Detractor,18-25,0.5348539415766307,0,0.3892438928925831,0,0,Champions
2238,45,Male,Sandals,Footwear,34,Alabama,S,Black,Summer,3.8,No,Next Day Air,0,No,31,Venmo,Every 3 Months,0,0,0,4,136,471.3400827807628,Low,0,Neutral,36-45,0.4684273709483794,0,0.36708532033195607,0,0,At-Risk Loyalists
2239,40,Male,Sneakers,Footwear,84,Florida,L,Beige,Winter,3.8,No,Standard,0,No,18,Debit Card,Weekly,0,0,0,52,4368,12861.309460999011,Premium,0,Neutral,36-45,0.7387755102040816,1,0.6719307320396288,1,1,Champions
2240,42,Male,Jewelry,Accessories,96,Alabama,L,Indigo,Summer,3.8,No,2-Day Shipping,0,No,41,Credit Card,Every 3 Months,0,0,0,4,384,1435.2651334208135,Mid,0,Neutral,36-45,0.5500600240096039,1,0.3908019349536431,0,0,At-Risk Loyalists
2241,57,Male,Sandals,Footwear,71,California,L,Green,Winter,4.3,No,Next Day Air,0,No,18,Debit Card,Every 3 Months,0,0,0,4,284,836.220670083269,Mid,0,Promoter,56+,0.3623049219687875,0,0.43606291902206407,1,0,Growth Prospects
2242,18,Male,Jacket,Outerwear,77,Maryland,M,Purple,Summer,3.5,No,Free Shipping,0,No,3,Bank Transfer,Bi-Weekly,0,0,0,26,2002,2775.361310962021,High,0,Neutral,18-25,0.4124049619847939,0,0.38777394307568225,0,0,Growth Prospects
2243,18,Male,Skirt,Clothing,66,Nevada,M,Orange,Spring,3.8,No,Next Day Air,0,No,5,Credit Card,Bi-Weekly,0,0,0,26,1716,3074.6592491953425,High,0,Neutral,18-25,0.4287314925970388,0,0.43113793247862575,1,0,Growth Prospects
2244,56,Male,Shirt,Clothing,21,Massachusetts,M,Teal,Winter,3.7,No,2-Day Shipping,0,No,13,Debit Card,Annually,0,0,0,1,21,55.420203921920425,Low,0,Neutral,56+,0.2979591836734694,0,0.34485194018082915,0,0,Growth Prospects
2245,35,Male,Shorts,Clothing,37,South Carolina,M,Gold,Summer,4.8,No,2-Day Shipping,0,No,22,Paypal,Annually,0,0,0,1,37,116.01328598937855,Low,0,Promoter,26-35,0.37142857142857144,0,0.4783427851123722,1,0,Growth Prospects
2246,49,Male,Socks,Clothing,90,Delaware,L,Gray,Fall,4.9,No,Free Shipping,0,No,45,Paypal,Fortnightly,0,0,0,26,2340,8959.020867784482,Premium,0,Promoter,46-55,0.7552621048419368,1,0.7079180029935053,1,1,Champions
2247,49,Male,Jacket,Outerwear,96,Hawaii,M,Cyan,Fall,4.3,No,Store Pickup,0,No,39,Paypal,Every 3 Months,0,0,0,4,384,1416.5297103797516,Mid,0,Promoter,46-55,0.533733493397359,0,0.45034096466581414,1,0,At-Risk Loyalists
2248,34,Male,Jewelry,Accessories,37,Florida,L,Teal,Summer,4.4,No,Next Day Air,0,No,18,Venmo,Annually,0,0,0,1,37,108.94424222915829,Low,0,Promoter,26-35,0.33877551020408164,0,0.4301688568733524,1,0,Growth Prospects
2249,63,Male,T-Shirt,Clothing,66,Rhode Island,M,Violet,Winter,3.4,No,Free Shipping,0,No,19,Paypal,Fortnightly,0,0,0,26,1716,5140.676581418648,Premium,0,Neutral,56+,0.5430172068827531,0,0.43397065732329143,1,0,Champions
2250,42,Male,Gloves,Accessories,45,Wyoming,Xl,Indigo,Spring,4.3,No,Next Day Air,0,No,29,Debit Card,Weekly,0,0,0,52,2340,7958.801873089444,Premium,0,Promoter,36-45,0.8285714285714285,1,0.6113084045410921,1,1,Champions
2251,41,Male,Shoes,Footwear,89,Colorado,L,Pink,Summer,4.6,No,Store Pickup,0,No,19,Credit Card,Weekly,0,0,0,52,4628,13864.24896200787,Premium,0,Promoter,36-45,0.7469387755102042,1,0.792607266401403,1,1,Champions
2252,26,Male,Shoes,Footwear,94,Virginia,L,Gold,Fall,3.8,No,Free Shipping,0,No,22,Debit Card,Monthly,0,0,0,12,1128,3536.8374755680807,High,0,Neutral,26-35,0.45770308123249304,0,0.44250946273830594,1,0,Growth Prospects
2253,48,Male,Shoes,Footwear,96,Nebraska,S,Maroon,Summer,3.9,No,Express,0,No,21,Bank Transfer,Annually,0,0,0,1,96,296.74007552239834,Low,0,Neutral,46-55,0.363265306122449,0,0.37478942504181834,0,0,Growth Prospects
2254,62,Male,Hoodie,Clothing,31,Oklahoma,M,Brown,Spring,2.6,No,Store Pickup,0,No,22,Paypal,Monthly,0,0,0,12,372,1166.4038483256436,Mid,0,Detractor,56+,0.45770308123249304,0,0.24018681536414843,0,0,Growth Prospects
2255,24,Male,Belt,Accessories,79,North Dakota,M,Gold,Winter,4.2,No,Store Pickup,0,No,44,Paypal,Every 3 Months,0,0,0,4,316,1202.905346767421,Mid,0,Promoter,18-25,0.5745498199279713,1,0.4330849059066475,1,1,At-Risk Loyalists
2256,48,Male,Coat,Outerwear,39,Michigan,L,Teal,Spring,4.6,No,Store Pickup,0,No,42,Bank Transfer,Quarterly,0,0,0,4,156,586.7472180481957,Mid,0,Promoter,46-55,0.5582232893157264,1,0.46592482175368294,1,1,At-Risk Loyalists
2257,31,Male,Blouse,Clothing,22,California,M,Turquoise,Fall,5.0,No,Standard,0,No,33,Credit Card,Quarterly,0,0,0,4,88,310.3197261662222,Low,0,Promoter,26-35,0.4847539015606242,0,0.5071235416215284,1,0,At-Risk Loyalists
2258,41,Male,Skirt,Clothing,32,Tennessee,L,Olive,Fall,4.2,No,Standard,0,No,6,Bank Transfer,Annually,0,0,0,1,32,62.26912476977002,Low,0,Promoter,36-45,0.24081632653061225,0,0.40502045246942986,0,0,Growth Prospects
2259,24,Male,T-Shirt,Clothing,71,Ohio,L,Cyan,Winter,4.3,No,Store Pickup,0,No,44,Credit Card,Every 3 Months,0,0,0,4,284,1081.0921470947708,Mid,0,Promoter,18-25,0.5745498199279713,1,0.4420877883293498,1,1,At-Risk Loyalists
2260,60,Male,Jeans,Clothing,96,Florida,Xl,Beige,Spring,3.3,No,Free Shipping,0,No,24,Cash,Annually,0,0,0,1,96,309.01207918734724,Low,0,Neutral,56+,0.38775510204081637,0,0.3030913680003131,0,0,Growth Prospects
2261,38,Male,Scarf,Accessories,82,Missouri,M,Blue,Fall,4.9,No,Express,0,No,16,Paypal,Quarterly,0,0,0,4,328,929.2939768504389,Mid,0,Promoter,36-45,0.3459783913565426,0,0.5103529142314398,1,0,Growth Prospects
2262,58,Male,Backpack,Accessories,76,South Carolina,L,Gold,Spring,4.4,No,Standard,0,No,12,Bank Transfer,Fortnightly,0,0,0,26,1976,5068.3399303439965,Premium,0,Promoter,56+,0.48587434973989596,0,0.5521908711506821,1,0,Champions
2263,53,Male,Backpack,Accessories,22,Arizona,M,Green,Winter,3.1,No,2-Day Shipping,0,No,50,Paypal,Monthly,0,0,0,12,264,1038.0019670392219,Mid,0,Neutral,46-55,0.6862745098039216,1,0.29702758847908345,0,0,At-Risk Loyalists
2264,44,Male,Scarf,Accessories,40,Indiana,Xl,Green,Winter,3.5,No,Store Pickup,0,No,42,Cash,Quarterly,0,0,0,4,160,601.79201851097,Mid,0,Neutral,36-45,0.5582232893157264,1,0.3342949871876022,0,0,At-Risk Loyalists
2265,51,Male,Hat,Accessories,92,North Dakota,M,Turquoise,Summer,3.9,No,2-Day Shipping,0,No,50,Paypal,Monthly,0,0,0,12,1104,4340.735498527655,High,0,Neutral,46-55,0.6862745098039216,1,0.47428873872351723,1,1,Growth Prospects
2266,36,Male,Coat,Outerwear,94,Montana,Xl,Yellow,Fall,3.9,No,Store Pickup,0,No,10,Paypal,Quarterly,0,0,0,4,376,901.6086225721874,Mid,0,Neutral,36-45,0.29699879951980795,0,0.38967173795363047,0,0,Growth Prospects
2267,20,Male,Dress,Clothing,44,Missouri,M,Yellow,Fall,4.3,No,Store Pickup,0,No,32,Debit Card,Weekly,0,0,0,52,2288,8000.009300635306,Premium,0,Promoter,18-25,0.8530612244897959,1,0.6123222807527411,1,1,Champions
2268,32,Male,Gloves,Accessories,49,Kentucky,S,Blue,Spring,3.8,No,Express,0,No,37,Venmo,Weekly,0,0,0,52,2548,9268.569534982831,Premium,0,Neutral,26-35,0.8938775510204082,1,0.5835342034872317,1,1,Champions
2269,66,Male,Sweater,Clothing,26,Georgia,L,Charcoal,Spring,2.7,No,2-Day Shipping,0,No,15,Bank Transfer,Monthly,0,0,0,12,312,865.0476813388117,Mid,0,Detractor,56+,0.4005602240896359,0,0.2447721848681885,0,0,Growth Prospects
2270,49,Male,Skirt,Clothing,38,Kentucky,M,Yellow,Fall,4.4,No,Store Pickup,0,No,27,Credit Card,Annually,0,0,0,1,38,126.62377138665775,Low,0,Promoter,46-55,0.41224489795918373,0,0.4306038477260571,1,0,Growth Prospects
2271,27,Male,Blouse,Clothing,72,Georgia,L,Purple,Spring,3.5,No,Express,0,No,7,Venmo,Weekly,0,0,0,52,3744,7785.429132049305,Premium,0,Neutral,26-35,0.6489795918367347,1,0.5110427051670338,1,1,Champions
2272,29,Male,Dress,Clothing,99,Alaska,M,Green,Summer,3.4,No,Free Shipping,0,No,49,Paypal,Quarterly,0,0,0,4,396,1549.1611101495457,Mid,0,Neutral,26-35,0.6153661464585836,1,0.3456042555129463,0,0,At-Risk Loyalists
2273,29,Male,Jacket,Outerwear,38,Maine,L,Charcoal,Spring,4.0,No,Standard,0,No,44,Paypal,Monthly,0,0,0,12,456,1735.8380953352657,High,0,Promoter,26-35,0.637294917967187,1,0.42219729530732486,0,0,Growth Prospects
2274,55,Male,Coat,Outerwear,96,New Mexico,L,Silver,Winter,4.8,No,Express,0,No,13,Paypal,Bi-Weekly,0,0,0,26,2496,6587.087094719685,Premium,0,Promoter,46-55,0.49403761504601845,0,0.6375584457161123,1,0,Champions
2275,57,Male,Dress,Clothing,27,New York,L,Turquoise,Spring,4.5,No,Next Day Air,0,No,38,Paypal,Fortnightly,0,0,0,26,702,2571.8202755830116,High,0,Promoter,56+,0.6981192476990796,1,0.5027659766444978,1,1,Growth Prospects
2276,29,Male,Shorts,Clothing,24,Oklahoma,M,Gray,Winter,4.4,No,Standard,0,No,10,Debit Card,Weekly,0,0,0,52,1248,2992.5733004523668,High,0,Promoter,26-35,0.6734693877551021,1,0.501118272536289,1,1,Growth Prospects
2277,31,Male,Jeans,Clothing,82,Wyoming,L,Red,Summer,4.1,No,2-Day Shipping,0,No,25,Debit Card,Weekly,0,0,0,52,4264,13892.523638123599,Premium,0,Promoter,26-35,0.7959183673469388,1,0.733302942477613,1,1,Champions
2278,25,Male,Hat,Accessories,56,Alabama,M,Beige,Summer,4.6,No,Next Day Air,0,No,18,Credit Card,Quarterly,0,0,0,4,224,659.5543313332826,Mid,0,Promoter,18-25,0.3623049219687875,0,0.4677161832774377,1,0,Growth Prospects
2279,61,Male,Gloves,Accessories,25,Maryland,M,Maroon,Fall,3.8,No,Store Pickup,0,No,6,Cash,Every 3 Months,0,0,0,4,100,194.59101490553132,Low,0,Neutral,56+,0.26434573829531816,0,0.3602761280764485,0,0,Growth Prospects
2280,53,Male,Sneakers,Footwear,67,West Virginia,L,Indigo,Spring,2.9,No,Free Shipping,0,No,35,Bank Transfer,Quarterly,0,0,0,4,268,960.3830755062374,Mid,0,Detractor,46-55,0.5010804321728692,0,0.27111783695158864,0,0,At-Risk Loyalists
2281,22,Male,Shoes,Footwear,21,Kentucky,M,Red,Summer,2.8,No,Standard,0,No,31,Credit Card,Fortnightly,0,0,0,26,546,1892.2918029286507,High,0,Detractor,18-25,0.6409763905562225,1,0.2820467152250483,0,0,Growth Prospects
2282,28,Male,Hoodie,Clothing,27,Kansas,Xl,Maroon,Summer,3.0,No,Store Pickup,0,No,41,Bank Transfer,Annually,0,0,0,1,27,100.91707969365095,Low,0,Neutral,26-35,0.526530612244898,0,0.2619713548785304,0,0,At-Risk Loyalists
2283,18,Male,Sneakers,Footwear,97,Idaho,S,Red,Fall,4.2,No,2-Day Shipping,0,No,8,Credit Card,Annually,0,0,0,1,97,213.1307840016133,Low,0,Promoter,18-25,0.2571428571428572,0,0.40873228445347687,0,0,Growth Prospects
2284,44,Male,Handbag,Accessories,45,Ohio,S,Black,Winter,4.1,No,Free Shipping,0,No,34,Credit Card,Fortnightly,0,0,0,26,1170,4159.7572319426135,High,0,Promoter,36-45,0.6654661864745899,1,0.4938359113998074,1,1,Growth Prospects
2285,32,Male,Blouse,Clothing,63,Iowa,Xl,Black,Fall,4.1,No,Express,0,No,20,Venmo,Annually,0,0,0,1,63,191.80491357657564,Low,0,Promoter,26-35,0.35510204081632657,0,0.3962075782535427,0,0,Growth Prospects
2286,34,Male,Belt,Accessories,100,Michigan,L,Pink,Summer,4.6,No,2-Day Shipping,0,No,38,Paypal,Every 3 Months,0,0,0,4,400,1465.4246584518585,Mid,0,Promoter,26-35,0.5255702280912364,0,0.48754398624887546,1,0,At-Risk Loyalists
2287,67,Male,Socks,Clothing,38,South Dakota,L,Blue,Spring,2.5,No,Store Pickup,0,No,35,Venmo,Quarterly,0,0,0,4,152,544.6948786453287,Mid,0,Detractor,56+,0.5010804321728692,0,0.21289015715305254,0,0,At-Risk Loyalists
2288,66,Male,Blouse,Clothing,45,Nebraska,L,Green,Summer,3.0,No,Store Pickup,0,No,6,Debit Card,Annually,0,0,0,1,45,87.5659567074891,Low,0,Neutral,56+,0.24081632653061225,0,0.26164286104135986,0,0,Growth Prospects
2289,28,Male,Jewelry,Accessories,91,California,M,Orange,Fall,3.8,No,Next Day Air,0,No,50,Paypal,Weekly,0,0,0,52,4732,18605.39889405151,Premium,0,Neutral,26-35,1.0,1,0.81325951620781,1,1,Champions
2290,70,Male,Shorts,Clothing,82,Nevada,M,Orange,Fall,4.1,No,Free Shipping,0,No,47,Venmo,Weekly,0,0,0,52,4264,16506.80111051125,Premium,0,Promoter,56+,0.9755102040816328,1,0.7976251750885472,1,1,Champions
2291,37,Male,Boots,Footwear,48,Kansas,L,Magenta,Winter,3.3,No,Standard,0,No,23,Paypal,Quarterly,0,0,0,4,192,610.1863354268056,Mid,0,Neutral,36-45,0.4031212484993998,0,0.31050152272599596,0,0,Growth Prospects
2292,28,Male,Coat,Outerwear,30,Ohio,M,Indigo,Spring,5.0,No,2-Day Shipping,0,No,13,Credit Card,Quarterly,0,0,0,4,120,316.68687955383103,Low,0,Promoter,26-35,0.3214885954381753,0,0.5072802004022405,1,0,Growth Prospects
2293,43,Male,T-Shirt,Clothing,34,Vermont,S,Beige,Spring,3.8,No,Next Day Air,0,No,31,Debit Card,Monthly,0,0,0,12,408,1414.0202483422884,Mid,0,Neutral,36-45,0.5311724689875951,0,0.3902792213342026,0,0,At-Risk Loyalists
2294,37,Male,Sweater,Clothing,68,Georgia,L,Green,Fall,3.3,No,Express,0,No,16,Debit Card,Every 3 Months,0,0,0,4,272,770.6340295832908,Mid,0,Neutral,36-45,0.3459783913565426,0,0.31444921152889715,0,0,Growth Prospects
2295,54,Male,Sunglasses,Accessories,95,Maryland,M,Red,Winter,5.0,No,Express,0,No,40,Debit Card,Annually,0,0,0,1,95,352.78934633690926,Low,0,Promoter,46-55,0.5183673469387755,0,0.5081684730859082,1,0,At-Risk Loyalists
2296,50,Male,Hat,Accessories,22,Connecticut,L,Beige,Spring,2.9,No,2-Day Shipping,0,No,45,Paypal,Quarterly,0,0,0,4,88,336.92044289104035,Low,0,Detractor,46-55,0.5827130852340936,1,0.2557780312489162,0,0,At-Risk Loyalists
2297,46,Male,Gloves,Accessories,88,Washington,M,Green,Fall,2.5,No,Next Day Air,0,No,50,Venmo,Every 3 Months,0,0,0,4,352,1384.0026227189626,Mid,0,Detractor,46-55,0.6235294117647059,1,0.23354066136183366,0,0,At-Risk Loyalists
2298,60,Male,Socks,Clothing,83,California,M,Orange,Summer,4.7,No,Standard,0,No,1,Bank Transfer,Quarterly,0,0,0,4,332,230.12486394590184,Low,0,Promoter,56+,0.2235294117647059,0,0.4691504103696165,1,0,Growth Prospects
2299,40,Male,Handbag,Accessories,87,Montana,L,Cyan,Spring,2.9,No,2-Day Shipping,0,No,10,Cash,Every 3 Months,0,0,0,4,348,834.467554933833,Mid,0,Detractor,36-45,0.29699879951980795,0,0.2680197850083158,0,0,Growth Prospects
2300,64,Male,Coat,Outerwear,57,Idaho,M,Violet,Summer,3.7,No,Store Pickup,0,No,48,Credit Card,Every 3 Months,0,0,0,4,228,887.3350279692228,Mid,0,Neutral,56+,0.607202881152461,1,0.36532054743084047,0,0,At-Risk Loyalists
2301,18,Male,Coat,Outerwear,88,Pennsylvania,Xl,Lavender,Summer,4.4,No,2-Day Shipping,0,No,38,Credit Card,Monthly,0,0,0,12,1056,3868.7210983129066,High,0,Promoter,18-25,0.5883153261304522,1,0.5226751971744656,1,1,Growth Prospects
2302,37,Male,Pants,Clothing,20,Maine,L,Turquoise,Winter,2.9,No,Next Day Air,0,No,21,Debit Card,Annually,0,0,0,1,20,61.82084906716632,Low,0,Detractor,36-45,0.363265306122449,0,0.24900942299978812,0,0,Growth Prospects
2303,36,Male,Belt,Accessories,39,Montana,L,Pink,Summer,3.6,No,Store Pickup,0,No,38,Venmo,Monthly,0,0,0,12,468,1714.5468503886746,High,0,Neutral,36-45,0.5883153261304522,1,0.3736734410399428,0,0,Growth Prospects
2304,51,Male,Sunglasses,Accessories,71,New Jersey,S,Beige,Spring,4.8,No,2-Day Shipping,0,No,31,Credit Card,Fortnightly,0,0,0,26,1846,6397.748476568295,Premium,0,Promoter,46-55,0.6409763905562225,1,0.632899918544609,1,1,Champions
2305,26,Male,Hoodie,Clothing,73,Louisiana,L,Silver,Winter,4.7,No,Free Shipping,0,No,9,Debit Card,Fortnightly,0,0,0,26,1898,4370.306506502699,High,0,Promoter,26-35,0.4613845538215286,0,0.5710163100213617,1,0,Growth Prospects
2306,68,Male,Handbag,Accessories,63,Maine,M,Gold,Summer,2.6,No,Free Shipping,0,No,47,Cash,Weekly,0,0,0,52,3276,12682.054511734252,Premium,0,Detractor,56+,0.9755102040816328,1,0.5235203055776135,1,1,Champions
2307,27,Male,Gloves,Accessories,78,Florida,L,Silver,Winter,3.4,No,Standard,0,No,8,Cash,Bi-Weekly,0,0,0,26,2028,4455.971442837853,High,0,Neutral,26-35,0.45322128851540616,0,0.4171240281269376,0,0,Growth Prospects
2308,28,Male,Skirt,Clothing,96,Missouri,L,Green,Fall,3.5,No,Next Day Air,0,No,30,Debit Card,Annually,0,0,0,1,96,329.66277163057407,Low,0,Neutral,26-35,0.43673469387755104,0,0.3275994619792193,0,0,At-Risk Loyalists
2309,49,Male,Sunglasses,Accessories,81,North Dakota,M,Teal,Winter,3.4,No,2-Day Shipping,0,No,22,Bank Transfer,Quarterly,0,0,0,4,324,1015.9001259610445,Mid,0,Neutral,46-55,0.39495798319327735,0,0.33248379013404317,0,0,Growth Prospects
2310,70,Male,Dress,Clothing,95,Connecticut,S,Gold,Fall,5.0,No,2-Day Shipping,0,No,3,Bank Transfer,Quarterly,0,0,0,4,380,526.7918572255584,Mid,0,Promoter,56+,0.2398559423769508,0,0.5124496674497353,1,0,Growth Prospects
2311,30,Male,Gloves,Accessories,68,Virginia,M,Cyan,Spring,4.6,No,Standard,0,No,15,Paypal,Monthly,0,0,0,12,816,2262.432397347661,High,0,Promoter,26-35,0.4005602240896359,0,0.5071537322362245,1,0,Growth Prospects
2312,27,Male,Sneakers,Footwear,28,Montana,L,Gold,Spring,4.8,No,2-Day Shipping,0,No,10,Bank Transfer,Every 3 Months,0,0,0,4,112,268.5642705534175,Low,0,Promoter,26-35,0.29699879951980795,0,0.48209618161209167,1,0,Growth Prospects
2313,19,Male,T-Shirt,Clothing,30,Vermont,L,Violet,Summer,3.7,No,Free Shipping,0,No,19,Cash,Every 3 Months,0,0,0,4,120,359.4878728264789,Low,0,Neutral,18-25,0.37046818727491,0,0.35233328504009565,0,0,Growth Prospects
2314,64,Male,Dress,Clothing,31,Georgia,M,Black,Summer,4.7,No,Next Day Air,0,No,36,Bank Transfer,Fortnightly,0,0,0,26,806,2910.3998375912447,High,0,Promoter,56+,0.6817927170868348,1,0.5350964593781884,1,1,Growth Prospects
2315,42,Male,Handbag,Accessories,95,Virginia,Xl,Brown,Winter,4.4,No,Express,0,No,12,Bank Transfer,Every 3 Months,0,0,0,4,380,974.6807558353839,Mid,0,Promoter,36-45,0.3133253301320528,0,0.45146962008465,1,0,Growth Prospects
2316,69,Male,Socks,Clothing,79,Vermont,M,Indigo,Winter,3.5,No,2-Day Shipping,0,No,49,Debit Card,Quarterly,0,0,0,4,316,1236.1992697152941,Mid,0,Neutral,56+,0.6153661464585836,1,0.3499040765872668,0,0,At-Risk Loyalists
2317,28,Male,Sneakers,Footwear,39,Montana,L,Yellow,Winter,3.8,No,Standard,0,No,7,Debit Card,Annually,0,0,0,1,39,81.09822012551359,Low,0,Neutral,26-35,0.2489795918367347,0,0.3574837274905849,0,0,Growth Prospects
2318,47,Male,Jacket,Outerwear,34,New Jersey,M,Purple,Summer,4.7,No,Next Day Air,0,No,28,Bank Transfer,Monthly,0,0,0,12,408,1373.8566986344815,Mid,0,Promoter,46-55,0.5066826730692278,0,0.49729102891236804,1,0,Growth Prospects
2319,69,Male,Hoodie,Clothing,28,Wyoming,L,White,Spring,3.1,No,Store Pickup,0,No,30,Credit Card,Annually,0,0,0,1,28,96.1516417255841,Low,0,Neutral,56+,0.43673469387755104,0,0.2738541050407789,0,0,At-Risk Loyalists
2320,56,Male,Sandals,Footwear,38,Maine,Xl,Turquoise,Winter,5.0,No,Free Shipping,0,No,29,Paypal,Monthly,0,0,0,12,456,1550.9460060379429,High,0,Promoter,56+,0.5148459383753501,0,0.5376481714666782,1,0,Growth Prospects
2321,28,Male,Shoes,Footwear,55,New Mexico,M,Olive,Spring,3.7,No,Free Shipping,0,No,9,Debit Card,Every 3 Months,0,0,0,4,220,506.5687204586901,Low,0,Neutral,26-35,0.28883553421368546,0,0.3559520931405885,0,0,Growth Prospects
2322,50,Male,Sandals,Footwear,31,Colorado,M,Beige,Winter,3.0,No,Next Day Air,0,No,27,Debit Card,Fortnightly,0,0,0,26,806,2685.7568352012145,High,0,Neutral,46-55,0.6083233293317327,1,0.3255692957137465,0,0,Growth Prospects
2323,39,Male,Coat,Outerwear,84,Connecticut,S,Lavender,Spring,4.5,No,Store Pickup,0,No,21,Venmo,Fortnightly,0,0,0,26,2184,6750.836718134562,Premium,0,Promoter,36-45,0.5593437374949981,1,0.6055873758807535,1,1,Champions
2324,35,Male,Gloves,Accessories,93,Maryland,L,White,Winter,4.7,No,Express,0,No,36,Credit Card,Monthly,0,0,0,12,1116,4029.7843905109544,High,0,Promoter,26-35,0.5719887955182074,1,0.5626380322810176,1,1,Growth Prospects
2325,59,Male,Coat,Outerwear,28,Oregon,L,Brown,Winter,3.5,No,Free Shipping,0,No,19,Debit Card,Annually,0,0,0,1,28,83.88050365951175,Low,0,Neutral,56+,0.34693877551020413,0,0.3215521833796608,0,0,Growth Prospects
2326,44,Male,Boots,Footwear,55,New York,M,Charcoal,Summer,4.4,No,2-Day Shipping,0,No,47,Cash,Weekly,0,0,0,52,2860,11071.634891196569,Premium,0,Promoter,36-45,0.9755102040816328,1,0.6998972026256414,1,1,Champions
2327,66,Male,Skirt,Clothing,63,Oklahoma,L,Maroon,Winter,2.6,No,Standard,0,No,38,Bank Transfer,Annually,0,0,0,1,63,230.80438370616773,Low,0,Detractor,56+,0.5020408163265306,0,0.21716712941667454,0,0,At-Risk Loyalists
2328,20,Male,Skirt,Clothing,94,Alabama,M,Red,Winter,4.2,No,2-Day Shipping,0,No,22,Venmo,Bi-Weekly,0,0,0,26,2444,7663.147863730842,Premium,0,Promoter,18-25,0.5675070028011204,1,0.592034071130358,1,1,Champions
2329,45,Male,Pants,Clothing,36,North Dakota,M,Maroon,Fall,2.6,No,Express,0,No,29,Venmo,Bi-Weekly,0,0,0,26,936,3183.5207492357777,High,0,Detractor,36-45,0.6246498599439776,1,0.28981638371493657,0,0,Growth Prospects
2330,49,Male,Hat,Accessories,97,Nebraska,S,Teal,Spring,4.8,No,Free Shipping,0,No,42,Bank Transfer,Annually,0,0,0,1,97,364.83641122227556,Low,0,Promoter,46-55,0.5346938775510204,0,0.48446488160337425,1,0,At-Risk Loyalists
2331,60,Male,Backpack,Accessories,63,Arizona,L,Orange,Summer,2.9,No,Store Pickup,0,No,47,Paypal,Every 3 Months,0,0,0,4,252,975.5426547487886,Mid,0,Detractor,56+,0.5990396158463387,1,0.271490826426739,0,0,At-Risk Loyalists
2332,61,Male,Scarf,Accessories,77,Illinois,S,Olive,Spring,4.3,No,2-Day Shipping,0,No,10,Credit Card,Bi-Weekly,0,0,0,26,2002,4800.586336142338,Premium,0,Promoter,56+,0.4695478191276511,0,0.5336030054208354,1,0,Champions
2333,36,Male,Scarf,Accessories,53,South Carolina,Xl,Olive,Fall,2.6,No,Store Pickup,0,No,10,Venmo,Monthly,0,0,0,12,636,1525.0613934997637,Mid,0,Detractor,36-45,0.35974389755902364,0,0.2490113010172672,0,0,Growth Prospects
2334,33,Male,Shirt,Clothing,77,Kansas,M,Beige,Spring,3.8,No,Next Day Air,0,No,1,Paypal,Every 3 Months,0,0,0,4,308,213.48933161246316,Low,0,Neutral,26-35,0.2235294117647059,0,0.36074110623428274,0,0,Growth Prospects
2335,49,Male,Boots,Footwear,79,Kansas,L,Green,Summer,4.2,No,Standard,0,No,7,Credit Card,Monthly,0,0,0,12,948,1971.3105815124843,High,0,Promoter,46-55,0.3352541016406563,0,0.4519909098678837,1,0,Growth Prospects
2336,31,Male,Coat,Outerwear,37,Idaho,M,Black,Summer,3.9,No,Store Pickup,0,No,10,Venmo,Fortnightly,0,0,0,26,962,2306.7752524320326,High,0,Neutral,26-35,0.4695478191276511,0,0.42424475316628857,0,0,Growth Prospects
2337,19,Male,Belt,Accessories,94,California,M,Green,Winter,3.1,No,Free Shipping,0,No,11,Credit Card,Weekly,0,0,0,52,4888,12146.223704163745,Premium,0,Neutral,18-25,0.6816326530612244,1,0.5703366117238862,1,1,Champions
2338,39,Male,Boots,Footwear,76,North Dakota,S,Violet,Fall,3.6,No,Store Pickup,0,No,5,Cash,Annually,0,0,0,1,76,136.17371966133217,Low,0,Neutral,36-45,0.2326530612244898,0,0.33483881666138776,0,0,Growth Prospects
2339,66,Male,Sneakers,Footwear,68,Georgia,S,Silver,Fall,4.0,No,Express,0,No,21,Paypal,Quarterly,0,0,0,4,272,840.7635473134619,Mid,0,Promoter,56+,0.3867947178871549,0,0.4001746929286251,0,0,Growth Prospects
2340,25,Male,Shirt,Clothing,65,Illinois,L,Maroon,Spring,3.4,No,Next Day Air,0,No,24,Bank Transfer,Quarterly,0,0,0,4,260,836.9077144657322,Mid,0,Neutral,18-25,0.4112845138055222,0,0.32807982320650875,0,0,Growth Prospects
2341,63,Male,Blouse,Clothing,24,Delaware,M,Cyan,Summer,2.6,No,Standard,0,No,37,Credit Card,Fortnightly,0,0,0,26,624,2269.8537636692645,High,0,Detractor,56+,0.6899559823929573,1,0.26733632909362437,0,0,Growth Prospects
2342,56,Male,Jacket,Outerwear,31,Connecticut,L,Teal,Summer,4.5,No,Express,0,No,22,Venmo,Every 3 Months,0,0,0,4,124,388.80128277521453,Low,0,Promoter,56+,0.39495798319327735,0,0.449054518341938,1,0,Growth Prospects
2343,20,Male,Skirt,Clothing,89,Tennessee,M,Olive,Fall,4.9,No,Standard,0,No,16,Debit Card,Fortnightly,0,0,0,26,2314,6556.055678146085,Premium,0,Promoter,18-25,0.5185274109643858,0,0.6487949422180421,1,0,Champions
2344,58,Male,Socks,Clothing,49,Maryland,M,Red,Summer,4.4,No,2-Day Shipping,0,No,44,Paypal,Monthly,0,0,0,12,588,2238.317543984948,High,0,Promoter,56+,0.637294917967187,1,0.48256040531367783,1,1,Growth Prospects
2345,34,Male,Sandals,Footwear,92,Rhode Island,Xl,Lavender,Fall,3.5,No,Express,0,No,14,Venmo,Bi-Weekly,0,0,0,26,2392,6477.656081036486,Premium,0,Neutral,26-35,0.5022008803521409,0,0.47886598204638847,1,0,Champions
2346,28,Male,T-Shirt,Clothing,32,New York,S,Orange,Winter,3.3,No,Express,0,No,23,Bank Transfer,Every 3 Months,0,0,0,4,128,406.79089028453706,Low,0,Neutral,26-35,0.4031212484993998,0,0.3054971384276083,0,0,Growth Prospects
2347,22,Male,Jacket,Outerwear,67,New Mexico,L,Brown,Winter,3.1,No,Standard,0,No,46,Debit Card,Fortnightly,0,0,0,26,1742,6706.957122178922,Premium,0,Neutral,18-25,0.7634253701480593,1,0.436507753075698,1,1,Champions
2348,37,Male,Belt,Accessories,64,California,S,Gray,Fall,4.2,No,Express,0,No,46,Cash,Every 3 Months,0,0,0,4,256,985.637786037775,Mid,0,Promoter,36-45,0.5908763505402161,1,0.4277392091595845,1,1,At-Risk Loyalists
2349,54,Male,Shoes,Footwear,84,Maine,M,Orange,Spring,4.9,No,Next Day Air,0,No,16,Paypal,Every 3 Months,0,0,0,4,336,951.9596836028886,Mid,0,Promoter,46-55,0.3459783913565426,0,0.5109105860460887,1,0,Growth Prospects
2350,65,Male,Blouse,Clothing,34,New York,M,Orange,Fall,3.9,No,Standard,0,No,40,Credit Card,Every 3 Months,0,0,0,4,136,505.0458010717859,Low,0,Neutral,56+,0.5418967587034815,0,0.37991462291178274,0,0,At-Risk Loyalists
2351,57,Male,Shoes,Footwear,26,Hawaii,M,Turquoise,Winter,4.2,No,Free Shipping,0,No,21,Cash,Annually,0,0,0,1,26,80.36710378731621,Low,0,Promoter,56+,0.363265306122449,0,0.4054657389504748,0,0,Growth Prospects
2352,38,Male,Sweater,Clothing,50,New Hampshire,S,Cyan,Fall,4.9,No,Store Pickup,0,No,25,Paypal,Bi-Weekly,0,0,0,26,1300,4235.525499427927,High,0,Promoter,36-45,0.5919967987194878,1,0.5917001297841196,1,1,Growth Prospects
2353,70,Male,Boots,Footwear,46,Nebraska,M,Yellow,Fall,2.8,No,Store Pickup,0,No,25,Bank Transfer,Quarterly,0,0,0,4,184,599.4897629959527,Mid,0,Detractor,56+,0.41944777911164466,0,0.25023834200883643,0,0,Growth Prospects
2354,56,Male,Handbag,Accessories,71,Montana,M,White,Fall,4.1,No,Standard,0,No,25,Debit Card,Every 3 Months,0,0,0,4,284,925.2994167981009,Mid,0,Promoter,56+,0.41944777911164466,0,0.41425463123601236,0,0,Growth Prospects
2355,56,Male,Blouse,Clothing,78,Wisconsin,M,Blue,Summer,4.8,No,Next Day Air,0,No,27,Venmo,Monthly,0,0,0,12,936,3118.9434215239908,High,0,Promoter,56+,0.49851940776310527,0,0.5522275095658293,1,0,Growth Prospects
2356,22,Male,Skirt,Clothing,35,Tennessee,S,Purple,Winter,4.1,No,Next Day Air,0,No,12,Cash,Monthly,0,0,0,12,420,1077.2787301338453,Mid,0,Promoter,18-25,0.37607042817126857,0,0.4179939622166307,0,0,Growth Prospects
2357,57,Male,Backpack,Accessories,58,Montana,M,Gray,Summer,3.0,No,Free Shipping,0,No,27,Debit Card,Quarterly,0,0,0,4,232,773.0714463606473,Mid,0,Neutral,56+,0.4357743097238896,0,0.2785091822437807,0,0,Growth Prospects
2358,53,Male,Shirt,Clothing,67,Michigan,L,Cyan,Fall,4.2,No,2-Day Shipping,0,No,40,Credit Card,Bi-Weekly,0,0,0,26,1742,6469.042540198904,Premium,0,Promoter,46-55,0.7144457783113245,1,0.5626540526765298,1,1,Champions
2359,53,Male,Sweater,Clothing,93,Texas,L,Pink,Spring,3.8,No,Standard,0,No,38,Credit Card,Quarterly,0,0,0,4,372,1362.8449323602283,Mid,0,Neutral,46-55,0.5255702280912364,0,0.3890200930996125,0,0,At-Risk Loyalists
2360,19,Male,Scarf,Accessories,81,Pennsylvania,S,Gold,Spring,3.3,No,2-Day Shipping,0,No,44,Bank Transfer,Every 3 Months,0,0,0,4,324,1233.3586466855836,Mid,0,Neutral,18-25,0.5745498199279713,1,0.32583418530097186,0,0,At-Risk Loyalists
2361,49,Male,Handbag,Accessories,80,New York,L,Silver,Fall,4.7,No,2-Day Shipping,0,No,27,Venmo,Every 3 Months,0,0,0,4,320,1066.3054432560652,Mid,0,Promoter,46-55,0.4357743097238896,0,0.48972397315903676,1,0,Growth Prospects
2362,44,Male,Scarf,Accessories,64,Alabama,M,Gray,Spring,4.3,No,2-Day Shipping,0,No,30,Credit Card,Every 3 Months,0,0,0,4,256,879.1007243481974,Mid,0,Promoter,36-45,0.4602641056422569,0,0.4371179488931967,1,0,At-Risk Loyalists
2363,27,Male,Jeans,Clothing,41,Virginia,M,Brown,Fall,2.7,No,Standard,0,No,24,Credit Card,Monthly,0,0,0,12,492,1583.6869058351547,High,0,Detractor,26-35,0.47402961184473796,0,0.2624537354494196,0,0,Growth Prospects
2364,60,Male,Socks,Clothing,79,Pennsylvania,Xl,Pink,Winter,4.2,No,Express,0,No,38,Cash,Bi-Weekly,0,0,0,26,2054,7524.955621150293,Premium,0,Promoter,56+,0.6981192476990796,1,0.5886339601374821,1,1,Champions
2365,62,Male,Sunglasses,Accessories,60,Mississippi,L,Maroon,Winter,4.2,No,Free Shipping,0,No,4,Paypal,Quarterly,0,0,0,4,240,386.2650989841841,Low,0,Promoter,56+,0.24801920768307323,0,0.4129921175426833,0,0,Growth Prospects
2366,52,Male,Sneakers,Footwear,91,Wyoming,S,Peach,Winter,2.5,No,Next Day Air,0,No,32,Venmo,Monthly,0,0,0,12,1092,3818.1862571213965,High,0,Detractor,46-55,0.5393357342937175,0,0.29343182731628903,0,0,Growth Prospects
2367,30,Male,Shoes,Footwear,66,New Mexico,L,Brown,Winter,3.6,No,Express,0,No,32,Credit Card,Fortnightly,0,0,0,26,1716,6000.00697547648,Premium,0,Neutral,26-35,0.649139655862345,1,0.479113803022264,1,1,Champions
2368,66,Male,Socks,Clothing,85,North Dakota,L,Green,Winter,3.4,No,Standard,0,No,28,Bank Transfer,Bi-Weekly,0,0,0,26,2210,7441.723784270108,Premium,0,Neutral,56+,0.616486594637855,1,0.490586106522482,1,1,Champions
2369,29,Male,Sunglasses,Accessories,38,New Jersey,M,Lavender,Summer,3.3,No,Standard,0,No,6,Debit Card,Every 3 Months,0,0,0,4,152,295.77834265640763,Low,0,Neutral,26-35,0.26434573829531816,0,0.3027657623641687,0,0,Growth Prospects
2370,24,Male,Sweater,Clothing,23,Vermont,M,Cyan,Winter,4.6,No,Standard,0,No,24,Paypal,Monthly,0,0,0,12,276,888.4097276636234,Mid,0,Promoter,18-25,0.47402961184473796,0,0.47334698956808874,1,0,Growth Prospects
2371,51,Male,Shoes,Footwear,71,Alaska,M,Black,Spring,3.9,No,Store Pickup,0,No,38,Venmo,Weekly,0,0,0,52,3692,13525.869597510655,Premium,0,Neutral,46-55,0.9020408163265305,1,0.7002817093693672,1,1,Champions
2372,67,Male,Socks,Clothing,25,Indiana,M,Charcoal,Winter,3.7,No,Next Day Air,0,No,28,Debit Card,Annually,0,0,0,1,25,84.18239574966185,Low,0,Neutral,56+,0.4204081632653061,0,0.345559611196123,0,0,Growth Prospects
2373,50,Male,Boots,Footwear,39,Alabama,Xl,Silver,Spring,3.1,No,Express,0,No,9,Paypal,Fortnightly,0,0,0,26,1014,2334.8212842959624,High,0,Neutral,46-55,0.4613845538215286,0,0.3289348036312524,0,0,Growth Prospects
2374,37,Male,Hoodie,Clothing,20,Michigan,M,Gray,Spring,4.9,No,Express,0,No,21,Debit Card,Every 3 Months,0,0,0,4,80,247.28339626866529,Low,0,Promoter,36-45,0.3867947178871549,0,0.4935725825066541,1,0,Growth Prospects
2375,69,Male,Gloves,Accessories,73,Washington,L,Peach,Winter,4.7,No,Standard,0,No,31,Debit Card,Monthly,0,0,0,12,876,3035.9846508525607,High,0,Promoter,56+,0.5311724689875951,0,0.5381863745292446,1,0,Growth Prospects
2376,60,Male,Backpack,Accessories,63,Virginia,L,Peach,Fall,2.9,No,Next Day Air,0,No,18,Credit Card,Quarterly,0,0,0,4,252,741.9986227499429,Mid,0,Detractor,56+,0.3623049219687875,0,0.26574465995826335,0,0,Growth Prospects
2377,21,Male,Gloves,Accessories,94,Tennessee,Xl,Cyan,Spring,4.1,No,Express,0,No,5,Cash,Weekly,0,0,0,52,4888,8758.120285586732,Premium,0,Promoter,18-25,0.6326530612244898,1,0.6069750028275764,1,1,Champions
2378,44,Male,Blouse,Clothing,94,South Dakota,L,Magenta,Fall,4.0,No,Next Day Air,0,No,22,Cash,Annually,0,0,0,1,94,294.73645629734006,Low,0,Promoter,36-45,0.37142857142857144,0,0.38674012757312226,0,0,Growth Prospects
2379,26,Male,Scarf,Accessories,71,New Hampshire,L,Teal,Summer,2.7,No,Store Pickup,0,No,37,Paypal,Bi-Weekly,0,0,0,26,1846,6714.984050854908,Premium,0,Detractor,26-35,0.6899559823929573,1,0.3887052493165912,0,0,Champions
2380,40,Male,Hat,Accessories,77,South Dakota,M,Peach,Spring,4.0,No,2-Day Shipping,0,No,22,Debit Card,Monthly,0,0,0,12,924,2897.1966555185345,High,0,Promoter,36-45,0.45770308123249304,0,0.45077160551035866,1,0,Growth Prospects
2381,41,Male,Scarf,Accessories,66,Pennsylvania,M,Black,Fall,2.5,No,Next Day Air,0,No,36,Paypal,Fortnightly,0,0,0,26,1716,6196.335138097489,Premium,0,Detractor,36-45,0.6817927170868348,1,0.35194430241552555,0,0,Champions
2382,62,Male,Sandals,Footwear,23,Wisconsin,M,Teal,Summer,4.5,No,Free Shipping,0,No,23,Paypal,Annually,0,0,0,1,23,73.09523809800275,Low,0,Promoter,56+,0.3795918367346939,0,0.4412868204380659,1,0,Growth Prospects
2383,39,Male,Sweater,Clothing,60,California,M,Turquoise,Spring,3.9,No,Express,0,No,44,Debit Card,Weekly,0,0,0,52,3120,11876.786968083397,Premium,0,Neutral,36-45,0.9510204081632654,1,0.6597073336173573,1,1,Champions
2384,53,Male,Backpack,Accessories,72,Rhode Island,L,Gold,Spring,4.9,No,2-Day Shipping,0,No,25,Bank Transfer,Annually,0,0,0,1,72,234.58295073754672,Low,0,Promoter,46-55,0.3959183673469388,0,0.49326009807439947,1,0,Growth Prospects
2385,24,Male,Blouse,Clothing,35,Alabama,L,Green,Winter,3.3,No,2-Day Shipping,0,No,40,Paypal,Quarterly,0,0,0,4,140,519.9000893386032,Low,0,Neutral,18-25,0.5418967587034815,0,0.3082801009435754,0,0,At-Risk Loyalists
2386,41,Male,Scarf,Accessories,31,Oklahoma,M,Brown,Fall,3.8,No,Express,0,No,12,Paypal,Weekly,0,0,0,52,1612,4134.698364227997,High,0,Neutral,36-45,0.689795918367347,1,0.4572193577496572,1,1,Growth Prospects
2387,19,Male,Socks,Clothing,33,Illinois,L,Blue,Summer,2.9,No,Standard,0,No,14,Venmo,Monthly,0,0,0,12,396,1072.3878796364752,Mid,0,Detractor,18-25,0.39239695878351344,0,0.2738736267026388,0,0,Growth Prospects
2388,36,Male,Hat,Accessories,95,Tennessee,M,Gold,Summer,4.0,No,2-Day Shipping,0,No,14,Debit Card,Monthly,0,0,0,12,1140,3087.1772292565197,High,0,Promoter,36-45,0.39239695878351344,0,0.4554459274920926,1,0,Growth Prospects
2389,21,Male,Dress,Clothing,68,Alabama,M,Peach,Fall,4.1,No,Store Pickup,0,No,10,Debit Card,Annually,0,0,0,1,68,163.0568785502892,Low,0,Promoter,18-25,0.27346938775510204,0,0.39550025555516855,0,0,Growth Prospects
2390,25,Male,Coat,Outerwear,87,Kansas,M,Violet,Spring,3.1,No,Store Pickup,0,No,17,Bank Transfer,Every 3 Months,0,0,0,4,348,1005.8493717478652,Mid,0,Neutral,18-25,0.35414165666266506,0,0.2962364992641016,0,0,Growth Prospects
2391,65,Male,Shirt,Clothing,64,Arizona,Xl,Yellow,Winter,4.6,No,Express,0,No,24,Debit Card,Fortnightly,0,0,0,26,1664,5356.209372580685,Premium,0,Promoter,56+,0.5838335334133653,1,0.5832736714351587,1,1,Champions
2392,42,Male,Shirt,Clothing,74,Michigan,M,Black,Winter,4.6,No,Next Day Air,0,No,31,Bank Transfer,Quarterly,0,0,0,4,296,1025.857827228719,Mid,0,Promoter,36-45,0.4684273709483794,0,0.4767287915097481,1,0,At-Risk Loyalists
2393,40,Male,Jeans,Clothing,62,Missouri,L,Silver,Spring,2.6,No,2-Day Shipping,0,No,36,Cash,Annually,0,0,0,1,62,223.8769105839419,Low,0,Detractor,36-45,0.48571428571428577,0,0.21699668441139863,0,0,At-Risk Loyalists
2394,58,Male,Socks,Clothing,97,Louisiana,M,Brown,Winter,5.0,No,2-Day Shipping,0,No,38,Paypal,Every 3 Months,0,0,0,4,388,1421.4619186983027,Mid,0,Promoter,56+,0.5255702280912364,0,0.5344623177563342,1,0,At-Risk Loyalists
2395,40,Male,Sandals,Footwear,47,Connecticut,L,Peach,Fall,2.9,No,2-Day Shipping,0,No,23,Debit Card,Fortnightly,0,0,0,26,1222,3883.5817806851896,High,0,Detractor,36-45,0.575670268107243,1,0.3430408325281735,0,0,Growth Prospects
2396,62,Male,Blouse,Clothing,83,Connecticut,M,Cyan,Winter,3.5,No,2-Day Shipping,0,No,47,Paypal,Bi-Weekly,0,0,0,26,2158,8354.051781539229,Premium,0,Neutral,56+,0.7715886354541817,1,0.5250332163941883,1,1,Champions
2397,38,Male,Shirt,Clothing,82,Oregon,M,Olive,Spring,3.7,No,2-Day Shipping,0,No,20,Venmo,Weekly,0,0,0,52,4264,12981.843674452675,Premium,0,Neutral,36-45,0.7551020408163265,1,0.6628963811710739,1,1,Champions
2398,37,Male,Sunglasses,Accessories,26,West Virginia,L,Black,Fall,2.9,No,Store Pickup,0,No,41,Venmo,Monthly,0,0,0,12,312,1166.1529209044108,Mid,0,Detractor,36-45,0.6128051220488195,1,0.27618064149311616,0,0,At-Risk Loyalists
2399,65,Male,Jacket,Outerwear,81,Florida,M,Orange,Winter,4.3,No,Free Shipping,0,No,44,Bank Transfer,Fortnightly,0,0,0,26,2106,8016.831203456293,Premium,0,Promoter,56+,0.7470988395358142,1,0.6127361703867369,1,1,Champions
2400,55,Male,Dress,Clothing,44,New Hampshire,L,Beige,Spring,3.2,No,Store Pickup,0,No,31,Cash,Monthly,0,0,0,12,528,1829.9085566782555,High,0,Neutral,46-55,0.5311724689875951,0,0.3285118247175467,0,0,Growth Prospects
2401,43,Male,Sunglasses,Accessories,88,Oregon,M,Peach,Winter,4.2,No,Next Day Air,0,No,11,Credit Card,Bi-Weekly,0,0,0,26,2288,5685.466414714945,Premium,0,Promoter,36-45,0.4777110844337735,0,0.5433747809297089,1,0,Champions
2402,43,Male,Boots,Footwear,76,Oregon,M,Pink,Winter,4.2,No,Standard,0,No,25,Paypal,Bi-Weekly,0,0,0,26,1976,6437.998759130449,Premium,0,Promoter,36-45,0.5919967987194878,1,0.5618902449598286,1,1,Champions
2403,45,Male,Scarf,Accessories,89,Utah,M,Brown,Winter,3.8,No,Free Shipping,0,No,31,Cash,Weekly,0,0,0,52,4628,16039.425758157135,Premium,0,Neutral,36-45,0.8448979591836736,1,0.750125773648469,1,1,Champions
2404,64,Male,Shorts,Clothing,22,Missouri,M,Magenta,Fall,4.4,No,Standard,0,No,40,Debit Card,Weekly,0,0,0,52,1144,4248.326444309729,High,0,Promoter,56+,0.9183673469387756,1,0.5320150869235294,1,1,Growth Prospects
2405,28,Male,Shorts,Clothing,33,West Virginia,L,Cyan,Winter,3.1,No,2-Day Shipping,0,No,23,Credit Card,Bi-Weekly,0,0,0,26,858,2726.7701864385376,High,0,Neutral,26-35,0.575670268107243,1,0.33857839683109336,0,0,Growth Prospects
2406,69,Male,Jeans,Clothing,97,California,Xl,Silver,Fall,5.0,No,Standard,0,No,5,Debit Card,Quarterly,0,0,0,4,388,695.2026740604854,Mid,0,Promoter,56+,0.25618247298919566,0,0.51659328259735,1,0,Growth Prospects
2407,54,Male,Scarf,Accessories,57,California,M,Indigo,Winter,4.7,No,Standard,0,No,26,Paypal,Weekly,0,0,0,52,2964,9768.860470836831,Premium,0,Promoter,46-55,0.8040816326530613,1,0.703843466864601,1,1,Champions
2408,52,Male,Shorts,Clothing,38,Illinois,M,Beige,Summer,3.0,No,Express,0,No,11,Credit Card,Bi-Weekly,0,0,0,26,988,2455.0877699905445,High,0,Neutral,46-55,0.4777110844337735,0,0.3198938655326202,0,0,Growth Prospects
2409,23,Male,Sneakers,Footwear,55,Hawaii,Xl,Black,Fall,4.2,No,Next Day Air,0,No,44,Debit Card,Every 3 Months,0,0,0,4,220,837.4657477494703,Mid,0,Promoter,18-25,0.5745498199279713,1,0.4240935531747544,0,0,At-Risk Loyalists
2410,26,Male,Jewelry,Accessories,37,Washington,L,Yellow,Spring,3.0,No,Store Pickup,0,No,47,Cash,Every 3 Months,0,0,0,4,148,572.9377496143679,Mid,0,Neutral,26-35,0.5990396158463387,1,0.27358505068874595,0,0,At-Risk Loyalists
2411,48,Male,Shoes,Footwear,43,Wisconsin,M,Maroon,Summer,3.7,No,Free Shipping,0,No,46,Paypal,Monthly,0,0,0,12,516,1986.67616248239,High,0,Neutral,46-55,0.6536214485794318,1,0.392368967852848,0,0,Growth Prospects
2412,49,Male,Hoodie,Clothing,96,Virginia,M,Cyan,Summer,2.7,No,Free Shipping,0,No,35,Cash,Every 3 Months,0,0,0,4,384,1376.0712723671463,Mid,0,Detractor,46-55,0.5010804321728692,0,0.2573455167501248,0,0,At-Risk Loyalists
2413,53,Male,Jacket,Outerwear,51,Oregon,M,Pink,Winter,4.3,No,2-Day Shipping,0,No,8,Bank Transfer,Bi-Weekly,0,0,0,26,1326,2913.5197895478273,High,0,Promoter,46-55,0.45322128851540616,0,0.4871732233321321,1,0,Growth Prospects
2414,69,Male,Shorts,Clothing,95,Pennsylvania,Xl,Violet,Fall,2.7,No,2-Day Shipping,0,No,30,Bank Transfer,Weekly,0,0,0,52,4940,16963.89679015662,Premium,0,Detractor,56+,0.8367346938775511,1,0.6408716532998866,1,1,Champions
2415,26,Male,Socks,Clothing,26,Virginia,M,Lavender,Summer,3.7,No,Next Day Air,0,No,14,Credit Card,Bi-Weekly,0,0,0,26,676,1830.641935945094,High,0,Neutral,26-35,0.5022008803521409,0,0.388529868935229,0,0,Growth Prospects
2416,21,Male,Coat,Outerwear,34,Hawaii,Xl,Lavender,Fall,4.3,No,Standard,0,No,30,Bank Transfer,Weekly,0,0,0,52,1768,6071.289377529739,Premium,0,Promoter,18-25,0.8367346938775511,1,0.5648676502302836,1,1,Champions
2417,59,Male,Sandals,Footwear,83,Nebraska,S,Black,Summer,4.0,No,Next Day Air,0,No,26,Credit Card,Every 3 Months,0,0,0,4,332,1094.2178395134372,Mid,0,Promoter,56+,0.4276110444177671,0,0.4064107356254384,0,0,Growth Prospects
2418,21,Male,Backpack,Accessories,24,Alaska,M,Olive,Fall,3.3,No,Standard,0,No,32,Venmo,Fortnightly,0,0,0,26,624,2181.8207183550835,High,0,Neutral,18-25,0.649139655862345,1,0.34917034553680776,0,0,Growth Prospects
2419,22,Male,Pants,Clothing,69,Michigan,S,Indigo,Fall,4.0,No,Next Day Air,0,No,47,Cash,Every 3 Months,0,0,0,4,276,1068.451479010578,Mid,0,Promoter,18-25,0.5990396158463387,1,0.40577677467396817,0,0,At-Risk Loyalists
2420,26,Male,Sweater,Clothing,40,North Carolina,M,Blue,Fall,2.7,No,Next Day Air,0,No,11,Credit Card,Every 3 Months,0,0,0,4,160,397.58506396608004,Low,0,Detractor,26-35,0.3051620648259304,0,0.23327063634124373,0,0,Growth Prospects
2421,41,Male,Jacket,Outerwear,87,North Carolina,S,Green,Winter,4.2,No,Free Shipping,0,No,28,Paypal,Annually,0,0,0,1,87,292.95473720882325,Low,0,Promoter,36-45,0.4204081632653061,0,0.41069628978204253,0,0,Growth Prospects
2422,37,Male,Sneakers,Footwear,46,Minnesota,L,Pink,Spring,4.6,No,Standard,0,No,2,Debit Card,Every 3 Months,0,0,0,4,184,202.1446611149322,Low,0,Promoter,36-45,0.23169267707082836,0,0.4564619795760209,1,0,Growth Prospects
2423,30,Male,Jewelry,Accessories,82,Georgia,M,Peach,Winter,4.8,No,Store Pickup,0,No,45,Credit Card,Weekly,0,0,0,52,4264,16325.3269146295,Premium,0,Promoter,26-35,0.9591836734693877,1,0.8771601458161469,1,1,Champions
2424,49,Male,Backpack,Accessories,81,West Virginia,M,Purple,Summer,2.8,No,Free Shipping,0,No,7,Credit Card,Every 3 Months,0,0,0,4,324,673.7390595042668,Mid,0,Detractor,46-55,0.2725090036014406,0,0.2520651873118502,0,0,Growth Prospects
2425,49,Male,Jewelry,Accessories,57,Delaware,M,Peach,Winter,4.5,No,Next Day Air,0,No,28,Bank Transfer,Bi-Weekly,0,0,0,26,1482,4990.332420039955,Premium,0,Promoter,46-55,0.616486594637855,1,0.5622715579652329,1,1,Champions
2426,58,Male,Shoes,Footwear,49,North Dakota,S,Olive,Summer,3.0,No,2-Day Shipping,0,No,34,Bank Transfer,Quarterly,0,0,0,4,196,696.8482200519251,Mid,0,Neutral,56+,0.49291716686674675,0,0.27663376995691746,0,0,At-Risk Loyalists
2427,70,Male,Jacket,Outerwear,42,Florida,M,Olive,Fall,4.6,No,Free Shipping,0,No,26,Debit Card,Every 3 Months,0,0,0,4,168,553.7005934887272,Mid,0,Promoter,56+,0.4276110444177671,0,0.4651117356546091,1,0,Growth Prospects
2428,27,Male,Jacket,Outerwear,26,Oregon,M,Purple,Spring,3.3,No,Standard,0,No,45,Cash,Quarterly,0,0,0,4,104,398.1787052348659,Low,0,Neutral,26-35,0.5827130852340936,1,0.30528524241584043,0,0,At-Risk Loyalists
2429,65,Male,T-Shirt,Clothing,38,Idaho,M,Violet,Spring,4.4,No,Next Day Air,0,No,34,Debit Card,Annually,0,0,0,1,38,135.10322633659771,Low,0,Promoter,56+,0.46938775510204084,0,0.43081247801854317,1,0,At-Risk Loyalists
2430,57,Male,Sneakers,Footwear,57,Virginia,Xl,Maroon,Summer,4.4,No,Standard,0,No,47,Credit Card,Fortnightly,0,0,0,26,1482,5737.119898165494,Premium,0,Promoter,56+,0.7715886354541817,1,0.5686456740972337,1,1,Champions
2431,20,Male,Jacket,Outerwear,100,North Dakota,Xl,White,Summer,4.3,No,Express,0,No,42,Cash,Quarterly,0,0,0,4,400,1504.480046277425,Mid,0,Promoter,18-25,0.5582232893157264,1,0.4525049132227564,1,1,At-Risk Loyalists
2432,34,Male,Hoodie,Clothing,73,Alabama,S,Olive,Fall,3.4,No,Express,0,No,27,Bank Transfer,Every 3 Months,0,0,0,4,292,973.0037169711595,Mid,0,Neutral,26-35,0.4357743097238896,0,0.3314283578678189,0,0,Growth Prospects
2433,59,Male,Jacket,Outerwear,66,Hawaii,M,Peach,Winter,2.8,No,Store Pickup,0,No,43,Venmo,Monthly,0,0,0,12,792,2997.078190063263,High,0,Detractor,56+,0.6291316526610644,1,0.30922911178747753,0,0,Growth Prospects
2434,54,Male,T-Shirt,Clothing,73,Oregon,M,Blue,Spring,3.4,No,Standard,0,No,16,Cash,Bi-Weekly,0,0,0,26,1898,5377.438927018698,Premium,0,Neutral,46-55,0.5185274109643858,0,0.43979600785629663,1,0,Champions
2435,36,Male,Gloves,Accessories,45,Utah,M,Brown,Spring,5.0,No,Store Pickup,0,No,40,Credit Card,Monthly,0,0,0,12,540,2005.3289160203262,High,0,Promoter,36-45,0.6046418567426972,1,0.5488279041228399,1,1,Growth Prospects
2436,21,Male,Sneakers,Footwear,27,Hawaii,S,Black,Fall,4.5,No,Free Shipping,0,No,29,Cash,Bi-Weekly,0,0,0,26,702,2387.640561926833,High,0,Promoter,18-25,0.6246498599439776,1,0.4982343802439106,1,1,Growth Prospects
2437,52,Male,T-Shirt,Clothing,24,Connecticut,M,Yellow,Fall,2.7,No,Store Pickup,0,No,38,Credit Card,Quarterly,0,0,0,4,96,351.701918028446,Low,0,Detractor,46-55,0.5255702280912364,0,0.23214171777116308,0,0,At-Risk Loyalists
2438,43,Male,Sneakers,Footwear,59,Wyoming,Xl,Magenta,Winter,3.4,No,Store Pickup,0,No,34,Credit Card,Weekly,0,0,0,52,3068,10907.807852649521,Premium,0,Neutral,36-45,0.8693877551020408,1,0.5758663677228109,1,1,Champions
2439,32,Male,Jeans,Clothing,20,Delaware,S,Cyan,Winter,3.4,No,Express,0,No,30,Venmo,Weekly,0,0,0,52,1040,3571.346692664552,High,0,Neutral,26-35,0.8367346938775511,1,0.39535853477168625,0,0,Growth Prospects
2440,55,Male,Handbag,Accessories,44,Arkansas,M,Maroon,Summer,2.8,No,Standard,0,No,45,Bank Transfer,Annually,0,0,0,1,44,168.46022144552018,Low,0,Detractor,46-55,0.5591836734693878,1,0.23963320053987447,0,0,At-Risk Loyalists
2441,31,Male,Socks,Clothing,90,Indiana,M,Red,Spring,4.7,No,Standard,0,No,47,Bank Transfer,Annually,0,0,0,1,90,348.4080909817102,Low,0,Promoter,26-35,0.5755102040816327,1,0.4720606757579422,1,1,At-Risk Loyalists
2442,45,Male,Jewelry,Accessories,36,California,M,Black,Fall,4.7,No,Free Shipping,0,No,5,Credit Card,Monthly,0,0,0,12,432,774.0400907065198,Mid,0,Promoter,36-45,0.3189275710284114,0,0.48253301497293455,1,0,Growth Prospects
2443,53,Male,Blouse,Clothing,95,Wyoming,L,Violet,Winter,4.7,No,Free Shipping,0,No,50,Debit Card,Bi-Weekly,0,0,0,26,2470,9711.609312829085,Premium,0,Promoter,46-55,0.7960784313725491,1,0.702434847335299,1,1,Champions
2444,24,Male,Backpack,Accessories,30,South Dakota,M,Green,Spring,3.4,No,2-Day Shipping,0,No,24,Bank Transfer,Bi-Weekly,0,0,0,26,780,2510.7231433971965,High,0,Neutral,18-25,0.5838335334133653,1,0.3692627299578606,0,0,Growth Prospects
2445,47,Male,Scarf,Accessories,65,West Virginia,S,Gold,Fall,3.7,No,Express,0,No,15,Debit Card,Bi-Weekly,0,0,0,26,1690,4685.67494058523,Premium,0,Neutral,46-55,0.5103641456582633,0,0.458775701283176,1,0,Champions
2446,63,Male,Scarf,Accessories,96,Tennessee,M,Brown,Summer,4.1,No,Store Pickup,0,No,50,Cash,Weekly,0,0,0,52,4992,19627.673558559833,Premium,0,Promoter,56+,1.0,1,0.8744117769977537,1,1,Champions
2447,38,Male,Shirt,Clothing,65,Alaska,L,Peach,Spring,2.9,No,2-Day Shipping,0,No,7,Credit Card,Monthly,0,0,0,12,780,1621.9644025102718,High,0,Detractor,36-45,0.3352541016406563,0,0.2873955230258747,0,0,Growth Prospects
2448,59,Male,Pants,Clothing,47,South Dakota,L,Peach,Fall,3.2,No,Store Pickup,0,No,10,Venmo,Fortnightly,0,0,0,26,1222,2930.228023359609,High,0,Neutral,56+,0.4695478191276511,0,0.3555843162299253,0,0,Growth Prospects
2449,54,Male,Hat,Accessories,25,Tennessee,S,Violet,Fall,3.0,No,Free Shipping,0,No,38,Paypal,Bi-Weekly,0,0,0,26,650,2381.31506998427,High,0,Neutral,46-55,0.6981192476990796,1,0.3180787465101522,0,0,Growth Prospects
2450,26,Male,Coat,Outerwear,56,Alabama,S,Violet,Fall,4.1,No,Express,0,No,31,Venmo,Fortnightly,0,0,0,26,1456,5046.111474476402,Premium,0,Promoter,26-35,0.6409763905562225,1,0.5156439575487408,1,1,Champions
2451,68,Male,T-Shirt,Clothing,76,North Carolina,M,Magenta,Fall,4.5,No,Standard,0,No,7,Venmo,Quarterly,0,0,0,4,304,632.1502286706701,Mid,0,Promoter,56+,0.2725090036014406,0,0.4550419269735158,1,0,Growth Prospects
2452,41,Male,Socks,Clothing,60,Oklahoma,M,Purple,Fall,3.4,No,Store Pickup,0,No,27,Venmo,Monthly,0,0,0,12,720,2399.187247326147,High,0,Neutral,36-45,0.49851940776310527,0,0.36651847731929166,0,0,Growth Prospects
2453,68,Male,Shirt,Clothing,67,New York,L,Purple,Winter,4.1,No,Express,0,No,45,Bank Transfer,Every 3 Months,0,0,0,4,268,1026.0758942590776,Mid,0,Promoter,56+,0.5827130852340936,1,0.41673415687681403,0,0,At-Risk Loyalists
2454,21,Male,Sweater,Clothing,95,Iowa,Xl,Cyan,Spring,4.6,No,Store Pickup,0,No,13,Cash,Annually,0,0,0,1,95,250.71044631344955,Low,0,Promoter,18-25,0.2979591836734694,0,0.4576569023665305,1,0,Growth Prospects
2455,32,Male,Gloves,Accessories,72,Alaska,M,Magenta,Winter,4.6,No,Express,0,No,33,Venmo,Annually,0,0,0,1,72,253.89795777236364,Low,0,Promoter,26-35,0.46122448979591835,0,0.4577353285686746,1,0,At-Risk Loyalists
2456,20,Male,Belt,Accessories,98,Alaska,L,Lavender,Spring,3.4,No,Express,0,No,25,Cash,Every 3 Months,0,0,0,4,392,1277.173842904421,Mid,0,Neutral,18-25,0.41944777911164466,0,0.3389122236013623,0,0,Growth Prospects
2457,59,Male,Jeans,Clothing,83,Nebraska,M,Green,Winter,3.3,No,2-Day Shipping,0,No,5,Paypal,Monthly,0,0,0,12,996,1784.5924313511427,High,0,Neutral,56+,0.3189275710284114,0,0.3393968572417896,0,0,Growth Prospects
2458,53,Male,Handbag,Accessories,37,Delaware,M,Maroon,Fall,3.6,No,2-Day Shipping,0,No,23,Cash,Quarterly,0,0,0,4,148,470.351966891496,Low,0,Neutral,46-55,0.4031212484993998,0,0.3430610085208544,0,0,Growth Prospects
2459,66,Male,T-Shirt,Clothing,85,Texas,L,Turquoise,Fall,4.6,No,Free Shipping,0,No,17,Bank Transfer,Weekly,0,0,0,52,4420,12775.443169901047,Premium,0,Promoter,56+,0.7306122448979593,1,0.7658180597591318,1,1,Champions
2460,47,Male,Socks,Clothing,36,Missouri,L,Violet,Fall,4.3,No,2-Day Shipping,0,No,14,Cash,Weekly,0,0,0,52,1872,5069.469976463337,Premium,0,Promoter,46-55,0.7061224489795919,1,0.5402186750430069,1,1,Champions
2461,58,Male,Jeans,Clothing,36,Maine,S,Lavender,Winter,4.0,No,Store Pickup,0,No,28,Credit Card,Annually,0,0,0,1,36,121.22264987951307,Low,0,Promoter,56+,0.4204081632653061,0,0.3824709573968506,0,0,Growth Prospects
2462,28,Male,Scarf,Accessories,86,Pennsylvania,L,Red,Summer,4.8,No,Next Day Air,0,No,19,Credit Card,Weekly,0,0,0,52,4472,13396.914727333447,Premium,0,Promoter,26-35,0.7469387755102042,1,0.8051088766293613,1,1,Champions
2463,68,Male,Pants,Clothing,99,Missouri,Xl,Orange,Spring,4.3,No,Standard,0,No,31,Bank Transfer,Bi-Weekly,0,0,0,26,2574,8920.804213806496,Premium,0,Promoter,56+,0.6409763905562225,1,0.6349777124035632,1,1,Champions
2464,60,Male,Blouse,Clothing,21,Mississippi,Xl,Indigo,Summer,3.3,No,Standard,0,No,25,Cash,Bi-Weekly,0,0,0,26,546,1778.9207097597293,High,0,Neutral,56+,0.5919967987194878,1,0.3392573090112132,0,0,Growth Prospects
2465,47,Male,Jacket,Outerwear,84,Hawaii,L,Teal,Winter,2.8,No,Express,0,No,4,Cash,Bi-Weekly,0,0,0,26,2184,3515.012400756075,High,0,Detractor,46-55,0.42056822729091636,0,0.3219724740086717,0,0,Growth Prospects
2466,18,Male,Sandals,Footwear,63,Texas,M,Brown,Spring,4.4,No,Free Shipping,0,No,20,Bank Transfer,Weekly,0,0,0,52,3276,9973.855505981934,Premium,0,Promoter,18-25,0.7551020408163265,1,0.6728872078117498,1,1,Champions
2467,32,Male,Shorts,Clothing,84,South Dakota,S,Pink,Summer,3.7,No,Express,0,No,37,Cash,Annually,0,0,0,1,84,305.5572374170164,Low,0,Neutral,26-35,0.4938775510204082,0,0.35100636434697785,0,0,At-Risk Loyalists
2468,27,Male,Shorts,Clothing,72,New Jersey,M,Lavender,Spring,3.6,No,Express,0,No,28,Credit Card,Annually,0,0,0,1,72,242.44529975902614,Low,0,Neutral,26-35,0.4204081632653061,0,0.33745354496286845,0,0,Growth Prospects
2469,65,Male,Skirt,Clothing,21,Connecticut,L,Cyan,Winter,3.7,No,2-Day Shipping,0,No,6,Venmo,Weekly,0,0,0,52,1092,2124.933882768402,High,0,Neutral,56+,0.6408163265306123,1,0.3957706898729564,0,0,Growth Prospects
2470,68,Male,Sandals,Footwear,92,Maryland,M,Yellow,Fall,5.0,No,Standard,0,No,27,Paypal,Annually,0,0,0,1,92,306.56281493611874,Low,0,Promoter,56+,0.41224489795918373,0,0.5070311057876915,1,0,Growth Prospects
2471,55,Male,Blouse,Clothing,72,Arizona,Xl,Pink,Fall,2.7,No,Next Day Air,0,No,29,Credit Card,Fortnightly,0,0,0,26,1872,6367.041498471555,Premium,0,Detractor,46-55,0.6246498599439776,1,0.3801443975990404,0,0,Champions
2472,30,Male,Sandals,Footwear,83,Oklahoma,M,Gray,Spring,4.3,No,Store Pickup,0,No,1,Cash,Annually,0,0,0,1,83,57.53121598647546,Low,0,Promoter,26-35,0.2,0,0.41690387996552875,0,0,Growth Prospects
2473,24,Male,Shirt,Clothing,73,Utah,M,Peach,Summer,4.1,No,Standard,0,No,31,Credit Card,Annually,0,0,0,1,73,252.99872090438004,Low,0,Promoter,18-25,0.4448979591836735,0,0.3977132035557004,0,0,At-Risk Loyalists
2474,57,Male,Socks,Clothing,98,Arkansas,M,Red,Winter,2.6,No,Next Day Air,0,No,28,Cash,Quarterly,0,0,0,4,392,1319.979965354698,Mid,0,Detractor,56+,0.44393757503001197,0,0.24396543443858237,0,0,Growth Prospects
2475,23,Male,T-Shirt,Clothing,76,North Carolina,M,Olive,Fall,3.2,No,Store Pickup,0,No,19,Bank Transfer,Quarterly,0,0,0,4,304,910.7026111604132,Mid,0,Neutral,18-25,0.37046818727491,0,0.30589548836096536,0,0,Growth Prospects
2476,69,Male,Dress,Clothing,43,California,S,Lavender,Summer,3.5,No,Next Day Air,0,No,36,Venmo,Monthly,0,0,0,12,516,1863.2336429244197,High,0,Neutral,56+,0.5719887955182074,1,0.36533176214650964,0,0,Growth Prospects
2477,60,Male,Hat,Accessories,60,Colorado,M,Turquoise,Summer,3.7,No,Next Day Air,0,No,28,Cash,Monthly,0,0,0,12,720,2424.4529975902615,High,0,Neutral,56+,0.5066826730692278,0,0.40314012115118913,0,0,Growth Prospects
2478,25,Male,Gloves,Accessories,40,California,L,Turquoise,Spring,3.8,No,2-Day Shipping,0,No,29,Paypal,Weekly,0,0,0,52,2080,7074.490553857283,Premium,0,Neutral,18-25,0.8285714285714285,1,0.5295506229066189,1,1,Champions
2479,18,Male,Socks,Clothing,93,Vermont,S,Maroon,Winter,4.8,No,2-Day Shipping,0,No,9,Bank Transfer,Every 3 Months,0,0,0,4,372,856.5616545937851,Mid,0,Promoter,18-25,0.28883553421368546,0,0.4965633928818743,1,0,Growth Prospects
2480,37,Male,Dress,Clothing,98,Kansas,S,Olive,Fall,4.2,No,Standard,0,No,26,Credit Card,Every 3 Months,0,0,0,4,392,1291.968051473697,Mid,0,Promoter,36-45,0.4276110444177671,0,0.4352762234196443,1,0,Growth Prospects
2481,61,Male,Socks,Clothing,91,Ohio,Xl,Maroon,Summer,2.9,No,Next Day Air,0,No,7,Credit Card,Fortnightly,0,0,0,26,2366,4919.958687614491,Premium,0,Detractor,56+,0.4450580232092837,0,0.36854006785579313,0,0,Champions
2482,41,Male,Belt,Accessories,92,New Jersey,Xl,Cyan,Fall,2.9,No,Free Shipping,0,No,35,Debit Card,Weekly,0,0,0,52,4784,17143.55460157403,Premium,0,Detractor,36-45,0.8775510204081634,1,0.6692919918670118,1,1,Champions
2483,69,Male,Handbag,Accessories,87,Arizona,S,Peach,Winter,4.8,No,Next Day Air,0,No,46,Credit Card,Every 3 Months,0,0,0,4,348,1339.8513653951004,Mid,0,Promoter,56+,0.5908763505402161,1,0.5084543545433546,1,1,At-Risk Loyalists
2484,32,Male,Skirt,Clothing,96,Arizona,S,Teal,Fall,2.9,No,Standard,0,No,8,Debit Card,Monthly,0,0,0,12,1152,2531.2027130913248,High,0,Detractor,26-35,0.3434173669467787,0,0.30976661359666746,0,0,Growth Prospects
2485,60,Male,Hoodie,Clothing,97,New Hampshire,M,Green,Summer,4.8,No,2-Day Shipping,0,No,50,Cash,Every 3 Months,0,0,0,4,388,1525.5483454970383,Mid,0,Promoter,56+,0.6235294117647059,1,0.5130232820865951,1,1,At-Risk Loyalists
2486,43,Male,Blouse,Clothing,55,Louisiana,M,Beige,Spring,4.6,No,2-Day Shipping,0,No,37,Bank Transfer,Annually,0,0,0,1,55,200.0672387849512,Low,0,Promoter,36-45,0.4938775510204082,0,0.45641086624021343,1,0,At-Risk Loyalists
2487,61,Male,Jeans,Clothing,58,Texas,L,Magenta,Spring,4.4,No,Store Pickup,0,No,6,Credit Card,Fortnightly,0,0,0,26,1508,2934.4325047754123,High,0,Promoter,56+,0.4368947579031613,0,0.4996877641747178,1,0,Growth Prospects
2488,57,Male,Boots,Footwear,21,Montana,L,Violet,Spring,3.0,No,Next Day Air,0,No,16,Paypal,Bi-Weekly,0,0,0,26,546,1546.934485854694,Mid,0,Neutral,56+,0.5185274109643858,0,0.2975494711806238,0,0,Growth Prospects
2489,56,Male,Handbag,Accessories,82,New Hampshire,Xl,Charcoal,Summer,4.4,No,Express,0,No,30,Paypal,Monthly,0,0,0,12,984,3379.0434092133837,High,0,Promoter,56+,0.5230092036814726,0,0.5106270643517942,1,0,Growth Prospects
2490,66,Male,Coat,Outerwear,34,South Dakota,M,Green,Winter,3.9,No,Express,0,No,50,Venmo,Quarterly,0,0,0,4,136,534.7282860505082,Mid,0,Neutral,56+,0.6235294117647059,1,0.38064493701326496,0,0,At-Risk Loyalists
2491,52,Male,Blouse,Clothing,78,Montana,M,Gray,Spring,4.0,No,Free Shipping,0,No,5,Cash,Every 3 Months,0,0,0,4,312,559.0289543991531,Mid,0,Promoter,46-55,0.25618247298919566,0,0.3932428357667952,0,0,Growth Prospects
2492,63,Male,Handbag,Accessories,47,North Carolina,M,Magenta,Spring,2.5,No,Express,0,No,15,Bank Transfer,Monthly,0,0,0,12,564,1563.7400393432365,High,0,Detractor,56+,0.4005602240896359,0,0.2379629585522065,0,0,Growth Prospects
2493,50,Male,Sunglasses,Accessories,96,South Dakota,S,Silver,Summer,4.1,No,Next Day Air,0,No,34,Bank Transfer,Bi-Weekly,0,0,0,26,2496,8874.148761477576,Premium,0,Promoter,46-55,0.6654661864745899,1,0.6098297918446454,1,1,Champions
2494,21,Male,Socks,Clothing,23,Maine,S,Beige,Fall,4.8,No,2-Day Shipping,0,No,6,Venmo,Every 3 Months,0,0,0,4,92,179.02373371308883,Low,0,Promoter,18-25,0.26434573829531816,0,0.47989310741679925,1,0,Growth Prospects
2495,42,Male,Shoes,Footwear,27,Oklahoma,S,Peach,Winter,2.6,No,Store Pickup,0,No,26,Debit Card,Annually,0,0,0,1,27,88.9875953821169,Low,0,Detractor,36-45,0.40408163265306124,0,0.21367783933822546,0,0,Growth Prospects
2496,40,Male,Backpack,Accessories,37,Nebraska,Xl,Orange,Spring,3.1,No,Free Shipping,0,No,34,Credit Card,Every 3 Months,0,0,0,4,148,526.1915131004332,Mid,0,Neutral,36-45,0.49291716686674675,0,0.2844348964566518,0,0,At-Risk Loyalists
2497,67,Male,Scarf,Accessories,79,Illinois,S,Yellow,Summer,3.2,No,Store Pickup,0,No,37,Credit Card,Weekly,0,0,0,52,4108,14943.203944155992,Premium,0,Neutral,56+,0.8938775510204082,1,0.6511541016442106,1,1,Champions
2498,35,Male,Backpack,Accessories,40,Colorado,M,Violet,Summer,4.2,No,Standard,0,No,28,Bank Transfer,Annually,0,0,0,1,40,134.69183319945896,Low,0,Promoter,26-35,0.4204081632653061,0,0.4068023560152971,0,0,Growth Prospects
2499,18,Male,Coat,Outerwear,39,Massachusetts,S,Green,Fall,2.6,No,Next Day Air,0,No,38,Cash,Fortnightly,0,0,0,26,1014,3714.851509175461,High,0,Detractor,18-25,0.6981192476990796,1,0.3028893574505711,0,0,Growth Prospects
2500,52,Male,Hoodie,Clothing,73,Louisiana,L,Pink,Summer,3.1,No,Next Day Air,0,No,2,Cash,Quarterly,0,0,0,4,292,320.7947882910881,Low,0,Neutral,46-55,0.23169267707082836,0,0.2793812722525445,0,0,Growth Prospects
2501,59,Male,Gloves,Accessories,84,Massachusetts,M,Violet,Fall,2.9,No,Store Pickup,0,No,32,Cash,Bi-Weekly,0,0,0,26,2184,7636.372514242793,Premium,0,Detractor,56+,0.649139655862345,1,0.4353752848017452,1,1,Champions
2502,49,Male,Shorts,Clothing,94,West Virginia,M,Violet,Fall,4.6,No,Free Shipping,0,No,30,Venmo,Bi-Weekly,0,0,0,26,2444,8392.664727761698,Premium,0,Promoter,46-55,0.6328131252501001,1,0.6579832574418383,1,1,Champions
2503,46,Male,Skirt,Clothing,47,Idaho,L,Pink,Spring,4.1,No,Standard,0,No,17,Paypal,Every 3 Months,0,0,0,4,188,543.3898904844789,Mid,0,Promoter,46-55,0.35414165666266506,0,0.40485804894995503,0,0,Growth Prospects
2504,69,Male,Boots,Footwear,77,Ohio,M,Violet,Summer,2.5,No,Store Pickup,0,No,5,Debit Card,Bi-Weekly,0,0,0,26,2002,3587.102457394566,High,0,Detractor,56+,0.4287314925970388,0,0.28774619291992465,0,0,Growth Prospects
2505,56,Male,Shorts,Clothing,94,Rhode Island,M,Turquoise,Winter,4.0,No,Store Pickup,0,No,31,Cash,Bi-Weekly,0,0,0,26,2444,8470.258546442532,Premium,0,Promoter,56+,0.6409763905562225,1,0.587892392071607,1,1,Champions
2506,27,Male,Handbag,Accessories,75,Illinois,M,Cyan,Summer,3.5,No,Express,0,No,43,Paypal,Quarterly,0,0,0,4,300,1135.2568901754782,Mid,0,Neutral,26-35,0.5663865546218487,1,0.3474204690568346,0,0,At-Risk Loyalists
2507,57,Male,Dress,Clothing,82,New York,Xl,Orange,Spring,4.4,No,Free Shipping,0,No,19,Venmo,Annually,0,0,0,1,82,245.65004643142726,Low,0,Promoter,56+,0.34693877551020413,0,0.43353239522382914,1,0,Growth Prospects
2508,58,Male,Shoes,Footwear,36,Louisiana,M,Cyan,Fall,2.9,No,Store Pickup,0,No,32,Credit Card,Every 3 Months,0,0,0,4,144,503.49708885117315,Low,0,Detractor,56+,0.4765906362545019,0,0.2598765180706732,0,0,At-Risk Loyalists
2509,23,Male,Sneakers,Footwear,90,California,Xl,Indigo,Spring,3.1,No,2-Day Shipping,0,No,5,Debit Card,Bi-Weekly,0,0,0,26,2340,4192.7171579936485,High,0,Neutral,18-25,0.4287314925970388,0,0.3746468643505505,0,0,Growth Prospects
2510,19,Male,Socks,Clothing,48,Washington,M,Black,Spring,4.4,No,Free Shipping,0,No,9,Bank Transfer,Quarterly,0,0,0,4,192,442.0963378548568,Low,0,Promoter,18-25,0.28883553421368546,0,0.4383658010829833,1,0,Growth Prospects
2511,40,Male,Jacket,Outerwear,42,South Dakota,L,Purple,Winter,4.4,No,Standard,0,No,48,Credit Card,Weekly,0,0,0,52,2184,8499.735531073607,Premium,0,Promoter,36-45,0.9836734693877551,1,0.636617649999327,1,1,Champions
2512,54,Male,Backpack,Accessories,33,Idaho,M,Cyan,Summer,2.7,No,Store Pickup,0,No,1,Paypal,Quarterly,0,0,0,4,132,91.49542783391277,Low,0,Detractor,46-55,0.2235294117647059,0,0.22573954257516854,0,0,Growth Prospects
2513,50,Male,Socks,Clothing,63,North Dakota,M,Green,Summer,4.9,No,Free Shipping,0,No,20,Credit Card,Monthly,0,0,0,12,756,2301.658962918908,High,0,Promoter,46-55,0.4413765506202481,0,0.5441188709033522,1,0,Growth Prospects
2514,69,Male,Handbag,Accessories,53,Washington,L,Teal,Winter,3.5,No,2-Day Shipping,0,No,42,Cash,Annually,0,0,0,1,53,199.3436061317588,Low,0,Neutral,56+,0.5346938775510204,0,0.3243930618302627,0,0,At-Risk Loyalists
2515,42,Male,Hat,Accessories,37,Alaska,L,Teal,Spring,4.8,No,Free Shipping,0,No,45,Paypal,Bi-Weekly,0,0,0,26,962,3683.1530234225092,High,0,Promoter,36-45,0.7552621048419368,1,0.5661094412421537,1,1,Growth Prospects
2516,37,Male,Blouse,Clothing,92,Kansas,M,Magenta,Summer,4.2,No,2-Day Shipping,0,No,41,Cash,Monthly,0,0,0,12,1104,4126.3872585848385,High,0,Promoter,36-45,0.6128051220488195,1,0.5050148695589125,1,1,Growth Prospects
2517,46,Male,Shorts,Clothing,73,Utah,Xl,Brown,Spring,4.6,No,Standard,0,No,36,Debit Card,Quarterly,0,0,0,4,292,1054.3880304921136,Mid,0,Promoter,46-55,0.5092436974789916,0,0.47743075462962664,1,0,At-Risk Loyalists
2518,64,Male,Shirt,Clothing,38,Wyoming,L,Orange,Spring,2.9,No,Standard,0,No,10,Venmo,Annually,0,0,0,1,38,91.12002036633808,Low,0,Detractor,56+,0.27346938775510204,0,0.2497303059709028,0,0,Growth Prospects
2519,20,Male,Boots,Footwear,51,Maine,Xl,Blue,Fall,4.0,No,Store Pickup,0,No,31,Venmo,Annually,0,0,0,1,51,176.75253104278605,Low,0,Promoter,18-25,0.4448979591836735,0,0.38383722626875405,0,0,At-Risk Loyalists
2520,40,Male,Jacket,Outerwear,90,Michigan,L,Magenta,Spring,4.9,No,Standard,0,No,21,Credit Card,Quarterly,0,0,0,4,360,1112.7752832089939,Mid,0,Promoter,36-45,0.3867947178871549,0,0.5148673268720285,1,0,Growth Prospects
2521,64,Male,Jacket,Outerwear,56,Illinois,L,Magenta,Summer,3.1,No,Next Day Air,0,No,16,Cash,Every 3 Months,0,0,0,4,224,634.6397890685924,Mid,0,Neutral,56+,0.3459783913565426,0,0.2871031806410035,0,0,Growth Prospects
2522,29,Male,Handbag,Accessories,33,Minnesota,M,Magenta,Fall,4.4,No,Standard,0,No,18,Paypal,Every 3 Months,0,0,0,4,132,388.6659452499701,Low,0,Promoter,26-35,0.3623049219687875,0,0.43705118846901075,1,0,Growth Prospects
2523,20,Male,Belt,Accessories,53,Massachusetts,S,Olive,Winter,2.5,No,2-Day Shipping,0,No,20,Debit Card,Weekly,0,0,0,52,2756,8390.703838365755,Premium,0,Detractor,18-25,0.7551020408163265,1,0.4059350113068423,0,0,Champions
2524,43,Male,Handbag,Accessories,24,New Jersey,S,Cyan,Spring,3.4,No,Express,0,No,21,Bank Transfer,Annually,0,0,0,1,24,74.18501888059959,Low,0,Neutral,36-45,0.363265306122449,0,0.3093136336335792,0,0,Growth Prospects
2525,60,Male,Coat,Outerwear,59,Kansas,M,Purple,Spring,3.7,No,Express,0,No,23,Credit Card,Quarterly,0,0,0,4,236,750.0207039621152,Mid,0,Neutral,56+,0.4031212484993998,0,0.3619420369311376,0,0,Growth Prospects
2526,39,Male,Sweater,Clothing,72,Kentucky,M,Purple,Winter,4.2,No,Standard,0,No,20,Paypal,Weekly,0,0,0,52,3744,11398.692006836496,Premium,0,Promoter,36-45,0.7551020408163265,1,0.6839441846661665,1,1,Champions
2527,47,Male,Shorts,Clothing,28,Rhode Island,S,Peach,Spring,3.4,No,Express,0,No,30,Paypal,Bi-Weekly,0,0,0,26,728,2499.9426848651865,High,0,Neutral,46-55,0.6328131252501001,1,0.3689974852894302,0,0,Growth Prospects
2528,19,Male,Pants,Clothing,36,Illinois,M,Gold,Fall,3.6,No,Express,0,No,33,Bank Transfer,Every 3 Months,0,0,0,4,144,507.7959155447273,Low,0,Neutral,18-25,0.4847539015606242,0,0.34398228730651653,0,0,At-Risk Loyalists
2529,52,Male,Jewelry,Accessories,47,Alabama,S,Peach,Fall,4.7,No,2-Day Shipping,0,No,31,Debit Card,Monthly,0,0,0,12,564,1954.6750491790458,High,0,Promoter,46-55,0.5311724689875951,0,0.51158160573255,1,0,Growth Prospects
2530,34,Male,Gloves,Accessories,62,Tennessee,M,Magenta,Spring,4.7,No,Next Day Air,0,No,48,Bank Transfer,Monthly,0,0,0,12,744,2895.514301794306,High,0,Promoter,26-35,0.6699479791916767,1,0.5347302125255946,1,1,Growth Prospects
2531,25,Male,Skirt,Clothing,98,Massachusetts,S,Cyan,Spring,3.6,No,Free Shipping,0,No,28,Debit Card,Weekly,0,0,0,52,5096,17159.739549611073,Premium,0,Neutral,18-25,0.8204081632653062,1,0.7536902097315767,1,1,Champions
2532,43,Male,Sandals,Footwear,28,Texas,M,Violet,Summer,4.6,No,Free Shipping,0,No,7,Cash,Every 3 Months,0,0,0,4,112,232.8974526681416,Low,0,Promoter,36-45,0.2725090036014406,0,0.4572186277255054,1,0,Growth Prospects
2533,55,Male,Socks,Clothing,86,Nebraska,S,Charcoal,Summer,2.6,No,Next Day Air,0,No,4,Debit Card,Weekly,0,0,0,52,4472,7197.406344405296,Premium,0,Detractor,46-55,0.6244897959183674,1,0.38857486886164583,0,0,Champions
2534,66,Male,Jewelry,Accessories,46,Pennsylvania,S,Blue,Summer,3.1,No,Standard,0,No,49,Cash,Bi-Weekly,0,0,0,26,1196,4678.779514492063,Premium,0,Neutral,56+,0.7879151660664265,1,0.38660604476974125,0,0,Champions
2535,41,Male,Sunglasses,Accessories,42,Virginia,Xl,Red,Fall,3.2,No,Free Shipping,0,No,22,Cash,Weekly,0,0,0,52,2184,6847.919367589263,Premium,0,Neutral,36-45,0.7714285714285714,1,0.4519760178006213,1,1,Champions
2536,47,Male,Coat,Outerwear,80,Vermont,S,Purple,Winter,3.9,No,Express,0,No,39,Bank Transfer,Fortnightly,0,0,0,26,2080,7672.869264556987,Premium,0,Neutral,46-55,0.7062825130052022,1,0.5562732585203148,1,1,Champions
2537,51,Male,Belt,Accessories,39,Oklahoma,L,Gray,Spring,4.9,No,Express,0,No,45,Paypal,Every 3 Months,0,0,0,4,156,597.2680578522989,Mid,0,Promoter,46-55,0.5827130852340936,1,0.5021836787083443,1,1,At-Risk Loyalists
2538,44,Male,Coat,Outerwear,49,Maine,M,Purple,Summer,4.1,No,2-Day Shipping,0,No,30,Paypal,Fortnightly,0,0,0,26,1274,4374.899698514077,High,0,Promoter,36-45,0.6328131252501001,1,0.4991293218833783,1,1,Growth Prospects
2539,18,Male,Scarf,Accessories,32,New Jersey,M,Silver,Summer,4.2,No,Next Day Air,0,No,33,Credit Card,Bi-Weekly,0,0,0,26,832,2933.9319564806465,High,0,Promoter,18-25,0.6573029211684673,1,0.47567544857922756,1,1,Growth Prospects
2540,33,Male,Sandals,Footwear,73,Massachusetts,M,Purple,Fall,4.1,No,Next Day Air,0,No,24,Cash,Bi-Weekly,0,0,0,26,1898,6109.426315599845,Premium,0,Promoter,26-35,0.5838335334133653,1,0.541805979473267,1,1,Champions
2541,24,Male,Belt,Accessories,42,New Jersey,M,Charcoal,Summer,3.9,No,Free Shipping,0,No,11,Debit Card,Quarterly,0,0,0,4,168,417.46431716438406,Low,0,Neutral,18-25,0.3051620648259304,0,0.3777597496667643,0,0,Growth Prospects
2542,33,Male,Scarf,Accessories,58,Washington,M,Silver,Spring,2.7,No,Next Day Air,0,No,13,Venmo,Every 3 Months,0,0,0,4,232,612.2613004707399,Mid,0,Detractor,26-35,0.3214885954381753,0,0.23855257560222098,0,0,Growth Prospects
2543,61,Male,Jewelry,Accessories,22,Arkansas,M,White,Winter,3.7,No,Express,0,No,27,Paypal,Annually,0,0,0,1,22,73.30849922385448,Low,0,Neutral,56+,0.41224489795918373,0,0.3452920675596468,0,0,Growth Prospects
2544,27,Male,Scarf,Accessories,56,West Virginia,L,Peach,Spring,2.7,No,Next Day Air,0,No,30,Paypal,Bi-Weekly,0,0,0,26,1456,4999.885369730373,Premium,0,Detractor,26-35,0.6328131252501001,1,0.34650660074802764,0,0,Champions
2545,46,Male,Pants,Clothing,70,Delaware,M,Red,Spring,2.5,No,Next Day Air,0,No,39,Venmo,Quarterly,0,0,0,4,280,1032.8862471519021,Mid,0,Detractor,46-55,0.533733493397359,0,0.22490172023134,0,0,At-Risk Loyalists
2546,38,Male,Shoes,Footwear,50,Texas,L,Olive,Spring,3.9,No,Free Shipping,0,No,10,Debit Card,Annually,0,0,0,1,50,119.89476363991854,Low,0,Neutral,36-45,0.27346938775510204,0,0.3704382858046091,0,0,Growth Prospects
2547,63,Male,Boots,Footwear,21,Texas,L,Gray,Summer,3.0,No,Express,0,No,4,Credit Card,Quarterly,0,0,0,4,84,135.1927846444644,Low,0,Neutral,56+,0.24801920768307323,0,0.26281468152998044,0,0,Growth Prospects
2548,47,Male,Jacket,Outerwear,97,Mississippi,M,Beige,Summer,3.2,No,2-Day Shipping,0,No,16,Cash,Weekly,0,0,0,52,5044,14290.728107419554,Premium,0,Neutral,46-55,0.7224489795918367,1,0.6351004489669969,1,1,Champions
2549,42,Male,Backpack,Accessories,63,Texas,L,Pink,Winter,3.8,No,Standard,0,No,34,Credit Card,Monthly,0,0,0,12,756,2687.8431344859964,High,0,Neutral,36-45,0.5556622649059624,1,0.4216206274600164,0,0,Growth Prospects
2550,41,Male,Jacket,Outerwear,60,Virginia,M,Red,Fall,2.7,No,Standard,0,No,11,Debit Card,Every 3 Months,0,0,0,4,240,596.3775959491201,Mid,0,Detractor,36-45,0.3051620648259304,0,0.2381617695964492,0,0,Growth Prospects
2551,53,Male,Boots,Footwear,52,New Hampshire,Xl,Peach,Fall,3.0,No,Store Pickup,0,No,30,Debit Card,Fortnightly,0,0,0,26,1352,4642.750700463917,High,0,Neutral,46-55,0.6328131252501001,1,0.37371958425394225,0,0,Growth Prospects
2552,29,Male,Shoes,Footwear,32,Minnesota,M,Maroon,Winter,4.1,No,Next Day Air,0,No,40,Debit Card,Annually,0,0,0,1,32,118.83430613453785,Low,0,Promoter,26-35,0.5183673469387755,0,0.3944121940851739,0,0,At-Risk Loyalists
2553,61,Male,Belt,Accessories,48,Maryland,Xl,Purple,Spring,3.2,No,2-Day Shipping,0,No,13,Credit Card,Annually,0,0,0,1,48,126.6747518215324,Low,0,Neutral,56+,0.2979591836734694,0,0.2866051020593959,0,0,Growth Prospects
2554,69,Male,Jewelry,Accessories,25,Vermont,M,Maroon,Summer,4.5,No,Store Pickup,0,No,28,Venmo,Every 3 Months,0,0,0,4,100,336.7295829986474,Low,0,Promoter,56+,0.44393757503001197,0,0.44777333529199337,1,0,Growth Prospects
2555,51,Male,Jewelry,Accessories,68,Kansas,M,Gray,Summer,4.3,No,Store Pickup,0,No,49,Debit Card,Bi-Weekly,0,0,0,26,1768,6916.456673596962,Premium,0,Promoter,46-55,0.7879151660664265,1,0.5856623240883496,1,1,Champions
2556,24,Male,Pants,Clothing,74,Idaho,M,Gray,Fall,3.5,No,Standard,0,No,23,Credit Card,Weekly,0,0,0,52,3848,12229.151139178895,Premium,0,Neutral,18-25,0.7795918367346939,1,0.6203769757713953,1,1,Champions
2557,24,Male,T-Shirt,Clothing,88,Montana,Xl,Magenta,Fall,3.1,No,Standard,0,No,4,Bank Transfer,Quarterly,0,0,0,4,352,566.5221451768033,Mid,0,Neutral,18-25,0.24801920768307323,0,0.28542719980821346,0,0,Growth Prospects
2558,70,Male,Shorts,Clothing,23,Oklahoma,L,Cyan,Spring,3.9,No,Standard,0,No,17,Paypal,Fortnightly,0,0,0,26,598,1728.4423112219065,High,0,Neutral,56+,0.5266906762705081,0,0.4100153278799556,0,0,Growth Prospects
2559,49,Male,Hoodie,Clothing,32,California,M,Silver,Fall,2.7,No,Express,0,No,24,Paypal,Fortnightly,0,0,0,26,832,2678.1046862903427,High,0,Detractor,46-55,0.5838335334133653,1,0.2893810206329958,0,0,Growth Prospects
2560,48,Male,Belt,Accessories,71,Mississippi,S,Green,Winter,4.0,No,Free Shipping,0,No,21,Debit Card,Every 3 Months,0,0,0,4,284,877.8560567537618,Mid,0,Promoter,46-55,0.3867947178871549,0,0.4010873248299983,0,0,Growth Prospects
2561,58,Male,Boots,Footwear,62,California,M,Violet,Spring,2.7,No,Next Day Air,0,No,17,Debit Card,Bi-Weekly,0,0,0,26,1612,4659.279273728617,Premium,0,Detractor,56+,0.5266906762705081,0,0.3381262567458595,0,0,Champions
2562,32,Male,Hoodie,Clothing,20,New York,L,Magenta,Spring,2.7,No,Free Shipping,0,No,22,Debit Card,Quarterly,0,0,0,4,80,250.83953727433197,Low,0,Detractor,26-35,0.39495798319327735,0,0.2296600785476749,0,0,Growth Prospects
2563,57,Male,Shorts,Clothing,62,Arizona,Xl,Yellow,Spring,4.7,No,Standard,0,No,27,Cash,Fortnightly,0,0,0,26,1612,5371.513670402429,Premium,0,Promoter,56+,0.6083233293317327,1,0.5956502215966601,1,1,Champions
2564,69,Male,Backpack,Accessories,81,Massachusetts,Xl,Gray,Winter,4.5,No,Standard,0,No,1,Venmo,Every 3 Months,0,0,0,4,324,224.57968650142226,Low,0,Promoter,56+,0.2235294117647059,0,0.4450139756578386,1,0,Growth Prospects
2565,42,Male,Scarf,Accessories,90,Kentucky,L,Indigo,Winter,3.0,No,2-Day Shipping,0,No,27,Bank Transfer,Weekly,0,0,0,52,4680,15594.717107619954,Premium,0,Neutral,36-45,0.8122448979591836,1,0.6431840685058156,1,1,Champions
2566,30,Male,Socks,Clothing,43,Vermont,S,Indigo,Fall,3.6,No,Store Pickup,0,No,8,Venmo,Quarterly,0,0,0,4,172,377.9226273018298,Low,0,Neutral,26-35,0.280672268907563,0,0.3407868576153151,0,0,Growth Prospects
2567,35,Male,Handbag,Accessories,38,Missouri,S,Yellow,Fall,3.3,No,Standard,0,No,43,Paypal,Quarterly,0,0,0,4,152,575.1968243555757,Mid,0,Neutral,26-35,0.5663865546218487,1,0.3096406334386737,0,0,At-Risk Loyalists
2568,19,Male,Sunglasses,Accessories,25,Michigan,Xl,Gold,Spring,4.3,No,Store Pickup,0,No,24,Cash,Fortnightly,0,0,0,26,650,2092.2692861643304,High,0,Promoter,18-25,0.5838335334133653,1,0.4669670032700226,1,1,Growth Prospects
2569,52,Male,T-Shirt,Clothing,98,Texas,Xl,Green,Winter,4.3,No,Express,0,No,29,Paypal,Fortnightly,0,0,0,26,2548,8666.250928475172,Premium,0,Promoter,46-55,0.6246498599439776,1,0.6287146298486708,1,1,Champions
2570,42,Male,Dress,Clothing,75,New York,M,Charcoal,Spring,4.8,No,Free Shipping,0,No,10,Bank Transfer,Bi-Weekly,0,0,0,26,1950,4675.895781956823,Premium,0,Promoter,36-45,0.4695478191276511,0,0.5905350928081081,1,0,Champions
2571,36,Male,Sneakers,Footwear,27,New Mexico,Xl,Olive,Spring,4.0,No,Store Pickup,0,No,12,Paypal,Fortnightly,0,0,0,26,702,1800.5944489379988,High,0,Promoter,36-45,0.48587434973989596,0,0.42379057424709504,0,0,Growth Prospects
2572,45,Male,Sunglasses,Accessories,27,Mississippi,L,Black,Winter,3.5,No,Standard,0,No,48,Cash,Fortnightly,0,0,0,26,702,2732.05784927366,High,0,Neutral,36-45,0.7797519007603042,1,0.3867084955992774,0,0,Growth Prospects
2573,54,Male,Blouse,Clothing,42,Washington,M,Silver,Fall,3.9,No,Next Day Air,0,No,40,Bank Transfer,Quarterly,0,0,0,4,168,623.8801072063237,Mid,0,Neutral,46-55,0.5418967587034815,0,0.3828384471661239,0,0,At-Risk Loyalists
2574,54,Male,T-Shirt,Clothing,90,New Mexico,M,Red,Summer,4.4,No,Store Pickup,0,No,1,Bank Transfer,Annually,0,0,0,1,90,62.383246250395075,Low,0,Promoter,46-55,0.2,0,0.4290232603383345,1,0,Growth Prospects
2575,27,Male,Hat,Accessories,63,Florida,M,Brown,Summer,4.6,No,2-Day Shipping,0,No,26,Credit Card,Fortnightly,0,0,0,26,1638,5398.580786515091,Premium,0,Promoter,26-35,0.6001600640256102,1,0.584316186612652,1,1,Champions
2576,53,Male,Shorts,Clothing,96,Minnesota,M,Silver,Fall,4.0,No,Express,0,No,9,Paypal,Annually,0,0,0,1,96,221.0481689274284,Low,0,Promoter,46-55,0.2653061224489796,0,0.384927085456908,0,0,Growth Prospects
2577,20,Male,Hoodie,Clothing,40,New Hampshire,M,Silver,Winter,4.2,No,Free Shipping,0,No,19,Debit Card,Quarterly,0,0,0,4,160,479.3171637686385,Low,0,Promoter,18-25,0.37046818727491,0,0.41528159010984994,0,0,Growth Prospects
2578,52,Male,Socks,Clothing,39,Minnesota,L,Black,Fall,4.5,No,Next Day Air,0,No,37,Bank Transfer,Monthly,0,0,0,12,468,1702.3903227519486,High,0,Promoter,46-55,0.5801520608243298,1,0.48137433927792644,1,1,Growth Prospects
2579,54,Male,Sunglasses,Accessories,48,Vermont,M,Purple,Fall,3.9,No,Free Shipping,0,No,3,Cash,Quarterly,0,0,0,4,192,266.168517335019,Low,0,Neutral,46-55,0.2398559423769508,0,0.374037235996173,0,0,Growth Prospects
2580,65,Male,Blouse,Clothing,20,Minnesota,M,Purple,Summer,3.7,No,Express,0,No,40,Venmo,Weekly,0,0,0,52,1040,3862.11494937248,High,0,Neutral,56+,0.9183673469387756,1,0.43851265809692064,1,1,Growth Prospects
2581,43,Male,Jeans,Clothing,29,Massachusetts,S,Turquoise,Summer,3.6,No,Store Pickup,0,No,13,Bank Transfer,Quarterly,0,0,0,4,116,306.13065023536996,Low,0,Neutral,36-45,0.3214885954381753,0,0.3390204727165269,0,0,Growth Prospects
2582,57,Male,Dress,Clothing,81,Wyoming,M,Gold,Winter,4.7,No,Express,0,No,48,Credit Card,Monthly,0,0,0,12,972,3782.849329763529,High,0,Promoter,56+,0.6699479791916767,1,0.5565623901256023,1,1,Growth Prospects
2583,19,Male,Dress,Clothing,98,South Dakota,S,Indigo,Fall,3.6,No,2-Day Shipping,0,No,4,Venmo,Every 3 Months,0,0,0,4,392,630.8996616741673,Mid,0,Neutral,18-25,0.24801920768307323,0,0.34701115776018854,0,0,Growth Prospects
2584,69,Male,Jeans,Clothing,93,Oklahoma,M,Lavender,Fall,2.5,No,Next Day Air,0,No,9,Cash,Weekly,0,0,0,52,4836,11135.301509719206,Premium,0,Detractor,56+,0.6653061224489796,1,0.4734636694943722,1,1,Champions
2585,26,Male,Socks,Clothing,30,Florida,L,Blue,Summer,2.9,No,Store Pickup,0,No,26,Bank Transfer,Bi-Weekly,0,0,0,26,780,2570.752755483377,High,0,Detractor,26-35,0.6001600640256102,1,0.31073971115550864,0,0,Growth Prospects
2586,57,Male,Sunglasses,Accessories,37,Wisconsin,L,Maroon,Fall,4.4,No,Free Shipping,0,No,19,Debit Card,Weekly,0,0,0,52,1924,5763.788894317879,Premium,0,Promoter,56+,0.7469387755102042,1,0.5693018436860138,1,1,Champions
2587,20,Male,Coat,Outerwear,28,Maine,L,Yellow,Winter,4.6,No,Express,0,No,1,Credit Card,Every 3 Months,0,0,0,4,112,77.63248422271387,Low,0,Promoter,18-25,0.2235294117647059,0,0.45339845579572363,1,0,Growth Prospects
2588,55,Male,Scarf,Accessories,29,Connecticut,M,Purple,Winter,3.7,No,Express,0,No,29,Paypal,Every 3 Months,0,0,0,4,116,394.53889627281,Low,0,Neutral,46-55,0.45210084033613446,0,0.35319568779082855,0,0,Growth Prospects
2589,44,Male,Backpack,Accessories,49,Delaware,M,Peach,Summer,3.2,No,Free Shipping,0,No,38,Venmo,Bi-Weekly,0,0,0,26,1274,4667.377537169169,Premium,0,Neutral,36-45,0.6981192476990796,1,0.39832550812229894,0,0,Champions
2590,52,Male,Pants,Clothing,53,North Dakota,M,Silver,Winter,4.9,No,2-Day Shipping,0,No,31,Paypal,Annually,0,0,0,1,53,183.68400284838552,Low,0,Promoter,46-55,0.4448979591836735,0,0.4920077696584765,1,0,At-Risk Loyalists
2591,57,Male,Gloves,Accessories,66,California,M,Turquoise,Summer,5.0,No,Free Shipping,0,No,35,Venmo,Annually,0,0,0,1,66,236.51224993810325,Low,0,Promoter,56+,0.4775510204081633,0,0.5053075669575862,1,0,At-Risk Loyalists
2592,40,Male,Jacket,Outerwear,61,New Mexico,S,Olive,Spring,3.3,No,Express,0,No,40,Cash,Quarterly,0,0,0,4,244,906.1115842758511,Mid,0,Neutral,36-45,0.5418967587034815,0,0.3177825297701842,0,0,At-Risk Loyalists
2593,23,Male,Shorts,Clothing,23,Iowa,Xl,Peach,Summer,4.4,No,Store Pickup,0,No,13,Venmo,Quarterly,0,0,0,4,92,242.79327432460377,Low,0,Promoter,18-25,0.3214885954381753,0,0.4334621066022454,1,0,Growth Prospects
2594,36,Male,Pants,Clothing,36,Colorado,S,Indigo,Fall,4.7,No,Store Pickup,0,No,9,Bank Transfer,Every 3 Months,0,0,0,4,144,331.5722533911426,Low,0,Promoter,36-45,0.28883553421368546,0,0.47164644326994565,1,0,Growth Prospects
2595,59,Male,Skirt,Clothing,81,Montana,L,Indigo,Fall,3.6,No,Free Shipping,0,No,25,Cash,Every 3 Months,0,0,0,4,324,1055.6232783189603,Mid,0,Neutral,56+,0.41944777911164466,0,0.3574611469268827,0,0,Growth Prospects
2596,29,Male,Blouse,Clothing,56,Iowa,Xl,Maroon,Summer,3.2,No,Free Shipping,0,No,3,Bank Transfer,Bi-Weekly,0,0,0,26,1456,2018.4445897905607,High,0,Neutral,26-35,0.4124049619847939,0,0.33315060491799603,0,0,Growth Prospects
2597,63,Male,Shirt,Clothing,78,Louisiana,L,Black,Spring,3.0,No,Next Day Air,0,No,35,Credit Card,Monthly,0,0,0,12,936,3354.173726394919,High,0,Neutral,56+,0.5638255302120849,1,0.342015165446607,0,0,Growth Prospects
2598,60,Male,Jewelry,Accessories,25,Alabama,Xl,Teal,Summer,4.4,No,Store Pickup,0,No,13,Venmo,Bi-Weekly,0,0,0,26,650,1715.387264249918,High,0,Promoter,56+,0.49403761504601845,0,0.46969411875929107,1,0,Growth Prospects
2599,64,Male,Backpack,Accessories,86,Nevada,Xl,Olive,Fall,3.3,No,Express,0,No,31,Debit Card,Annually,0,0,0,1,86,298.0532876407765,Low,0,Neutral,56+,0.4448979591836735,0,0.302821735588896,0,0,At-Risk Loyalists
2600,63,Male,Jewelry,Accessories,99,Vermont,M,Gold,Winter,3.4,No,Express,0,No,48,Credit Card,Monthly,0,0,0,12,1188,4623.482514155424,High,0,Neutral,56+,0.6699479791916767,1,0.4212455057466621,0,0,Growth Prospects
2601,21,Male,Belt,Accessories,83,New York,M,Gray,Fall,3.9,No,Express,0,No,6,Bank Transfer,Bi-Weekly,0,0,0,26,2158,4199.274101661366,High,0,Neutral,18-25,0.4368947579031613,0,0.4708081927712198,1,0,Growth Prospects
2602,61,Male,Dress,Clothing,33,Mississippi,L,Orange,Winter,2.9,No,Store Pickup,0,No,43,Cash,Monthly,0,0,0,12,396,1498.5390950316314,Mid,0,Detractor,56+,0.6291316526610644,1,0.2843587408091552,0,0,At-Risk Loyalists
2603,65,Male,Coat,Outerwear,44,South Carolina,M,Black,Fall,2.9,No,Free Shipping,0,No,1,Venmo,Quarterly,0,0,0,4,176,121.99390377855038,Low,0,Detractor,56+,0.2235294117647059,0,0.2504899334899471,0,0,Growth Prospects
2604,69,Male,Dress,Clothing,58,Washington,M,Teal,Spring,2.7,No,2-Day Shipping,0,No,8,Cash,Annually,0,0,0,1,58,127.43902548550074,Low,0,Detractor,56+,0.2571428571428572,0,0.22662390640932104,0,0,Growth Prospects
2605,47,Male,Sweater,Clothing,54,Colorado,M,Beige,Spring,3.4,No,Store Pickup,0,No,6,Debit Card,Weekly,0,0,0,52,2808,5464.11569854732,Premium,0,Neutral,46-55,0.6408163265306123,1,0.441928621367722,1,1,Champions
2606,41,Male,Hoodie,Clothing,93,Nevada,M,White,Spring,3.7,No,2-Day Shipping,0,No,32,Venmo,Fortnightly,0,0,0,26,2418,8454.555283625949,Premium,0,Neutral,36-45,0.649139655862345,1,0.5515060256914859,1,1,Champions
2607,68,Male,Shoes,Footwear,98,Nevada,L,Turquoise,Spring,4.7,No,Standard,0,No,46,Bank Transfer,Bi-Weekly,0,0,0,26,2548,9810.176089157228,Premium,0,Promoter,56+,0.7634253701480593,1,0.7048600050248148,1,1,Champions
2608,41,Male,Shoes,Footwear,36,Oklahoma,Xl,Teal,Spring,3.1,No,Express,0,No,38,Paypal,Every 3 Months,0,0,0,4,144,527.552877042669,Mid,0,Neutral,36-45,0.5255702280912364,0,0.2844683917413282,0,0,At-Risk Loyalists
2609,42,Male,Jacket,Outerwear,68,Mississippi,L,Orange,Fall,4.2,No,2-Day Shipping,0,No,48,Credit Card,Fortnightly,0,0,0,26,1768,6880.7382870595875,Premium,0,Promoter,36-45,0.7797519007603042,1,0.5727835013958044,1,1,Champions
2610,66,Male,Backpack,Accessories,95,Arkansas,M,Black,Summer,3.0,No,Store Pickup,0,No,18,Debit Card,Bi-Weekly,0,0,0,26,2470,7272.764278541107,Premium,0,Neutral,56+,0.5348539415766307,0,0.4384289913179496,1,0,Champions
2611,66,Male,Jeans,Clothing,93,West Virginia,M,Violet,Spring,3.1,No,Express,0,No,25,Cash,Quarterly,0,0,0,4,372,1212.0119121439914,Mid,0,Neutral,56+,0.41944777911164466,0,0.30130896575592714,0,0,Growth Prospects
2612,33,Male,Jacket,Outerwear,99,Michigan,L,Maroon,Fall,4.2,No,2-Day Shipping,0,No,4,Cash,Fortnightly,0,0,0,26,2574,4142.693186605374,High,0,Promoter,26-35,0.42056822729091636,0,0.5054160640404286,1,0,Growth Prospects
2613,55,Male,Sunglasses,Accessories,22,Louisiana,M,Turquoise,Winter,3.8,No,Next Day Air,0,No,27,Venmo,Quarterly,0,0,0,4,88,293.23399689541793,Low,0,Neutral,46-55,0.4357743097238896,0,0.3627031607460889,0,0,Growth Prospects
2614,58,Male,Gloves,Accessories,88,South Dakota,M,Gold,Fall,2.9,No,Express,0,No,14,Bank Transfer,Monthly,0,0,0,12,1056,2859.701012363934,High,0,Detractor,56+,0.39239695878351344,0,0.31784905482231557,0,0,Growth Prospects
2615,18,Male,Jacket,Outerwear,65,North Dakota,M,Turquoise,Spring,4.2,No,Express,0,No,36,Bank Transfer,Fortnightly,0,0,0,26,1690,6102.451272368739,Premium,0,Promoter,18-25,0.6817927170868348,1,0.5536343640430301,1,1,Champions
2616,49,Male,T-Shirt,Clothing,62,Arizona,M,Maroon,Fall,3.1,No,2-Day Shipping,0,No,6,Debit Card,Quarterly,0,0,0,4,248,482.58571696571767,Low,0,Neutral,46-55,0.26434573829531816,0,0.2833620102799598,0,0,Growth Prospects
2617,61,Male,Sandals,Footwear,55,Georgia,Xl,Purple,Spring,3.6,No,Express,0,No,46,Cash,Annually,0,0,0,1,55,211.7581180940532,Low,0,Neutral,56+,0.5673469387755102,1,0.3366985110928693,0,0,At-Risk Loyalists
2618,31,Male,Shorts,Clothing,97,Idaho,S,Maroon,Spring,4.8,No,Standard,0,No,29,Bank Transfer,Annually,0,0,0,1,97,329.91614602122905,Low,0,Promoter,26-35,0.4285714285714286,0,0.4836056960560016,1,0,Growth Prospects
2619,70,Male,Handbag,Accessories,77,Louisiana,L,Brown,Fall,4.1,No,Express,0,No,12,Venmo,Monthly,0,0,0,12,924,2370.01320629446,High,0,Promoter,56+,0.37607042817126857,0,0.4498006730795882,1,0,Growth Prospects
2620,68,Male,Pants,Clothing,40,Connecticut,L,Indigo,Winter,3.9,No,Free Shipping,0,No,47,Credit Card,Weekly,0,0,0,52,2080,8052.098102688414,Premium,0,Neutral,56+,0.9755102040816328,1,0.5656038845906936,1,1,Champions
2621,27,Male,Blouse,Clothing,23,Ohio,S,Lavender,Winter,3.0,No,Standard,0,No,28,Debit Card,Annually,0,0,0,1,23,77.4478040896889,Low,0,Neutral,26-35,0.4204081632653061,0,0.26139391188689975,0,0,Growth Prospects
2622,48,Male,Shoes,Footwear,46,Maine,M,Beige,Winter,3.0,No,Express,0,No,21,Bank Transfer,Annually,0,0,0,1,46,142.18795285448255,Low,0,Neutral,46-55,0.363265306122449,0,0.26298679211943005,0,0,Growth Prospects
2623,63,Male,Backpack,Accessories,75,New Hampshire,M,Yellow,Spring,4.9,No,2-Day Shipping,0,No,15,Credit Card,Annually,0,0,0,1,75,207.94415416798358,Low,0,Promoter,56+,0.3142857142857143,0,0.49260467152250487,1,0,Growth Prospects
2624,49,Male,Shoes,Footwear,76,Massachusetts,M,Gold,Fall,4.8,No,Next Day Air,0,No,38,Cash,Annually,0,0,0,1,76,278.4306851058531,Low,0,Promoter,46-55,0.5020408163265306,0,0.4823389369502609,1,0,At-Risk Loyalists
2625,19,Male,Dress,Clothing,59,South Dakota,M,Indigo,Summer,3.3,No,Standard,0,No,19,Credit Card,Annually,0,0,0,1,59,176.74820413968547,Low,0,Neutral,18-25,0.34693877551020413,0,0.29983711980872035,0,0,Growth Prospects
2626,30,Male,Skirt,Clothing,51,Colorado,L,Cyan,Summer,2.7,No,Standard,0,No,31,Credit Card,Weekly,0,0,0,52,2652,9191.131614224874,Premium,0,Detractor,26-35,0.8448979591836736,1,0.44962890460273675,1,1,Champions
2627,50,Male,Jacket,Outerwear,46,Rhode Island,Xl,Silver,Fall,4.2,No,Express,0,No,30,Credit Card,Every 3 Months,0,0,0,4,184,631.853645625267,Mid,0,Promoter,46-55,0.4602641056422569,0,0.41903462978190686,0,0,At-Risk Loyalists
2628,66,Male,Shirt,Clothing,26,Missouri,L,Silver,Fall,3.6,No,Next Day Air,0,No,40,Bank Transfer,Quarterly,0,0,0,4,104,386.211494937248,Low,0,Neutral,56+,0.5418967587034815,0,0.3409907986574416,0,0,At-Risk Loyalists
2629,25,Male,Hoodie,Clothing,51,Wyoming,M,Silver,Summer,3.8,No,Next Day Air,0,No,42,Credit Card,Bi-Weekly,0,0,0,26,1326,4987.351353409664,Premium,0,Neutral,18-25,0.7307723089235694,1,0.47819821117505945,1,1,Champions
2630,61,Male,Scarf,Accessories,44,New Hampshire,M,Peach,Winter,3.8,No,Free Shipping,0,No,25,Venmo,Annually,0,0,0,1,44,143.35624767294522,Low,0,Neutral,56+,0.3959183673469388,0,0.35901553709079015,0,0,Growth Prospects
2631,29,Male,Skirt,Clothing,82,Maine,S,Pink,Spring,4.2,No,Free Shipping,0,No,20,Cash,Quarterly,0,0,0,4,328,998.6033595732828,Mid,0,Promoter,26-35,0.3786314525810324,0,0.4280582168570052,1,0,Growth Prospects
2632,53,Male,Skirt,Clothing,44,Connecticut,S,Violet,Summer,2.7,No,Express,0,No,3,Cash,Weekly,0,0,0,52,2288,3171.8414982423096,High,0,Detractor,46-55,0.616326530612245,1,0.3015290249678036,0,0,Growth Prospects
2633,24,Male,Scarf,Accessories,27,Alaska,M,Black,Fall,5.0,No,Next Day Air,0,No,14,Cash,Annually,0,0,0,1,27,73.11735542975967,Low,0,Promoter,18-25,0.30612244897959184,0,0.5012873646175469,1,0,Growth Prospects
2634,51,Male,Sunglasses,Accessories,90,Alaska,M,Purple,Fall,4.7,No,Next Day Air,0,No,32,Credit Card,Fortnightly,0,0,0,26,2340,8181.827693831564,Premium,0,Promoter,46-55,0.649139655862345,1,0.664795778728239,1,1,Champions
2635,26,Male,Sandals,Footwear,58,North Carolina,S,Black,Summer,3.2,No,Store Pickup,0,No,20,Paypal,Every 3 Months,0,0,0,4,232,706.3292055518341,Mid,0,Neutral,26-35,0.3786314525810324,0,0.3008670421176377,0,0,Growth Prospects
2636,59,Male,Hoodie,Clothing,80,Colorado,Xl,Peach,Spring,2.9,No,2-Day Shipping,0,No,34,Paypal,Fortnightly,0,0,0,26,2080,7395.12396789798,Premium,0,Detractor,56+,0.6654661864745899,1,0.4294395548423433,1,1,Champions
2637,41,Male,Jacket,Outerwear,40,Utah,S,Magenta,Winter,4.2,No,Store Pickup,0,No,6,Venmo,Annually,0,0,0,1,40,77.83640596221252,Low,0,Promoter,36-45,0.24081632653061225,0,0.4054034731290791,0,0,Growth Prospects
2638,20,Male,Pants,Clothing,23,Alabama,M,Magenta,Spring,3.7,No,Store Pickup,0,No,2,Paypal,Annually,0,0,0,1,23,25.268082639366526,Low,0,Neutral,18-25,0.20816326530612245,0,0.34411007104898134,0,0,Growth Prospects
2639,22,Male,Shirt,Clothing,34,Hawaii,S,Black,Spring,4.2,No,Store Pickup,0,No,35,Credit Card,Annually,0,0,0,1,34,121.83964390750774,Low,0,Promoter,18-25,0.4775510204081633,0,0.4064861380476451,0,0,At-Risk Loyalists
2640,18,Male,Blouse,Clothing,35,New Hampshire,Xl,Pink,Winter,2.6,No,Free Shipping,0,No,33,Debit Card,Quarterly,0,0,0,4,140,493.6904734462626,Low,0,Detractor,18-25,0.4847539015606242,0,0.2236352340433031,0,0,At-Risk Loyalists
2641,30,Male,Skirt,Clothing,75,Indiana,L,Olive,Summer,4.0,No,Store Pickup,0,No,45,Venmo,Bi-Weekly,0,0,0,26,1950,7465.850723153735,Premium,0,Promoter,26-35,0.7552621048419368,1,0.5631797307997264,1,1,Champions
2642,25,Male,Sunglasses,Accessories,60,Vermont,Xl,Olive,Winter,2.7,No,Next Day Air,0,No,20,Bank Transfer,Every 3 Months,0,0,0,4,240,730.6853850536215,Mid,0,Detractor,18-25,0.3786314525810324,0,0.24146630667925165,0,0,Growth Prospects
2643,39,Male,Belt,Accessories,87,Iowa,L,Peach,Summer,4.0,No,Store Pickup,0,No,48,Bank Transfer,Annually,0,0,0,1,87,338.5883659356245,Low,0,Promoter,36-45,0.5836734693877551,1,0.38781906917820413,0,0,At-Risk Loyalists
2644,49,Male,Gloves,Accessories,41,Maryland,S,Silver,Spring,2.9,No,Next Day Air,0,No,37,Cash,Monthly,0,0,0,12,492,1789.6923905853816,High,0,Detractor,46-55,0.5801520608243298,1,0.29152233771111075,0,0,Growth Prospects
2645,25,Male,Pants,Clothing,83,New Mexico,M,Turquoise,Spring,3.3,No,Standard,0,No,4,Bank Transfer,Every 3 Months,0,0,0,4,332,534.3333869281213,Mid,0,Neutral,18-25,0.24801920768307323,0,0.3086352208322259,0,0,Growth Prospects
2646,23,Male,Scarf,Accessories,81,Louisiana,L,Olive,Spring,4.0,No,Store Pickup,0,No,24,Bank Transfer,Bi-Weekly,0,0,0,26,2106,6778.952487172431,Premium,0,Promoter,18-25,0.5838335334133653,1,0.5462791421738078,1,1,Champions
2647,33,Male,T-Shirt,Clothing,56,New Mexico,S,Lavender,Summer,3.9,No,Next Day Air,0,No,4,Debit Card,Every 3 Months,0,0,0,4,224,360.5140923852385,Low,0,Neutral,26-35,0.24801920768307323,0,0.3763585343618932,0,0,Growth Prospects
2648,60,Male,Shoes,Footwear,58,South Carolina,M,Red,Summer,3.3,No,2-Day Shipping,0,No,25,Debit Card,Annually,0,0,0,1,58,188.96959920524597,Low,0,Neutral,56+,0.3959183673469388,0,0.30013781758259483,0,0,Growth Prospects
2649,51,Male,Pants,Clothing,84,Illinois,M,Gray,Spring,3.9,No,Next Day Air,0,No,14,Paypal,Bi-Weekly,0,0,0,26,2184,5914.381639207227,Premium,0,Neutral,46-55,0.5022008803521409,0,0.5130070592450358,1,0,Champions
2650,23,Male,Gloves,Accessories,21,Minnesota,M,Magenta,Fall,3.9,No,Store Pickup,0,No,14,Bank Transfer,Fortnightly,0,0,0,26,546,1478.5954098018067,Mid,0,Neutral,18-25,0.5022008803521409,0,0.40386804218438355,0,0,Growth Prospects
2651,20,Male,Socks,Clothing,35,Oregon,L,Maroon,Summer,4.2,No,Standard,0,No,46,Credit Card,Every 3 Months,0,0,0,4,140,539.0206642394082,Mid,0,Promoter,18-25,0.5908763505402161,1,0.4167505475887439,0,0,At-Risk Loyalists
2652,51,Male,Sneakers,Footwear,43,Tennessee,M,Cyan,Summer,4.6,No,Store Pickup,0,No,27,Paypal,Quarterly,0,0,0,4,172,573.1391757501351,Mid,0,Promoter,46-55,0.4357743097238896,0,0.46559000661974237,1,0,Growth Prospects
2653,23,Female,Shorts,Clothing,20,Maryland,L,Cyan,Summer,3.3,No,2-Day Shipping,0,No,46,Credit Card,Monthly,0,0,0,12,240,924.0354244104141,Mid,0,Neutral,18-25,0.6536214485794318,1,0.3182235317015375,0,0,At-Risk Loyalists
2654,67,Female,Blouse,Clothing,36,Wisconsin,L,Lavender,Fall,4.8,No,Express,0,No,24,Venmo,Every 3 Months,0,0,0,4,144,463.51811878102086,Low,0,Promoter,56+,0.4112845138055222,0,0.4868928670850533,1,0,Growth Prospects
2655,23,Female,Coat,Outerwear,70,Idaho,S,Pink,Fall,4.1,No,Next Day Air,0,No,4,Paypal,Annually,0,0,0,1,70,112.66065387038702,Low,0,Promoter,18-25,0.22448979591836737,0,0.39426029624678915,0,0,Growth Prospects
2656,26,Female,Sunglasses,Accessories,83,Wyoming,M,Gray,Summer,3.4,No,Standard,0,No,2,Credit Card,Fortnightly,0,0,0,26,2158,2370.805318945781,High,0,Neutral,26-35,0.4042416966786715,0,0.3658201623858116,0,0,Growth Prospects
2657,52,Female,Shorts,Clothing,76,Indiana,L,Yellow,Winter,3.6,No,Express,0,No,29,Bank Transfer,Fortnightly,0,0,0,26,1976,6720.76602616442,Premium,0,Neutral,46-55,0.6246498599439776,1,0.49684751025282964,1,1,Champions
2658,52,Female,Dress,Clothing,81,Texas,M,Pink,Summer,2.7,No,Express,0,No,7,Credit Card,Fortnightly,0,0,0,26,2106,4379.303886777734,High,0,Detractor,46-55,0.4450580232092837,0,0.33123768345744586,0,0,Growth Prospects
2659,52,Female,Handbag,Accessories,47,Ohio,Xl,Indigo,Summer,3.2,No,Next Day Air,0,No,39,Paypal,Monthly,0,0,0,12,564,2080.52801212026,High,0,Neutral,46-55,0.5964785914365747,1,0.33467811849471163,0,0,Growth Prospects
2660,35,Female,Boots,Footwear,35,Kansas,L,Gray,Summer,4.4,No,2-Day Shipping,0,No,46,Credit Card,Fortnightly,0,0,0,26,910,3503.6343175561533,High,0,Promoter,26-35,0.7634253701480593,1,0.513692525257255,1,1,Growth Prospects
2661,24,Female,Pants,Clothing,85,South Carolina,L,Yellow,Spring,4.9,No,Express,0,No,44,Venmo,Annually,0,0,0,1,85,323.5663116304772,Low,0,Promoter,18-25,0.5510204081632653,1,0.4954494633955298,1,1,At-Risk Loyalists
2662,43,Female,Boots,Footwear,96,Michigan,Xl,Olive,Fall,4.8,No,Express,0,No,20,Bank Transfer,Annually,0,0,0,1,96,292.2741540214486,Low,0,Promoter,36-45,0.35510204081632657,0,0.4826795445702003,1,0,Growth Prospects
2663,25,Female,Skirt,Clothing,98,Nebraska,M,Cyan,Summer,2.8,No,2-Day Shipping,0,No,44,Paypal,Fortnightly,0,0,0,26,2548,9699.376023934774,Premium,0,Detractor,18-25,0.7470988395358142,1,0.4741338569231611,1,1,Champions
2664,46,Female,Sneakers,Footwear,52,Wisconsin,L,Silver,Fall,2.9,No,Free Shipping,0,No,23,Bank Transfer,Annually,0,0,0,1,52,165.25879917809317,Low,0,Detractor,46-55,0.3795918367346939,0,0.2515544320732728,0,0,Growth Prospects
2665,22,Female,Jewelry,Accessories,84,Illinois,L,Silver,Winter,3.2,No,Store Pickup,0,No,37,Paypal,Weekly,0,0,0,52,4368,15888.976345684852,Premium,0,Neutral,18-25,0.8938775510204082,1,0.6744240846703737,1,1,Champions
2666,70,Female,T-Shirt,Clothing,71,Louisiana,L,Red,Winter,3.5,No,Store Pickup,0,No,4,Venmo,Weekly,0,0,0,52,3692,5942.0447727066985,Premium,0,Neutral,56+,0.6244897959183674,1,0.4656876887981319,1,1,Champions
2667,49,Female,Sandals,Footwear,95,Ohio,S,Brown,Winter,4.1,No,Store Pickup,0,No,14,Venmo,Fortnightly,0,0,0,26,2470,6688.8839967224585,Premium,0,Promoter,46-55,0.5022008803521409,0,0.5560630780968958,1,0,Champions
2668,48,Female,Boots,Footwear,47,Maryland,M,Orange,Summer,4.1,No,Free Shipping,0,No,31,Cash,Fortnightly,0,0,0,26,1222,4235.129273221266,High,0,Promoter,46-55,0.6409763905562225,1,0.4956903809512199,1,1,Growth Prospects
2669,59,Female,Coat,Outerwear,75,Texas,M,Black,Summer,4.8,No,Next Day Air,0,No,9,Paypal,Quarterly,0,0,0,4,300,690.7755278982138,Mid,0,Promoter,56+,0.28883553421368546,0,0.49248435616231784,1,0,Growth Prospects
2670,39,Female,Belt,Accessories,28,Illinois,L,Teal,Spring,2.8,No,Free Shipping,0,No,31,Credit Card,Weekly,0,0,0,52,1456,5046.111474476402,Premium,0,Detractor,36-45,0.8448979591836736,1,0.35964395754874084,0,0,Champions
2671,30,Female,Sunglasses,Accessories,44,Pennsylvania,M,Yellow,Fall,4.7,No,Express,0,No,26,Bank Transfer,Bi-Weekly,0,0,0,26,1144,3770.4373747089526,High,0,Promoter,26-35,0.6001600640256102,1,0.5562570037736907,1,1,Growth Prospects
2672,37,Female,Sandals,Footwear,64,Alabama,Xl,Gray,Winter,4.8,No,2-Day Shipping,0,No,41,Paypal,Every 3 Months,0,0,0,4,256,956.8434222805423,Mid,0,Promoter,36-45,0.5500600240096039,1,0.49903074657937296,1,1,At-Risk Loyalists
2673,56,Female,Boots,Footwear,28,West Virginia,M,Maroon,Spring,2.9,No,Standard,0,No,13,Cash,Annually,0,0,0,1,28,73.89360522922723,Low,0,Detractor,56+,0.2979591836734694,0,0.24930646363082792,0,0,Growth Prospects
2674,67,Female,Hoodie,Clothing,21,Nevada,M,Olive,Summer,2.6,No,2-Day Shipping,0,No,4,Cash,Monthly,0,0,0,12,252,405.57835393339326,Low,0,Detractor,56+,0.31076430572228897,0,0.22146730492827577,0,0,Growth Prospects
2675,40,Female,Hat,Accessories,41,Florida,S,Charcoal,Fall,3.3,No,Express,0,No,15,Cash,Every 3 Months,0,0,0,4,164,454.7045504473241,Low,0,Neutral,36-45,0.3378151260504202,0,0.3066760161966223,0,0,Growth Prospects
2676,24,Female,Shorts,Clothing,38,Virginia,M,Peach,Winter,3.4,No,Free Shipping,0,No,38,Cash,Bi-Weekly,0,0,0,26,988,3619.5989063760903,High,0,Neutral,18-25,0.6981192476990796,1,0.39654574238339835,0,0,Growth Prospects
2677,43,Female,Backpack,Accessories,77,Kentucky,M,Maroon,Spring,3.6,No,Free Shipping,0,No,3,Cash,Fortnightly,0,0,0,26,2002,2775.361310962021,High,0,Neutral,36-45,0.4124049619847939,0,0.39977394307568226,0,0,Growth Prospects
2678,45,Female,Shorts,Clothing,43,Connecticut,L,Olive,Spring,3.8,No,Next Day Air,0,No,6,Paypal,Every 3 Months,0,0,0,4,172,334.69654563751385,Low,0,Neutral,36-45,0.26434573829531816,0,0.36372331401329183,0,0,Growth Prospects
2679,33,Female,Belt,Accessories,91,Montana,M,Magenta,Spring,3.4,No,2-Day Shipping,0,No,34,Credit Card,Bi-Weekly,0,0,0,26,2366,8411.953513483952,Premium,0,Neutral,26-35,0.6654661864745899,1,0.5144578427814259,1,1,Champions
2680,53,Female,Shorts,Clothing,68,Montana,S,Yellow,Spring,3.8,No,Express,0,No,7,Debit Card,Quarterly,0,0,0,4,272,565.6080993369153,Mid,0,Neutral,46-55,0.2725090036014406,0,0.3694047104321807,0,0,Growth Prospects
2681,44,Female,Socks,Clothing,37,Nebraska,L,Indigo,Fall,3.3,No,Next Day Air,0,No,21,Venmo,Annually,0,0,0,1,37,114.36857077425769,Low,0,Neutral,36-45,0.363265306122449,0,0.29830231819340014,0,0,Growth Prospects
2682,23,Female,Shoes,Footwear,23,Massachusetts,L,Olive,Summer,4.8,No,Standard,0,No,17,Debit Card,Monthly,0,0,0,12,276,797.7426051793414,Mid,0,Promoter,18-25,0.41688675470188075,0,0.4951161966227356,1,0,Growth Prospects
2683,59,Female,Sneakers,Footwear,65,North Carolina,L,Maroon,Winter,3.9,No,2-Day Shipping,0,No,5,Venmo,Every 3 Months,0,0,0,4,260,465.8574619992943,Low,0,Neutral,56+,0.25618247298919566,0,0.3789504247774681,0,0,Growth Prospects
2684,68,Female,Backpack,Accessories,30,Montana,M,Indigo,Summer,4.2,No,Next Day Air,0,No,21,Cash,Fortnightly,0,0,0,26,780,2411.0131136194864,High,0,Promoter,56+,0.5593437374949981,1,0.4628094434200902,1,1,Growth Prospects
2685,46,Female,Dress,Clothing,45,Washington,M,Gray,Summer,4.7,No,Free Shipping,0,No,42,Credit Card,Bi-Weekly,0,0,0,26,1170,4400.604135361468,High,0,Promoter,46-55,0.7307723089235694,1,0.5717617592522093,1,1,Growth Prospects
2686,56,Female,Boots,Footwear,25,Virginia,M,Gray,Winter,2.7,No,Express,0,No,49,Credit Card,Quarterly,0,0,0,4,100,391.2023005428146,Low,0,Detractor,56+,0.6153661464585836,1,0.2331135934879322,0,0,At-Risk Loyalists
2687,40,Female,Socks,Clothing,72,Georgia,M,Black,Winter,3.8,No,2-Day Shipping,0,No,33,Cash,Fortnightly,0,0,0,26,1872,6601.346902081455,Premium,0,Neutral,36-45,0.6573029211684673,1,0.517909297014721,1,1,Champions
2688,61,Female,Dress,Clothing,75,Delaware,M,White,Fall,3.6,No,2-Day Shipping,0,No,12,Debit Card,Bi-Weekly,0,0,0,26,1950,5001.6512470499965,Premium,0,Neutral,56+,0.48587434973989596,0,0.4545500487648946,1,0,Champions
2689,53,Female,Handbag,Accessories,63,West Virginia,Xl,Turquoise,Spring,2.9,No,2-Day Shipping,0,No,18,Credit Card,Every 3 Months,0,0,0,4,252,741.9986227499429,Mid,0,Detractor,46-55,0.3623049219687875,0,0.26574465995826335,0,0,Growth Prospects
2690,29,Female,Blouse,Clothing,35,Wyoming,M,Orange,Fall,3.9,No,Standard,0,No,47,Paypal,Quarterly,0,0,0,4,140,541.9681415271048,Mid,0,Neutral,26-35,0.5990396158463387,1,0.3808230679396696,0,0,At-Risk Loyalists
2691,44,Female,Belt,Accessories,32,New Mexico,L,Yellow,Summer,4.7,No,Free Shipping,0,No,18,Bank Transfer,Weekly,0,0,0,52,1664,4899.546461332957,Premium,0,Promoter,36-45,0.7387755102040816,1,0.5840378411484695,1,1,Champions
2692,43,Female,Pants,Clothing,25,Nebraska,L,Blue,Winter,3.3,No,2-Day Shipping,0,No,48,Cash,Monthly,0,0,0,12,300,1167.546089433188,Mid,0,Neutral,36-45,0.6699479791916767,1,0.32421491930452706,0,0,At-Risk Loyalists
2693,40,Female,Sneakers,Footwear,90,Washington,Xl,Violet,Spring,4.2,No,Free Shipping,0,No,18,Debit Card,Every 3 Months,0,0,0,4,360,1059.9980324999185,Mid,0,Promoter,36-45,0.3623049219687875,0,0.42956878429859074,1,0,Growth Prospects
2694,55,Female,Boots,Footwear,70,Hawaii,L,Lavender,Summer,2.6,No,Standard,0,No,46,Cash,Quarterly,0,0,0,4,280,1078.0413284788165,Mid,0,Detractor,46-55,0.5908763505402161,1,0.23801272534665502,0,0,At-Risk Loyalists
2695,66,Female,Sunglasses,Accessories,27,Louisiana,M,Olive,Spring,4.9,No,Express,0,No,34,Credit Card,Every 3 Months,0,0,0,4,108,383.97759064085665,Low,0,Promoter,56+,0.49291716686674675,0,0.4969358352064305,1,0,At-Risk Loyalists
2696,50,Female,Hat,Accessories,92,Tennessee,M,Orange,Fall,3.6,No,Standard,0,No,10,Paypal,Bi-Weekly,0,0,0,26,2392,5735.765492533703,Premium,0,Neutral,46-55,0.4695478191276511,0,0.4726123500162905,1,0,Champions
2697,57,Female,Coat,Outerwear,20,South Dakota,M,White,Spring,4.7,No,Free Shipping,0,No,12,Debit Card,Monthly,0,0,0,12,240,615.5878457907688,Mid,0,Promoter,56+,0.37607042817126857,0,0.4786344226227173,1,0,Growth Prospects
2698,42,Female,Jacket,Outerwear,52,Delaware,L,Red,Winter,3.2,No,Standard,0,No,36,Bank Transfer,Quarterly,0,0,0,4,208,751.0709258299987,Mid,0,Neutral,36-45,0.5092436974789916,0,0.30196787681079557,0,0,At-Risk Loyalists
2699,55,Female,Hoodie,Clothing,57,Virginia,M,Magenta,Summer,3.6,No,Store Pickup,0,No,34,Venmo,Quarterly,0,0,0,4,228,810.6193580195862,Mid,0,Neutral,46-55,0.49291716686674675,0,0.35143301895709456,0,0,At-Risk Loyalists
2700,25,Female,Boots,Footwear,96,Utah,M,Violet,Fall,3.6,No,2-Day Shipping,0,No,49,Debit Card,Annually,0,0,0,1,96,375.554208521102,Low,0,Neutral,18-25,0.5918367346938775,1,0.3407285845416482,0,0,At-Risk Loyalists
2701,22,Female,T-Shirt,Clothing,68,California,Xl,Olive,Winter,3.2,No,Standard,0,No,36,Cash,Weekly,0,0,0,52,3536,12768.205739109977,Premium,0,Neutral,18-25,0.8857142857142857,1,0.5976399884901996,1,1,Champions
2702,49,Female,Sweater,Clothing,30,Idaho,L,Silver,Summer,2.8,No,Store Pickup,0,No,18,Bank Transfer,Fortnightly,0,0,0,26,780,2296.6624037498236,High,0,Detractor,46-55,0.5348539415766307,0,0.29199593451097494,0,0,Growth Prospects
2703,70,Female,Shoes,Footwear,37,Texas,L,Gray,Fall,4.0,No,Next Day Air,0,No,39,Debit Card,Fortnightly,0,0,0,26,962,3548.7020348576066,High,0,Promoter,56+,0.7062825130052022,1,0.46680138084971823,1,1,Growth Prospects
2704,56,Female,Scarf,Accessories,42,Tennessee,Xl,Olive,Winter,4.4,No,Free Shipping,0,No,34,Paypal,Weekly,0,0,0,52,2184,7764.880166292879,Premium,0,Promoter,56+,0.8693877551020408,1,0.6185371140929188,1,1,Champions
2705,52,Female,Dress,Clothing,54,Tennessee,L,Beige,Spring,3.4,No,Next Day Air,0,No,35,Debit Card,Weekly,0,0,0,52,2808,10062.521179184756,Premium,0,Neutral,46-55,0.8775510204081634,1,0.5550687566781554,1,1,Champions
2706,65,Female,Jacket,Outerwear,81,Washington,S,Turquoise,Spring,5.0,No,Store Pickup,0,No,1,Credit Card,Bi-Weekly,0,0,0,26,2106,1459.7679622592448,Mid,0,Promoter,56+,0.39607843137254906,0,0.5354048077063704,1,0,Growth Prospects
2707,24,Female,Shoes,Footwear,40,Alabama,S,Blue,Spring,3.1,No,Express,0,No,48,Debit Card,Quarterly,0,0,0,4,160,622.6912476977002,Mid,0,Neutral,18-25,0.607202881152461,1,0.2868091962168031,0,0,At-Risk Loyalists
2708,32,Female,Backpack,Accessories,88,Nebraska,M,Pink,Fall,4.2,No,Standard,0,No,19,Cash,Weekly,0,0,0,52,4576,13708.470883783062,Premium,0,Promoter,26-35,0.7469387755102042,1,0.7407744698107226,1,1,Champions
2709,57,Female,Dress,Clothing,94,Alabama,M,Teal,Summer,3.3,No,Store Pickup,0,No,44,Debit Card,Weekly,0,0,0,52,4888,18606.966249997324,Premium,0,Neutral,56+,0.9510204081632654,1,0.7532980797630544,1,1,Champions
2710,35,Female,Shirt,Clothing,54,Illinois,S,Cyan,Winter,2.9,No,Standard,0,No,9,Credit Card,Bi-Weekly,0,0,0,26,1404,3232.8294705636404,High,0,Detractor,26-35,0.4613845538215286,0,0.32702958586218295,0,0,Growth Prospects
2711,69,Female,Jacket,Outerwear,51,Wisconsin,L,Purple,Summer,4.7,No,Standard,0,No,3,Bank Transfer,Fortnightly,0,0,0,26,1326,1838.226322844975,High,0,Promoter,56+,0.4124049619847939,0,0.5087164767852136,1,0,Growth Prospects
2712,30,Female,Sunglasses,Accessories,22,Nebraska,L,Red,Spring,4.0,No,Standard,0,No,50,Venmo,Monthly,0,0,0,12,264,1038.0019670392219,Mid,0,Promoter,26-35,0.6862745098039216,1,0.40502758847908343,0,0,At-Risk Loyalists
2713,37,Female,Jacket,Outerwear,95,North Dakota,L,Brown,Fall,4.6,No,Standard,0,No,7,Debit Card,Quarterly,0,0,0,4,380,790.1877858383376,Mid,0,Promoter,36-45,0.2725090036014406,0,0.47093031625918647,1,0,Growth Prospects
2714,19,Female,Coat,Outerwear,57,Mississippi,M,Magenta,Fall,3.8,No,2-Day Shipping,0,No,20,Debit Card,Annually,0,0,0,1,57,173.53777895023512,Low,0,Neutral,18-25,0.35510204081632657,0,0.35975812983233224,0,0,Growth Prospects
2715,53,Female,Sweater,Clothing,45,Iowa,S,Olive,Winter,3.6,No,Store Pickup,0,No,16,Credit Card,Bi-Weekly,0,0,0,26,1170,3314.859612545773,High,0,Neutral,46-55,0.5185274109643858,0,0.413047872723242,0,0,Growth Prospects
2716,25,Female,Sneakers,Footwear,92,Mississippi,Xl,Pink,Winter,4.1,No,Express,0,No,29,Paypal,Fortnightly,0,0,0,26,2392,8135.664136935876,Premium,0,Promoter,18-25,0.6246498599439776,1,0.5916599608679869,1,1,Champions
2717,47,Female,Shoes,Footwear,40,Colorado,L,Black,Spring,2.7,No,Store Pickup,0,No,21,Debit Card,Weekly,0,0,0,52,2080,6429.368302985297,Premium,0,Detractor,46-55,0.763265306122449,1,0.3816778994021859,0,0,Champions
2718,18,Female,Sunglasses,Accessories,62,Nebraska,Xl,Beige,Winter,4.3,No,Free Shipping,0,No,19,Credit Card,Every 3 Months,0,0,0,4,248,742.9416038413897,Mid,0,Promoter,18-25,0.37046818727491,0,0.43376786126330935,1,0,Growth Prospects
2719,22,Female,Shorts,Clothing,90,Virginia,M,Peach,Winter,4.9,No,Next Day Air,0,No,10,Venmo,Bi-Weekly,0,0,0,26,2340,5611.074938348187,Premium,0,Promoter,18-25,0.4695478191276511,0,0.6255444374035631,1,0,Champions
2720,69,Female,Hoodie,Clothing,82,Louisiana,S,Peach,Fall,4.2,No,Free Shipping,0,No,4,Bank Transfer,Monthly,0,0,0,12,984,1583.6869058351547,High,0,Promoter,56+,0.31076430572228897,0,0.44245373544941957,1,0,Growth Prospects
2721,55,Female,Scarf,Accessories,52,Maryland,M,Peach,Spring,2.8,No,Store Pickup,0,No,45,Bank Transfer,Quarterly,0,0,0,4,208,796.3574104697318,Mid,0,Detractor,46-55,0.5827130852340936,1,0.2550821150008481,0,0,At-Risk Loyalists
2722,19,Female,Sandals,Footwear,70,Minnesota,S,Teal,Spring,4.9,No,Free Shipping,0,No,17,Paypal,Fortnightly,0,0,0,26,1820,5260.47659937102,Premium,0,Promoter,18-25,0.5266906762705081,0,0.6169182421542501,1,0,Champions
2723,23,Female,Hat,Accessories,83,Maine,M,Green,Spring,2.8,No,2-Day Shipping,0,No,22,Paypal,Fortnightly,0,0,0,26,2158,6766.396517975105,Premium,0,Detractor,18-25,0.5675070028011204,1,0.4019702124676475,0,0,Champions
2724,54,Female,Shoes,Footwear,49,Texas,Xl,Brown,Summer,2.9,No,Store Pickup,0,No,3,Paypal,Every 3 Months,0,0,0,4,196,271.71369477949855,Low,0,Detractor,46-55,0.2398559423769508,0,0.25417367070795094,0,0,Growth Prospects
2725,52,Female,Sneakers,Footwear,91,Missouri,M,Brown,Spring,2.5,No,Next Day Air,0,No,11,Debit Card,Fortnightly,0,0,0,26,2366,5879.289133398409,Premium,0,Detractor,46-55,0.4777110844337735,0,0.3441436358535342,0,0,Champions
2726,64,Female,Backpack,Accessories,99,Mississippi,S,Violet,Summer,2.7,No,Free Shipping,0,No,4,Debit Card,Annually,0,0,0,1,99,159.33435333097592,Low,0,Detractor,56+,0.22448979591836737,0,0.22740866576197113,0,0,Growth Prospects
2727,33,Female,Belt,Accessories,92,Michigan,L,Blue,Winter,3.3,No,Free Shipping,0,No,11,Paypal,Bi-Weekly,0,0,0,26,2392,5943.896706292897,Premium,0,Neutral,26-35,0.4777110844337735,0,0.44173325416147596,1,0,Champions
2728,40,Female,Shirt,Clothing,87,Colorado,L,Charcoal,Winter,3.7,No,2-Day Shipping,0,No,47,Credit Card,Fortnightly,0,0,0,26,2262,8756.65668667365,Premium,0,Neutral,36-45,0.7715886354541817,1,0.5589389921321815,1,1,Champions
2729,26,Female,Skirt,Clothing,28,Florida,M,Pink,Winter,4.0,No,Express,0,No,17,Debit Card,Weekly,0,0,0,52,1456,4208.381279496815,High,0,Promoter,26-35,0.7306122448979593,1,0.4830322676895666,1,1,Growth Prospects
2730,31,Female,Gloves,Accessories,71,Montana,S,Violet,Summer,4.1,No,Free Shipping,0,No,32,Credit Card,Monthly,0,0,0,12,852,2979.024442369441,High,0,Promoter,26-35,0.5393357342937175,0,0.46478491358322166,1,0,Growth Prospects
2731,23,Female,Gloves,Accessories,32,Wisconsin,M,Teal,Winter,4.1,No,Store Pickup,0,No,37,Bank Transfer,Annually,0,0,0,1,32,116.40275711124434,Low,0,Promoter,18-25,0.4938775510204082,0,0.3943523677417452,0,0,At-Risk Loyalists
2732,52,Female,Handbag,Accessories,33,Wisconsin,M,Red,Summer,2.5,No,2-Day Shipping,0,No,44,Bank Transfer,Quarterly,0,0,0,4,132,502.4794486496822,Low,0,Detractor,46-55,0.5745498199279713,1,0.21185147983718577,0,0,At-Risk Loyalists
2733,21,Female,Socks,Clothing,75,Delaware,L,Orange,Winter,4.2,No,Store Pickup,0,No,27,Debit Card,Every 3 Months,0,0,0,4,300,999.6613530525611,Mid,0,Promoter,18-25,0.4357743097238896,0,0.428084247951024,1,0,Growth Prospects
2734,31,Female,Backpack,Accessories,83,North Carolina,M,Magenta,Summer,4.7,No,Express,0,No,46,Paypal,Annually,0,0,0,1,83,319.56225094193485,Low,0,Promoter,26-35,0.5673469387755102,1,0.47135094664445154,1,1,At-Risk Loyalists
2735,63,Female,Jeans,Clothing,93,New York,Xl,Yellow,Summer,2.7,No,2-Day Shipping,0,No,13,Cash,Bi-Weekly,0,0,0,26,2418,6381.240623009695,Premium,0,Detractor,56+,0.49403761504601845,0,0.38049375584469736,0,0,Champions
2736,46,Female,Skirt,Clothing,29,California,M,Yellow,Spring,3.0,No,Express,0,No,2,Paypal,Bi-Weekly,0,0,0,26,754,828.3536656557548,Mid,0,Neutral,46-55,0.4042416966786715,0,0.2798693575910061,0,0,Growth Prospects
2737,44,Female,Hoodie,Clothing,25,Montana,M,Pink,Spring,4.8,No,Store Pickup,0,No,45,Credit Card,Annually,0,0,0,1,25,95.71603491222737,Low,0,Promoter,36-45,0.5591836734693878,1,0.47784338727915193,1,1,At-Risk Loyalists
2738,57,Female,Jewelry,Accessories,76,North Carolina,S,Indigo,Spring,4.4,No,Free Shipping,0,No,35,Cash,Every 3 Months,0,0,0,4,304,1089.3897572906574,Mid,0,Promoter,56+,0.5010804321728692,0,0.4542919444752723,1,0,At-Risk Loyalists
2739,50,Female,Sneakers,Footwear,81,Ohio,M,Charcoal,Summer,4.3,No,2-Day Shipping,0,No,39,Venmo,Every 3 Months,0,0,0,4,324,1195.1969431329153,Mid,0,Promoter,46-55,0.533733493397359,0,0.4448952467228483,1,0,At-Risk Loyalists
2740,33,Female,Shirt,Clothing,80,Alaska,Xl,Blue,Winter,2.5,No,Store Pickup,0,No,39,Credit Card,Every 3 Months,0,0,0,4,320,1180.4414253164596,Mid,0,Detractor,26-35,0.533733493397359,0,0.22853219885998388,0,0,At-Risk Loyalists
2741,19,Female,Sunglasses,Accessories,70,Pennsylvania,M,Lavender,Summer,4.9,No,Free Shipping,0,No,34,Bank Transfer,Fortnightly,0,0,0,26,1820,6470.733471910733,Premium,0,Promoter,18-25,0.6654661864745899,1,0.6466956567159046,1,1,Champions
2742,68,Female,Dress,Clothing,81,Maine,L,Yellow,Fall,4.9,No,2-Day Shipping,0,No,41,Venmo,Monthly,0,0,0,12,972,3633.014868971434,High,0,Promoter,56+,0.6128051220488195,1,0.5768758315479465,1,1,Growth Prospects
2743,27,Female,Shoes,Footwear,86,Texas,M,Black,Spring,3.9,No,Free Shipping,0,No,47,Debit Card,Annually,0,0,0,1,86,332.92328693807866,Low,0,Neutral,26-35,0.5755102040816327,1,0.37567968438340393,0,0,At-Risk Loyalists
2744,61,Female,Belt,Accessories,94,New Jersey,S,Beige,Fall,4.1,No,2-Day Shipping,0,No,17,Venmo,Quarterly,0,0,0,4,376,1086.7797809689578,Mid,0,Promoter,56+,0.35414165666266506,0,0.4182277280690772,0,0,Growth Prospects
2745,38,Female,Shirt,Clothing,66,Wyoming,M,Silver,Winter,3.3,No,Store Pickup,0,No,40,Credit Card,Monthly,0,0,0,12,792,2941.1490768298117,High,0,Neutral,36-45,0.6046418567426972,1,0.3678530201257766,0,0,Growth Prospects
2746,28,Female,Boots,Footwear,98,Michigan,M,Magenta,Summer,4.1,No,Standard,0,No,44,Paypal,Bi-Weekly,0,0,0,26,2548,9699.376023934774,Premium,0,Promoter,26-35,0.7470988395358142,1,0.6301338569231612,1,1,Champions
2747,39,Female,Hoodie,Clothing,25,Ohio,M,Orange,Fall,3.7,No,Standard,0,No,21,Paypal,Every 3 Months,0,0,0,4,100,309.1042453358316,Low,0,Neutral,36-45,0.3867947178871549,0,0.3510936356756094,0,0,Growth Prospects
2748,18,Female,Jeans,Clothing,62,West Virginia,M,Teal,Winter,3.1,No,Free Shipping,0,No,21,Credit Card,Every 3 Months,0,0,0,4,248,766.5785284328624,Mid,0,Neutral,18-25,0.3867947178871549,0,0.29034942912587874,0,0,Growth Prospects
2749,24,Female,Jacket,Outerwear,98,Virginia,L,Turquoise,Spring,3.0,No,Free Shipping,0,No,16,Venmo,Annually,0,0,0,1,98,277.65490771750916,Low,0,Neutral,18-25,0.32244897959183677,0,0.2663198495602825,0,0,Growth Prospects
2750,64,Female,Jacket,Outerwear,53,Vermont,M,Cyan,Spring,3.4,No,Standard,0,No,15,Bank Transfer,Annually,0,0,0,1,53,146.9472022787084,Low,0,Neutral,56+,0.3142857142857143,0,0.3111038896929477,0,0,Growth Prospects
2751,51,Female,Sandals,Footwear,66,Alaska,L,Pink,Spring,2.7,No,2-Day Shipping,0,No,26,Paypal,Every 3 Months,0,0,0,4,264,870.1009326251428,Mid,0,Detractor,46-55,0.4276110444177671,0,0.2448965161253385,0,0,Growth Prospects
2752,27,Female,Dress,Clothing,52,Minnesota,S,Indigo,Fall,3.1,No,Free Shipping,0,No,50,Venmo,Monthly,0,0,0,12,624,2453.459194819979,High,0,Neutral,26-35,0.6862745098039216,1,0.33185379572669793,0,0,Growth Prospects
2753,48,Female,Sweater,Clothing,64,Colorado,S,Peach,Winter,4.0,No,Free Shipping,0,No,30,Venmo,Bi-Weekly,0,0,0,26,1664,5714.154708263283,Premium,0,Promoter,46-55,0.6328131252501001,1,0.5200806337361983,1,1,Champions
2754,69,Female,Gloves,Accessories,59,Rhode Island,M,Beige,Spring,3.6,No,Next Day Air,0,No,48,Paypal,Quarterly,0,0,0,4,236,918.4695903541078,Mid,0,Neutral,56+,0.607202881152461,1,0.354086588750139,0,0,At-Risk Loyalists
2755,59,Female,Sunglasses,Accessories,61,New Jersey,L,Gold,Summer,3.6,No,Free Shipping,0,No,21,Venmo,Bi-Weekly,0,0,0,26,1586,4902.393331026289,Premium,0,Neutral,56+,0.5593437374949981,1,0.4521078861289895,1,1,Champions
2756,59,Female,Belt,Accessories,97,Nevada,M,Indigo,Winter,3.3,No,Store Pickup,0,No,18,Credit Card,Annually,0,0,0,1,97,285.6105809791447,Low,0,Neutral,56+,0.33877551020408164,0,0.30251559261797867,0,0,Growth Prospects
2757,42,Female,Hat,Accessories,23,Minnesota,L,Violet,Winter,4.1,No,Free Shipping,0,No,41,Paypal,Monthly,0,0,0,12,276,1031.5968146462096,Mid,0,Promoter,36-45,0.6128051220488195,1,0.4168699947628527,0,0,At-Risk Loyalists
2758,39,Female,Hat,Accessories,98,Delaware,Xl,Brown,Fall,4.3,No,Next Day Air,0,No,11,Venmo,Monthly,0,0,0,12,1176,2922.2502201506886,High,0,Promoter,36-45,0.3679071628651461,0,0.48738802868235304,1,0,Growth Prospects
2759,32,Female,Blouse,Clothing,98,Illinois,M,Purple,Summer,3.2,No,Standard,0,No,8,Bank Transfer,Bi-Weekly,0,0,0,26,2548,5598.528223052687,Premium,0,Neutral,26-35,0.45322128851540616,0,0.42123573538234915,0,0,Champions
2760,68,Female,Shoes,Footwear,59,Washington,M,Turquoise,Summer,3.9,No,Free Shipping,0,No,42,Cash,Every 3 Months,0,0,0,4,236,887.6432273036808,Mid,0,Neutral,56+,0.5582232893157264,1,0.3893281304320677,0,0,At-Risk Loyalists
2761,41,Female,Skirt,Clothing,82,Alaska,S,Violet,Fall,5.0,No,Next Day Air,0,No,41,Credit Card,Bi-Weekly,0,0,0,26,2132,7968.711626180141,Premium,0,Promoter,36-45,0.722609043617447,1,0.6955522261897693,1,1,Champions
2762,31,Female,Sneakers,Footwear,82,Michigan,M,Purple,Fall,3.4,No,Next Day Air,0,No,3,Credit Card,Every 3 Months,0,0,0,4,328,454.7045504473241,Low,0,Neutral,26-35,0.2398559423769508,0,0.31867601619662234,0,0,Growth Prospects
2763,58,Female,T-Shirt,Clothing,41,Georgia,M,Charcoal,Fall,3.8,No,Store Pickup,0,No,10,Debit Card,Every 3 Months,0,0,0,4,164,393.25482473893277,Low,0,Neutral,56+,0.29699879951980795,0,0.365164094224819,0,0,Growth Prospects
2764,28,Female,Handbag,Accessories,52,West Virginia,M,Green,Fall,2.9,No,2-Day Shipping,0,No,35,Venmo,Quarterly,0,0,0,4,208,745.3719391988709,Mid,0,Detractor,26-35,0.5010804321728692,0,0.26582765774544925,0,0,At-Risk Loyalists
2765,63,Female,Sweater,Clothing,41,Arizona,Xl,White,Spring,2.6,No,Next Day Air,0,No,2,Debit Card,Weekly,0,0,0,52,2132,2342.24139944041,High,0,Detractor,56+,0.6081632653061224,1,0.26911736970442635,0,0,Growth Prospects
2766,64,Female,Gloves,Accessories,70,Colorado,M,Purple,Summer,4.3,No,2-Day Shipping,0,No,24,Credit Card,Quarterly,0,0,0,4,280,901.2852309630962,Mid,0,Promoter,56+,0.4112845138055222,0,0.4376637811584838,1,0,Growth Prospects
2767,66,Female,Dress,Clothing,91,Tennessee,M,Cyan,Winter,2.8,No,Standard,0,No,47,Credit Card,Monthly,0,0,0,12,1092,4227.351503911417,High,0,Detractor,56+,0.6617847138855544,1,0.33949901507975966,0,0,Growth Prospects
2768,31,Female,Dress,Clothing,95,Iowa,M,Green,Spring,4.5,No,Free Shipping,0,No,31,Cash,Monthly,0,0,0,12,1140,3950.938929191688,High,0,Promoter,26-35,0.5311724689875951,0,0.5366981019726014,1,0,Growth Prospects
2769,55,Female,Blouse,Clothing,25,Kansas,M,Beige,Spring,3.8,No,2-Day Shipping,0,No,28,Paypal,Bi-Weekly,0,0,0,26,650,2188.7422894912083,High,0,Neutral,46-55,0.616486594637855,1,0.40934064532837666,0,0,Growth Prospects
2770,32,Female,Shirt,Clothing,89,Oklahoma,L,Lavender,Fall,3.0,No,Standard,0,No,13,Cash,Weekly,0,0,0,52,4628,12213.557321459415,Premium,0,Neutral,26-35,0.6979591836734694,1,0.5599933022014552,1,1,Champions
2771,50,Female,Boots,Footwear,44,Nebraska,S,Blue,Fall,3.3,No,Express,0,No,22,Bank Transfer,Quarterly,0,0,0,4,176,551.8469820035303,Mid,0,Neutral,46-55,0.39495798319327735,0,0.3090661290078853,0,0,Growth Prospects
2772,58,Female,Jacket,Outerwear,52,Maryland,S,Beige,Summer,3.1,No,2-Day Shipping,0,No,12,Bank Transfer,Fortnightly,0,0,0,26,1352,3467.8115312879977,High,0,Neutral,56+,0.48587434973989596,0,0.3568111338917823,0,0,Growth Prospects
2773,18,Female,Backpack,Accessories,94,Pennsylvania,L,Blue,Spring,3.5,No,Store Pickup,0,No,10,Bank Transfer,Every 3 Months,0,0,0,4,376,901.6086225721874,Mid,0,Neutral,18-25,0.29699879951980795,0,0.3416717379536305,0,0,Growth Prospects
2774,39,Female,Pants,Clothing,98,Arizona,S,Maroon,Spring,4.6,No,Express,0,No,45,Bank Transfer,Quarterly,0,0,0,4,392,1500.8274274237253,Mid,0,Promoter,36-45,0.5827130852340936,1,0.48841504342047704,1,1,At-Risk Loyalists
2775,56,Female,Boots,Footwear,40,Oklahoma,L,Yellow,Fall,4.1,No,Standard,0,No,42,Credit Card,Quarterly,0,0,0,4,160,601.79201851097,Mid,0,Promoter,56+,0.5582232893157264,1,0.4062949871876022,0,0,At-Risk Loyalists
2776,37,Female,Socks,Clothing,25,Montana,L,Red,Fall,3.6,No,Free Shipping,0,No,16,Debit Card,Weekly,0,0,0,52,1300,3683.177347273081,High,0,Neutral,36-45,0.7224489795918367,1,0.42211003971128747,0,0,Growth Prospects
2777,46,Female,Scarf,Accessories,62,Wyoming,L,Green,Fall,2.9,No,Free Shipping,0,No,6,Bank Transfer,Annually,0,0,0,1,62,120.64642924142942,Low,0,Detractor,46-55,0.24081632653061225,0,0.25045677994311455,0,0,Growth Prospects
2778,52,Female,Blouse,Clothing,24,Idaho,M,Magenta,Fall,4.8,No,Standard,0,No,28,Credit Card,Every 3 Months,0,0,0,4,96,323.2603996787015,Low,0,Promoter,46-55,0.44393757503001197,0,0.48344193667354696,1,0,Growth Prospects
2779,70,Female,Belt,Accessories,57,Pennsylvania,L,Yellow,Spring,3.2,No,Standard,0,No,24,Credit Card,Bi-Weekly,0,0,0,26,1482,4770.373972454673,Premium,0,Neutral,56+,0.5838335334133653,1,0.4008596540721856,0,0,Champions
2780,61,Female,Sunglasses,Accessories,66,Montana,L,Blue,Winter,4.3,No,Express,0,No,14,Credit Card,Fortnightly,0,0,0,26,1716,4647.0141450913925,High,0,Promoter,56+,0.5022008803521409,0,0.5298244829419922,1,0,Growth Prospects
2781,33,Female,Boots,Footwear,70,Ohio,M,Charcoal,Winter,4.1,No,Next Day Air,0,No,29,Paypal,Fortnightly,0,0,0,26,1820,6190.179234625123,Premium,0,Promoter,26-35,0.6246498599439776,1,0.5437928412721457,1,1,Champions
2782,65,Female,Sandals,Footwear,39,Mississippi,M,Blue,Spring,4.6,No,Standard,0,No,33,Paypal,Weekly,0,0,0,52,2028,7151.459143921576,Premium,0,Promoter,56+,0.8612244897959183,1,0.6274443742800451,1,1,Champions
2783,41,Female,Gloves,Accessories,34,Idaho,S,Cyan,Spring,3.8,No,Free Shipping,0,No,30,Paypal,Annually,0,0,0,1,34,116.75556495249498,Low,0,Neutral,36-45,0.43673469387755104,0,0.358361048300053,0,0,At-Risk Loyalists
2784,19,Female,Skirt,Clothing,38,Virginia,M,Silver,Spring,4.5,No,Next Day Air,0,No,26,Credit Card,Quarterly,0,0,0,4,152,500.967203632658,Low,0,Promoter,18-25,0.4276110444177671,0,0.4518142722428209,1,0,Growth Prospects
2785,33,Female,Skirt,Clothing,70,Idaho,M,Black,Winter,3.1,No,Express,0,No,12,Paypal,Every 3 Months,0,0,0,4,280,718.1858200892303,Mid,0,Neutral,26-35,0.3133253301320528,0,0.2891587647546981,0,0,Growth Prospects
2786,53,Female,Blouse,Clothing,80,Louisiana,S,Green,Summer,2.9,No,Next Day Air,0,No,13,Bank Transfer,Monthly,0,0,0,12,960,2533.4950364306483,High,0,Detractor,46-55,0.384233693477391,0,0.30982301440209414,0,0,Growth Prospects
2787,54,Female,Handbag,Accessories,51,Colorado,M,Violet,Spring,3.8,No,Next Day Air,0,No,41,Debit Card,Every 3 Months,0,0,0,4,204,762.4846021298072,Mid,0,Neutral,46-55,0.5500600240096039,1,0.3742487013023258,0,0,At-Risk Loyalists
2788,36,Female,Boots,Footwear,79,West Virginia,Xl,Pink,Spring,4.1,No,Next Day Air,0,No,4,Venmo,Fortnightly,0,0,0,26,2054,3305.785472139642,High,0,Promoter,36-45,0.42056822729091636,0,0.47282461066475273,1,0,Growth Prospects
2789,56,Female,Boots,Footwear,92,Rhode Island,M,Olive,Summer,3.1,No,Free Shipping,0,No,2,Credit Card,Annually,0,0,0,1,92,101.0723305574661,Low,0,Neutral,56+,0.20816326530612245,0,0.2739751747034269,0,0,Growth Prospects
2790,28,Female,Sweater,Clothing,85,North Carolina,L,Orange,Fall,5.0,No,Express,0,No,28,Credit Card,Bi-Weekly,0,0,0,26,2210,7441.723784270108,Premium,0,Promoter,26-35,0.616486594637855,1,0.6825861065224821,1,1,Champions
2791,34,Female,Socks,Clothing,63,Maine,M,Black,Spring,4.5,No,Free Shipping,0,No,24,Debit Card,Annually,0,0,0,1,63,202.78917696669663,Low,0,Promoter,26-35,0.38775510204081637,0,0.44447783737955426,1,0,Growth Prospects
2792,43,Female,Gloves,Accessories,60,Iowa,M,Yellow,Fall,2.8,No,Express,0,No,14,Venmo,Fortnightly,0,0,0,26,1560,4224.558313719448,High,0,Detractor,36-45,0.5022008803521409,0,0.3394302908409778,0,0,Growth Prospects
2793,54,Female,Shorts,Clothing,44,Kentucky,L,Violet,Winter,3.2,No,Express,0,No,11,Credit Card,Weekly,0,0,0,52,2288,5685.466414714945,Premium,0,Neutral,46-55,0.6816326530612244,1,0.42337478092970887,0,0,Champions
2794,37,Female,Boots,Footwear,57,Massachusetts,M,Silver,Spring,3.1,No,Standard,0,No,27,Debit Card,Bi-Weekly,0,0,0,26,1482,4938.327084079652,Premium,0,Neutral,36-45,0.6083233293317327,1,0.3929920077445774,0,0,Champions
2795,33,Female,Jacket,Outerwear,24,New York,M,Gold,Fall,3.3,No,Standard,0,No,7,Cash,Fortnightly,0,0,0,26,624,1297.5715220082175,Mid,0,Neutral,26-35,0.4450580232092837,0,0.3274140923868663,0,0,Growth Prospects
2796,33,Female,Scarf,Accessories,35,Nebraska,M,Magenta,Winter,3.4,No,Store Pickup,0,No,49,Paypal,Annually,0,0,0,1,35,136.92080518998512,Low,0,Neutral,26-35,0.5918367346938775,1,0.3108571981108176,0,0,At-Risk Loyalists
2797,55,Female,Jacket,Outerwear,73,Oklahoma,M,Red,Winter,3.8,No,Store Pickup,0,No,21,Cash,Annually,0,0,0,1,73,225.64609909515707,Low,0,Neutral,46-55,0.363265306122449,0,0.3610402138975197,0,0,Growth Prospects
2798,63,Female,Jewelry,Accessories,42,Oklahoma,M,Green,Winter,3.5,No,Express,0,No,10,Venmo,Every 3 Months,0,0,0,4,168,402.8464058301263,Low,0,Neutral,56+,0.29699879951980795,0,0.3294000875027211,0,0,Growth Prospects
2799,52,Female,Hoodie,Clothing,20,Rhode Island,Xl,Red,Winter,4.8,No,Store Pickup,0,No,37,Paypal,Weekly,0,0,0,52,1040,3783.0896061154413,High,0,Promoter,46-55,0.8938775510204082,1,0.5685683019354854,1,1,Growth Prospects
2800,23,Female,T-Shirt,Clothing,89,Maine,L,Pink,Spring,3.9,No,Free Shipping,0,No,9,Bank Transfer,Every 3 Months,0,0,0,4,356,819.7202931058804,Mid,0,Neutral,18-25,0.28883553421368546,0,0.3876569402775284,0,0,Growth Prospects
2801,70,Female,Shirt,Clothing,76,Arkansas,L,Violet,Fall,3.4,No,Free Shipping,0,No,14,Cash,Bi-Weekly,0,0,0,26,1976,5351.107197377967,Premium,0,Neutral,56+,0.5022008803521409,0,0.43914813644368317,1,0,Champions
2802,64,Female,Shirt,Clothing,56,New Mexico,M,Indigo,Winter,2.6,No,Express,0,No,30,Paypal,Annually,0,0,0,1,56,192.3032834511682,Low,0,Detractor,56+,0.43673469387755104,0,0.21621984025072494,0,0,At-Risk Loyalists
2803,22,Female,Coat,Outerwear,100,Hawaii,L,Red,Fall,3.1,No,Store Pickup,0,No,42,Credit Card,Fortnightly,0,0,0,26,2600,9779.120300803263,Premium,0,Neutral,18-25,0.7307723089235694,1,0.5120959018783361,1,1,Champions
2804,46,Female,T-Shirt,Clothing,44,Idaho,M,Violet,Winter,3.3,No,Free Shipping,0,No,31,Bank Transfer,Monthly,0,0,0,12,528,1829.9085566782555,High,0,Neutral,46-55,0.5311724689875951,0,0.3405118247175467,0,0,Growth Prospects
2805,65,Female,Hoodie,Clothing,76,South Carolina,M,Cyan,Spring,2.8,No,Standard,0,No,48,Bank Transfer,Every 3 Months,0,0,0,4,304,1183.1133706256305,Mid,0,Detractor,56+,0.607202881152461,1,0.2645979399641763,0,0,At-Risk Loyalists
2806,18,Female,Sunglasses,Accessories,97,Nevada,S,Black,Fall,4.3,No,Standard,0,No,48,Cash,Quarterly,0,0,0,4,388,1510.026275666923,Mid,0,Promoter,18-25,0.607202881152461,1,0.45264137381681074,1,1,At-Risk Loyalists
2807,45,Female,Blouse,Clothing,39,South Carolina,L,Purple,Spring,2.7,No,Standard,0,No,50,Credit Card,Annually,0,0,0,1,39,153.3411996762487,Low,0,Detractor,36-45,0.6000000000000001,1,0.2272612089493244,0,0,At-Risk Loyalists
2808,56,Female,Hoodie,Clothing,100,Maryland,M,Charcoal,Spring,4.4,No,2-Day Shipping,0,No,10,Debit Card,Fortnightly,0,0,0,26,2600,6234.527709275763,Premium,0,Promoter,56+,0.4695478191276511,0,0.5808840004671998,1,0,Champions
2809,49,Female,Skirt,Clothing,62,Tennessee,M,Beige,Spring,3.9,No,Free Shipping,0,No,45,Paypal,Every 3 Months,0,0,0,4,248,949.5030663292956,Mid,0,Neutral,46-55,0.5827130852340936,1,0.3908501429181588,0,0,At-Risk Loyalists
2810,66,Female,Shorts,Clothing,98,Arkansas,Xl,Teal,Summer,3.0,No,Standard,0,No,27,Debit Card,Quarterly,0,0,0,4,392,1306.22416798868,Mid,0,Neutral,56+,0.4357743097238896,0,0.29162698390788266,0,0,Growth Prospects
2811,27,Female,Jeans,Clothing,31,Arizona,M,Purple,Summer,4.0,No,Standard,0,No,10,Debit Card,Fortnightly,0,0,0,26,806,1932.7035898754868,High,0,Promoter,26-35,0.4695478191276511,0,0.42704101532810657,1,0,Growth Prospects
2812,69,Female,Jacket,Outerwear,89,Ohio,M,Blue,Fall,3.7,No,Store Pickup,0,No,19,Credit Card,Quarterly,0,0,0,4,356,1066.4806893852208,Mid,0,Neutral,56+,0.37046818727491,0,0.3697282849516459,0,0,Growth Prospects
2813,66,Female,Hoodie,Clothing,91,North Dakota,Xl,Magenta,Fall,3.8,No,Store Pickup,0,No,1,Credit Card,Every 3 Months,0,0,0,4,364,252.3055737238201,Low,0,Neutral,56+,0.2235294117647059,0,0.3616961492167282,0,0,Growth Prospects
2814,45,Female,Shirt,Clothing,50,Vermont,S,Maroon,Summer,3.3,No,2-Day Shipping,0,No,39,Debit Card,Quarterly,0,0,0,4,200,737.7758908227872,Mid,0,Neutral,36-45,0.533733493397359,0,0.3136407629740522,0,0,At-Risk Loyalists
2815,31,Female,T-Shirt,Clothing,32,Minnesota,L,Gold,Winter,3.6,No,Standard,0,No,14,Bank Transfer,Monthly,0,0,0,12,384,1039.8912772232486,Mid,0,Neutral,26-35,0.39239695878351344,0,0.35707407346409925,0,0,Growth Prospects
2816,33,Female,Blouse,Clothing,67,Idaho,L,Black,Fall,3.9,No,Free Shipping,0,No,40,Venmo,Every 3 Months,0,0,0,4,268,995.2373138767546,Mid,0,Neutral,26-35,0.5418967587034815,0,0.39197539796094005,0,0,At-Risk Loyalists
2817,43,Female,Skirt,Clothing,28,Maryland,M,Black,Spring,3.5,No,Free Shipping,0,No,45,Venmo,Weekly,0,0,0,52,1456,5574.501873288123,Premium,0,Neutral,36-45,0.9591836734693877,1,0.45664458602094005,1,1,Champions
2818,25,Female,Backpack,Accessories,65,South Carolina,Xl,Yellow,Winter,3.4,No,Standard,0,No,6,Venmo,Weekly,0,0,0,52,3380,6577.1763038069585,Premium,0,Neutral,18-25,0.6408163265306123,1,0.46931459853264385,1,1,Champions
2819,46,Female,Shorts,Clothing,73,California,M,Turquoise,Fall,4.7,No,Next Day Air,0,No,12,Debit Card,Annually,0,0,0,1,73,187.24130309469217,Low,0,Promoter,46-55,0.28979591836734697,0,0.4680952942216977,1,0,Growth Prospects
2820,67,Female,Shirt,Clothing,27,Georgia,L,Lavender,Spring,3.0,No,Free Shipping,0,No,19,Cash,Monthly,0,0,0,12,324,970.6172566314931,Mid,0,Neutral,56+,0.4332132853141257,0,0.2833696408958425,0,0,Growth Prospects
2821,26,Female,Backpack,Accessories,89,Vermont,L,Yellow,Summer,3.9,No,Free Shipping,0,No,5,Cash,Bi-Weekly,0,0,0,26,2314,4146.131411793719,High,0,Neutral,26-35,0.4287314925970388,0,0.469500658855887,1,0,Growth Prospects
2822,35,Female,Shoes,Footwear,72,Georgia,L,Olive,Summer,4.5,No,Standard,0,No,37,Venmo,Monthly,0,0,0,12,864,3142.8744420035973,High,0,Promoter,26-35,0.5801520608243298,1,0.5168163134254673,1,1,Growth Prospects
2823,61,Female,Skirt,Clothing,37,New Jersey,S,Brown,Fall,4.1,No,Standard,0,No,33,Paypal,Quarterly,0,0,0,4,148,521.9013576431919,Mid,0,Promoter,56+,0.4847539015606242,0,0.4043293405697299,0,0,At-Risk Loyalists
2824,26,Female,Dress,Clothing,63,Utah,M,Olive,Summer,4.5,No,Standard,0,No,47,Debit Card,Bi-Weekly,0,0,0,26,1638,6341.027255867126,Premium,0,Promoter,26-35,0.7715886354541817,1,0.5955043377042231,1,1,Champions
2825,39,Female,Hat,Accessories,90,Utah,M,Purple,Fall,4.0,No,Free Shipping,0,No,49,Debit Card,Quarterly,0,0,0,4,360,1408.3282819541325,Mid,0,Promoter,36-45,0.6153661464585836,1,0.4141391749963905,0,0,At-Risk Loyalists
2826,69,Female,Handbag,Accessories,62,North Carolina,M,Yellow,Winter,4.3,No,2-Day Shipping,0,No,28,Bank Transfer,Annually,0,0,0,1,62,208.7723414591614,Low,0,Promoter,56+,0.4204081632653061,0,0.4206250484167524,0,0,Growth Prospects
2827,32,Female,Handbag,Accessories,43,Florida,L,Brown,Fall,3.6,No,Express,0,No,23,Venmo,Annually,0,0,0,1,43,136.65631470496166,Low,0,Neutral,26-35,0.3795918367346939,0,0.3348506905313121,0,0,Growth Prospects
2828,20,Female,Blouse,Clothing,96,Wisconsin,M,Magenta,Fall,3.1,No,Next Day Air,0,No,11,Bank Transfer,Bi-Weekly,0,0,0,26,2496,6202.326997870849,Premium,0,Neutral,18-25,0.4777110844337735,0,0.4240917273932431,0,0,Champions
2829,25,Female,Scarf,Accessories,83,Tennessee,L,Lavender,Fall,2.6,No,Standard,0,No,33,Paypal,Quarterly,0,0,0,4,332,1170.7516941725657,Mid,0,Detractor,18-25,0.4847539015606242,0,0.24029379067754802,0,0,At-Risk Loyalists
2830,56,Female,Jewelry,Accessories,67,Arizona,Xl,Teal,Fall,3.4,No,Next Day Air,0,No,47,Cash,Weekly,0,0,0,52,3484,13487.264322003093,Premium,0,Neutral,56+,0.9755102040816328,1,0.6393318570535995,1,1,Champions
2831,63,Female,Skirt,Clothing,90,Oregon,L,Cyan,Spring,2.9,No,Store Pickup,0,No,13,Venmo,Every 3 Months,0,0,0,4,360,950.060638661493,Mid,0,Detractor,56+,0.3214885954381753,0,0.2708638615450558,0,0,Growth Prospects
2832,34,Female,Hoodie,Clothing,53,Virginia,L,Pink,Winter,5.0,No,Express,0,No,4,Credit Card,Weekly,0,0,0,52,2756,4435.610886668381,High,0,Promoter,26-35,0.6244897959183674,1,0.6086230727219153,1,1,Growth Prospects
2833,29,Female,Scarf,Accessories,37,Maryland,M,Magenta,Summer,4.6,No,Standard,0,No,40,Paypal,Quarterly,0,0,0,4,148,549.6086658722376,Mid,0,Promoter,26-35,0.5418967587034815,0,0.4650110570071606,1,0,At-Risk Loyalists
2834,43,Female,Jeans,Clothing,56,Arkansas,M,Teal,Fall,3.3,No,Free Shipping,0,No,19,Cash,Monthly,0,0,0,12,672,2013.1320878282818,High,0,Neutral,36-45,0.4332132853141257,0,0.3450198950027047,0,0,Growth Prospects
2835,39,Female,Jacket,Outerwear,43,Texas,M,Indigo,Fall,2.9,No,2-Day Shipping,0,No,17,Credit Card,Weekly,0,0,0,52,2236,6462.871250655824,Premium,0,Detractor,36-45,0.7306122448979593,1,0.40650221297103106,0,0,Champions
2836,33,Female,T-Shirt,Clothing,84,Vermont,S,Pink,Winter,4.9,No,Free Shipping,0,No,7,Venmo,Annually,0,0,0,1,84,174.6730895011062,Low,0,Promoter,26-35,0.2489795918367347,0,0.4917860632518373,1,0,Growth Prospects
2837,51,Female,Pants,Clothing,50,Wyoming,M,Charcoal,Winter,5.0,No,2-Day Shipping,0,No,21,Cash,Bi-Weekly,0,0,0,26,1300,4018.355189365811,High,0,Promoter,46-55,0.5593437374949981,1,0.5983568258129284,1,1,Growth Prospects
2838,65,Female,Shoes,Footwear,88,Alabama,M,Brown,Summer,4.5,No,Express,0,No,44,Paypal,Weekly,0,0,0,52,4576,17419.287553188984,Premium,0,Promoter,56+,0.9510204081632654,1,0.868076183384402,1,1,Champions
2839,51,Female,Jacket,Outerwear,50,Maine,M,Blue,Fall,3.7,No,Free Shipping,0,No,2,Bank Transfer,Weekly,0,0,0,52,2600,2856.3919505370854,High,0,Neutral,46-55,0.6081632653061224,1,0.41376763796936156,0,0,Growth Prospects
2840,70,Female,Scarf,Accessories,80,South Dakota,L,Teal,Summer,2.8,No,Store Pickup,0,No,30,Bank Transfer,Monthly,0,0,0,12,960,3296.6277163057403,High,0,Detractor,56+,0.5230092036814726,0,0.3165992913146975,0,0,Growth Prospects
2841,40,Female,T-Shirt,Clothing,47,West Virginia,L,Pink,Spring,3.5,No,Store Pickup,0,No,41,Cash,Annually,0,0,0,1,47,175.6704720593183,Low,0,Neutral,36-45,0.526530612244898,0,0.3238106030620101,0,0,At-Risk Loyalists
2842,19,Female,Dress,Clothing,33,Ohio,Xl,Magenta,Winter,3.0,No,2-Day Shipping,0,No,31,Cash,Weekly,0,0,0,52,1716,5947.202809204331,Premium,0,Neutral,18-25,0.8448979591836736,1,0.405814598212653,0,0,Champions
2843,28,Female,Coat,Outerwear,100,Arizona,L,Green,Fall,4.3,No,Standard,0,No,48,Debit Card,Quarterly,0,0,0,4,400,1556.7281192442506,High,0,Promoter,26-35,0.607202881152461,1,0.4537904357957585,1,1,Growth Prospects
2844,51,Female,Sweater,Clothing,26,Ohio,M,White,Summer,3.6,No,Store Pickup,0,No,41,Venmo,Weekly,0,0,0,52,1352,5053.329323919114,Premium,0,Neutral,46-55,0.926530612244898,1,0.4558215470340608,1,1,Champions
2845,32,Female,Hat,Accessories,79,New Mexico,M,Indigo,Summer,4.4,No,Standard,0,No,42,Venmo,Annually,0,0,0,1,79,297.1348091397914,Low,0,Promoter,26-35,0.5346938775510204,0,0.43479913715073776,1,0,At-Risk Loyalists
2846,26,Female,Backpack,Accessories,77,South Dakota,L,Lavender,Summer,4.1,No,Express,0,No,39,Debit Card,Every 3 Months,0,0,0,4,308,1136.1748718670924,Mid,0,Promoter,26-35,0.533733493397359,0,0.4194430552713907,0,0,At-Risk Loyalists
2847,50,Female,Socks,Clothing,36,Oklahoma,Xl,Black,Fall,2.8,No,Next Day Air,0,No,15,Paypal,Bi-Weekly,0,0,0,26,936,2595.143044016435,High,0,Detractor,46-55,0.5103641456582633,0,0.29933981494289974,0,0,Growth Prospects
2848,68,Female,Jewelry,Accessories,21,Connecticut,L,Charcoal,Winter,2.8,No,Free Shipping,0,No,3,Paypal,Every 3 Months,0,0,0,4,84,116.44872633407081,Low,0,Detractor,56+,0.2398559423769508,0,0.23835349877816914,0,0,Growth Prospects
2849,33,Female,Boots,Footwear,72,Wisconsin,L,Gray,Fall,4.9,No,Store Pickup,0,No,28,Bank Transfer,Quarterly,0,0,0,4,288,969.7811990361046,Mid,0,Promoter,26-35,0.44393757503001197,0,0.5113490703589754,1,0,Growth Prospects
2850,56,Female,Coat,Outerwear,25,New Hampshire,M,Gold,Spring,4.1,No,Express,0,No,27,Paypal,Bi-Weekly,0,0,0,26,650,2165.9329316138824,High,0,Promoter,56+,0.6083233293317327,1,0.44477943909124706,1,1,Growth Prospects
2851,57,Female,Sweater,Clothing,79,Nebraska,M,Silver,Spring,3.0,No,Store Pickup,0,No,36,Debit Card,Annually,0,0,0,1,79,285.26251509889374,Low,0,Neutral,56+,0.48571428571428577,0,0.26650702873187637,0,0,At-Risk Loyalists
2852,58,Female,Blouse,Clothing,73,Nevada,L,Teal,Summer,3.0,No,Store Pickup,0,No,42,Debit Card,Monthly,0,0,0,12,876,3294.811301347561,High,0,Neutral,56+,0.6209683873549421,1,0.34055459985914543,0,0,Growth Prospects
2853,40,Female,Belt,Accessories,71,New York,M,Magenta,Spring,3.0,No,Store Pickup,0,No,30,Venmo,Weekly,0,0,0,52,3692,12678.28075895916,Premium,0,Neutral,36-45,0.8367346938775511,1,0.5714274553708625,1,1,Champions
2854,37,Female,Hat,Accessories,48,Pennsylvania,M,Magenta,Winter,3.2,No,Next Day Air,0,No,9,Paypal,Weekly,0,0,0,52,2496,5747.252392113139,Premium,0,Neutral,36-45,0.6653061224489796,1,0.4248949761087887,1,1,Champions
2855,36,Female,Sandals,Footwear,28,Delaware,M,Beige,Fall,2.7,No,Store Pickup,0,No,25,Venmo,Monthly,0,0,0,12,336,1094.720436775218,Mid,0,Detractor,36-45,0.4821928771508604,0,0.25042310163414383,0,0,Growth Prospects
2856,29,Female,Boots,Footwear,95,Mississippi,S,Maroon,Winter,3.8,No,2-Day Shipping,0,No,33,Paypal,Quarterly,0,0,0,4,380,1340.0169993541415,Mid,0,Neutral,26-35,0.4847539015606242,0,0.38845842983610923,0,0,At-Risk Loyalists
2857,65,Female,Jacket,Outerwear,48,Iowa,M,Indigo,Winter,3.5,No,2-Day Shipping,0,No,31,Credit Card,Monthly,0,0,0,12,576,1996.2638800126424,High,0,Neutral,56+,0.5311724689875951,0,0.36860486607088433,0,0,Growth Prospects
2858,44,Female,Dress,Clothing,93,Utah,S,Maroon,Spring,3.8,No,Next Day Air,0,No,35,Debit Card,Monthly,0,0,0,12,1116,3999.2071353170186,High,0,Neutral,36-45,0.5638255302120849,1,0.45388570306502507,1,1,Growth Prospects
2859,34,Female,Jeans,Clothing,87,Maryland,L,Teal,Summer,3.8,No,2-Day Shipping,0,No,46,Bank Transfer,Monthly,0,0,0,12,1044,4019.554096185301,High,0,Neutral,26-35,0.6536214485794318,1,0.4543863239683984,1,1,Growth Prospects
2860,31,Female,Shorts,Clothing,32,Utah,L,Yellow,Fall,3.4,No,Express,0,No,29,Bank Transfer,Annually,0,0,0,1,32,108.83831621318897,Low,0,Neutral,26-35,0.4285714285714286,0,0.31016625064738335,0,0,Growth Prospects
2861,28,Female,Shirt,Clothing,38,Rhode Island,M,Gold,Spring,2.9,No,Next Day Air,0,No,49,Bank Transfer,Weekly,0,0,0,52,1976,7730.157458726017,Premium,0,Detractor,26-35,0.9918367346938777,1,0.43768278929511634,1,1,Champions
2862,66,Female,Coat,Outerwear,54,Maryland,M,Teal,Fall,3.4,No,Free Shipping,0,No,27,Credit Card,Monthly,0,0,0,12,648,2159.268522593532,High,0,Neutral,56+,0.49851940776310527,0,0.3606154665704458,0,0,Growth Prospects
2863,68,Female,Coat,Outerwear,75,Hawaii,S,Violet,Summer,4.7,No,Store Pickup,0,No,5,Bank Transfer,Every 3 Months,0,0,0,4,300,537.5278407684165,Mid,0,Promoter,56+,0.25618247298919566,0,0.4767138178461812,1,0,Growth Prospects
2864,37,Female,T-Shirt,Clothing,56,Connecticut,M,Yellow,Fall,3.9,No,2-Day Shipping,0,No,18,Venmo,Monthly,0,0,0,12,672,1978.662993999848,High,0,Neutral,36-45,0.42505002000800324,0,0.4161718101706476,0,0,Growth Prospects
2865,58,Female,Sweater,Clothing,43,Illinois,S,Maroon,Fall,3.6,No,Store Pickup,0,No,31,Venmo,Weekly,0,0,0,52,2236,7749.385478660189,Premium,0,Neutral,56+,0.8448979591836736,1,0.5221558795404773,1,1,Champions
2866,28,Female,Skirt,Clothing,97,California,M,Silver,Fall,3.7,No,Free Shipping,0,No,27,Cash,Fortnightly,0,0,0,26,2522,8403.819774661864,Premium,0,Neutral,26-35,0.6083233293317327,1,0.5502577185612403,1,1,Champions
2867,54,Female,Blouse,Clothing,75,Connecticut,S,Violet,Summer,3.1,No,Free Shipping,0,No,19,Cash,Annually,0,0,0,1,75,224.67992051654932,Low,0,Neutral,46-55,0.34693877551020413,0,0.2770164418366221,0,0,Growth Prospects
2868,21,Female,Sneakers,Footwear,55,Colorado,L,White,Summer,4.9,No,Next Day Air,0,No,33,Cash,Fortnightly,0,0,0,26,1430,5042.6955502011115,Premium,0,Promoter,18-25,0.6573029211684673,1,0.6115599114296364,1,1,Champions
2869,45,Female,Backpack,Accessories,49,Colorado,M,Black,Winter,2.6,No,Next Day Air,0,No,42,Paypal,Every 3 Months,0,0,0,4,196,737.1952226759382,Mid,0,Detractor,36-45,0.5582232893157264,1,0.22962647609287537,0,0,At-Risk Loyalists
2870,57,Female,Socks,Clothing,58,Georgia,M,White,Summer,4.2,No,Standard,0,No,16,Bank Transfer,Weekly,0,0,0,52,3016,8544.971445673547,Premium,0,Promoter,56+,0.7224489795918367,1,0.6137306439534878,1,1,Champions
2871,47,Female,Jewelry,Accessories,34,North Dakota,M,Blue,Winter,4.8,No,Free Shipping,0,No,49,Debit Card,Every 3 Months,0,0,0,4,136,532.0351287382279,Mid,0,Promoter,46-55,0.6153661464585836,1,0.4885786740044879,1,1,At-Risk Loyalists
2872,46,Female,Shorts,Clothing,43,Idaho,S,Black,Summer,2.7,No,2-Day Shipping,0,No,40,Venmo,Bi-Weekly,0,0,0,26,1118,4151.773570575417,High,0,Detractor,46-55,0.7144457783113245,1,0.32563947971687723,0,0,Growth Prospects
2873,63,Female,Jewelry,Accessories,48,Connecticut,L,Olive,Fall,2.6,No,Next Day Air,0,No,5,Cash,Annually,0,0,0,1,48,86.00445452294665,Low,0,Detractor,56+,0.2326530612244898,0,0.21360444151328856,0,0,Growth Prospects
2874,44,Female,Sweater,Clothing,40,Montana,M,Teal,Spring,2.6,No,Free Shipping,0,No,8,Bank Transfer,Monthly,0,0,0,12,480,1054.6677971213853,Mid,0,Detractor,36-45,0.3434173669467787,0,0.23743763806659726,0,0,Growth Prospects
2875,36,Female,Shirt,Clothing,29,Colorado,L,Silver,Summer,3.1,No,Standard,0,No,2,Debit Card,Annually,0,0,0,1,29,31.859756371375184,Low,0,Neutral,36-45,0.20816326530612245,0,0.27227225397545485,0,0,Growth Prospects
2876,24,Female,Pants,Clothing,81,Kentucky,M,Pink,Fall,2.6,No,Free Shipping,0,No,14,Debit Card,Weekly,0,0,0,52,4212,11406.307447042509,Premium,0,Detractor,18-25,0.7061224489795919,1,0.4921315565582244,1,1,Champions
2877,65,Female,Hoodie,Clothing,84,New Mexico,M,Charcoal,Spring,3.4,No,2-Day Shipping,0,No,5,Bank Transfer,Fortnightly,0,0,0,26,2184,3913.202680794072,High,0,Neutral,56+,0.4287314925970388,0,0.4037696313825693,0,0,Growth Prospects
2878,32,Female,Socks,Clothing,46,New Jersey,M,Silver,Summer,3.6,No,Standard,0,No,34,Venmo,Monthly,0,0,0,12,552,1962.5521299421562,High,0,Neutral,26-35,0.5556622649059624,1,0.3797754150838875,0,0,Growth Prospects
2879,63,Female,Dress,Clothing,86,California,L,Turquoise,Summer,4.3,No,Next Day Air,0,No,13,Bank Transfer,Annually,0,0,0,1,86,226.9589303469122,Low,0,Promoter,56+,0.2979591836734694,0,0.42107251507367494,0,0,Growth Prospects
2880,62,Female,Blouse,Clothing,57,North Dakota,Xl,Turquoise,Winter,4.9,No,Free Shipping,0,No,31,Venmo,Annually,0,0,0,1,57,197.5469464595844,Low,0,Promoter,56+,0.4448979591836735,0,0.49234885643792126,1,0,At-Risk Loyalists
2881,19,Female,Skirt,Clothing,61,Florida,L,Beige,Winter,4.8,No,Store Pickup,0,No,43,Paypal,Quarterly,0,0,0,4,244,923.3422706760557,Mid,0,Promoter,18-25,0.5663865546218487,1,0.4982064772013142,1,1,At-Risk Loyalists
2882,38,Female,Backpack,Accessories,90,Texas,M,Cyan,Winter,4.2,No,Free Shipping,0,No,6,Bank Transfer,Annually,0,0,0,1,90,175.1319134149782,Low,0,Promoter,36-45,0.24081632653061225,0,0.40779735225188696,0,0,Growth Prospects
2883,59,Female,Blouse,Clothing,51,Oklahoma,L,Gold,Winter,2.6,No,Store Pickup,0,No,23,Credit Card,Bi-Weekly,0,0,0,26,1326,4214.099379041376,High,0,Detractor,56+,0.575670268107243,1,0.31517295701305365,0,0,Growth Prospects
2884,22,Female,Socks,Clothing,48,Rhode Island,Xl,Silver,Spring,3.2,No,Standard,0,No,10,Paypal,Weekly,0,0,0,52,2496,5985.1466009047335,Premium,0,Neutral,18-25,0.6734693877551021,1,0.43074817524174513,1,1,Champions
2885,55,Female,Boots,Footwear,50,Arkansas,M,Purple,Summer,3.4,No,2-Day Shipping,0,No,47,Credit Card,Every 3 Months,0,0,0,4,200,774.2402021815782,Mid,0,Neutral,46-55,0.5990396158463387,1,0.3265379385577425,0,0,At-Risk Loyalists
2886,29,Female,Backpack,Accessories,82,Nevada,M,Yellow,Summer,3.5,No,Next Day Air,0,No,14,Credit Card,Bi-Weekly,0,0,0,26,2132,5773.563028749912,Premium,0,Neutral,26-35,0.5022008803521409,0,0.4615423285446977,1,0,Champions
2887,42,Female,Hat,Accessories,33,Utah,L,Blue,Spring,4.2,No,Free Shipping,0,No,29,Paypal,Weekly,0,0,0,52,1716,5836.454706932259,Premium,0,Promoter,36-45,0.8285714285714285,1,0.5470897286183565,1,1,Champions
2888,23,Female,Sandals,Footwear,28,Kentucky,L,Blue,Winter,2.8,No,Express,0,No,12,Cash,Bi-Weekly,0,0,0,26,728,1867.2831322319987,High,0,Detractor,18-25,0.48587434973989596,0,0.2814313966328825,0,0,Growth Prospects
2889,70,Female,Hoodie,Clothing,42,Wisconsin,L,Green,Spring,5.0,No,2-Day Shipping,0,No,25,Debit Card,Quarterly,0,0,0,4,168,547.360218387609,Mid,0,Promoter,56+,0.41944777911164466,0,0.5129557357324883,1,0,Growth Prospects
2890,64,Female,Sunglasses,Accessories,43,Minnesota,M,Charcoal,Fall,3.3,No,Store Pickup,0,No,21,Venmo,Annually,0,0,0,1,43,132.91482549440758,Low,0,Neutral,56+,0.363265306122449,0,0.2987586341440867,0,0,Growth Prospects
2891,39,Female,Jeans,Clothing,55,North Dakota,M,Violet,Winter,3.7,No,Free Shipping,0,No,23,Credit Card,Monthly,0,0,0,12,660,2097.515528029644,High,0,Neutral,36-45,0.4658663465386155,0,0.3950960829079563,0,0,Growth Prospects
2892,47,Female,T-Shirt,Clothing,73,Ohio,Xl,Black,Winter,2.5,No,Free Shipping,0,No,10,Paypal,Monthly,0,0,0,12,876,2100.5562589713727,High,0,Detractor,46-55,0.35974389755902364,0,0.2511708976913934,0,0,Growth Prospects
2893,22,Female,Dress,Clothing,39,Nevada,M,Teal,Spring,3.2,No,Standard,0,No,47,Credit Card,Monthly,0,0,0,12,468,1811.722073104893,High,0,Neutral,18-25,0.6617847138855544,1,0.3280643606518015,0,0,Growth Prospects
2894,69,Female,Belt,Accessories,20,Kentucky,S,Orange,Spring,3.1,No,Free Shipping,0,No,44,Debit Card,Every 3 Months,0,0,0,4,80,304.53299918162554,Low,0,Neutral,56+,0.5745498199279713,1,0.278981163774077,0,0,At-Risk Loyalists
2895,35,Female,Jewelry,Accessories,32,Kentucky,S,Brown,Spring,3.5,No,Standard,0,No,41,Venmo,Annually,0,0,0,1,32,119.60542778506779,Low,0,Neutral,26-35,0.526530612244898,0,0.3224311669244003,0,0,At-Risk Loyalists
2896,56,Female,Hoodie,Clothing,86,Montana,L,Green,Summer,4.6,No,Standard,0,No,29,Bank Transfer,Monthly,0,0,0,12,1032,3510.0356978753443,High,0,Promoter,56+,0.5148459383753501,0,0.5378500261645882,1,0,Growth Prospects
2897,30,Female,Blouse,Clothing,91,Delaware,M,Silver,Summer,3.3,No,Free Shipping,0,No,2,Venmo,Every 3 Months,0,0,0,4,364,399.894873075192,Low,0,Neutral,26-35,0.23169267707082836,0,0.3053274673702268,0,0,Growth Prospects
2898,43,Female,Jacket,Outerwear,59,Montana,L,Violet,Fall,2.5,No,Free Shipping,0,No,2,Cash,Fortnightly,0,0,0,26,1534,1685.2712508168804,High,0,Detractor,36-45,0.4042416966786715,0,0.24095313803256474,0,0,Growth Prospects
2899,23,Female,Sneakers,Footwear,33,New Jersey,Xl,Peach,Summer,4.6,No,Express,0,No,29,Credit Card,Annually,0,0,0,1,33,112.23951359485113,Low,0,Promoter,18-25,0.4285714285714286,0,0.4542499344229005,1,0,Growth Prospects
2900,50,Female,Boots,Footwear,64,Nebraska,M,Gold,Spring,4.2,No,2-Day Shipping,0,No,22,Bank Transfer,Fortnightly,0,0,0,26,1664,5217.462375306105,Premium,0,Promoter,46-55,0.5675070028011204,1,0.5318599111411478,1,1,Champions
2901,41,Female,Blouse,Clothing,67,Maryland,Xl,Violet,Winter,4.0,No,Standard,0,No,23,Cash,Bi-Weekly,0,0,0,26,1742,5536.169772466122,Premium,0,Promoter,36-45,0.575670268107243,1,0.5157014549525739,1,1,Champions
2902,41,Female,Blouse,Clothing,43,Alabama,L,Olive,Winter,2.6,No,Free Shipping,0,No,46,Credit Card,Quarterly,0,0,0,4,172,662.22538749413,Mid,0,Detractor,36-45,0.5908763505402161,1,0.22778190250483787,0,0,At-Risk Loyalists
2903,27,Female,Boots,Footwear,32,North Carolina,S,Orange,Spring,4.6,No,Standard,0,No,19,Paypal,Bi-Weekly,0,0,0,26,832,2492.4492515969205,High,0,Promoter,26-35,0.5430172068827531,0,0.5128131152817218,1,0,Growth Prospects
2904,38,Female,Scarf,Accessories,39,Delaware,S,Teal,Spring,3.5,No,2-Day Shipping,0,No,24,Credit Card,Every 3 Months,0,0,0,4,156,502.1446286794393,Low,0,Neutral,36-45,0.4112845138055222,0,0.33184324185623837,0,0,Growth Prospects
2905,41,Female,Sandals,Footwear,41,Iowa,M,Gray,Spring,4.0,No,2-Day Shipping,0,No,43,Venmo,Monthly,0,0,0,12,492,1861.8212998877843,High,0,Promoter,36-45,0.6291316526610644,1,0.4252970125614758,1,1,Growth Prospects
2906,58,Female,Sunglasses,Accessories,53,New York,L,Black,Winter,4.8,No,Standard,0,No,14,Debit Card,Fortnightly,0,0,0,26,1378,3731.6931771188456,High,0,Promoter,56+,0.5022008803521409,0,0.5673037333897942,1,0,Growth Prospects
2907,58,Female,Coat,Outerwear,27,Virginia,M,Indigo,Spring,3.9,No,Standard,0,No,7,Venmo,Annually,0,0,0,1,27,56.144921625355565,Low,0,Neutral,56+,0.2489795918367347,0,0.36886977128758425,0,0,Growth Prospects
2908,19,Female,Sunglasses,Accessories,82,Maryland,Xl,Lavender,Summer,3.7,No,Next Day Air,0,No,50,Paypal,Bi-Weekly,0,0,0,26,2132,8382.652248968263,Premium,0,Neutral,18-25,0.7960784313725491,1,0.5497369083083721,1,1,Champions
2909,43,Female,Blouse,Clothing,87,Texas,M,Beige,Winter,3.1,No,Store Pickup,0,No,15,Debit Card,Every 3 Months,0,0,0,4,348,964.8608753394439,Mid,0,Neutral,36-45,0.3378151260504202,0,0.29522800968019103,0,0,Growth Prospects
2910,27,Female,Backpack,Accessories,78,Louisiana,M,Indigo,Winter,3.0,No,Next Day Air,0,No,40,Credit Card,Every 3 Months,0,0,0,4,312,1158.6344848117442,Mid,0,Neutral,26-35,0.5418967587034815,0,0.28799565631065915,0,0,At-Risk Loyalists
2911,32,Female,Belt,Accessories,32,Mississippi,M,Blue,Summer,2.9,No,Store Pickup,0,No,41,Credit Card,Monthly,0,0,0,12,384,1435.2651334208135,Mid,0,Detractor,26-35,0.6128051220488195,1,0.28280193495364314,0,0,At-Risk Loyalists
2912,28,Female,Socks,Clothing,38,Ohio,Xl,Orange,Fall,2.9,No,Next Day Air,0,No,34,Venmo,Quarterly,0,0,0,4,152,540.4129053463909,Mid,0,Detractor,26-35,0.49291716686674675,0,0.26078480258167397,0,0,At-Risk Loyalists
2913,48,Female,Shoes,Footwear,37,Oregon,M,Yellow,Winter,4.0,No,Standard,0,No,27,Cash,Bi-Weekly,0,0,0,26,962,3205.580738788546,High,0,Promoter,46-55,0.6083233293317327,1,0.4583591523362459,1,1,Growth Prospects
2914,43,Female,Coat,Outerwear,83,Wyoming,L,Cyan,Winter,3.5,No,Express,0,No,12,Cash,Every 3 Months,0,0,0,4,332,851.5631866772302,Mid,0,Neutral,36-45,0.3133253301320528,0,0.3404404095262731,0,0,Growth Prospects
2915,45,Female,Sweater,Clothing,72,Pennsylvania,M,Yellow,Fall,3.8,No,Express,0,No,1,Debit Card,Bi-Weekly,0,0,0,26,1872,1297.5715220082175,Mid,0,Neutral,36-45,0.39607843137254906,0,0.3874140923868663,0,0,Growth Prospects
2916,26,Female,Shirt,Clothing,30,Oregon,M,Cyan,Fall,4.5,No,Express,0,No,39,Debit Card,Bi-Weekly,0,0,0,26,780,2877.3259742088703,High,0,Promoter,26-35,0.7062825130052022,1,0.5102827030893886,1,1,Growth Prospects
2917,62,Female,Shorts,Clothing,66,Oklahoma,M,Green,Winter,2.7,No,Express,0,No,13,Credit Card,Bi-Weekly,0,0,0,26,1716,4528.622377619783,High,0,Detractor,56+,0.49403761504601845,0,0.33491154700196246,0,0,Growth Prospects
2918,58,Female,Shirt,Clothing,45,Colorado,Xl,White,Winter,2.9,No,Store Pickup,0,No,50,Venmo,Annually,0,0,0,1,45,176.93215347259465,Low,0,Detractor,56+,0.6000000000000001,1,0.25184164573678464,0,0,At-Risk Loyalists
2919,19,Female,Sunglasses,Accessories,73,New York,S,Black,Fall,4.9,No,Free Shipping,0,No,36,Cash,Weekly,0,0,0,52,3796,13707.044396397476,Premium,0,Promoter,18-25,0.8857142857142857,1,0.824739372215153,1,1,Champions
2920,64,Female,Shoes,Footwear,67,Minnesota,L,Charcoal,Winter,3.8,No,Standard,0,No,31,Debit Card,Monthly,0,0,0,12,804,2786.45166585098,High,0,Neutral,56+,0.5311724689875951,0,0.42404681249923803,0,0,Growth Prospects
2921,33,Female,Sunglasses,Accessories,72,Texas,Xl,Brown,Spring,4.9,No,Free Shipping,0,No,3,Debit Card,Bi-Weekly,0,0,0,26,1872,2595.143044016435,High,0,Promoter,26-35,0.4124049619847939,0,0.5513398149428999,1,0,Growth Prospects
2922,20,Female,Handbag,Accessories,24,Wisconsin,M,Cyan,Fall,4.6,No,Standard,0,No,11,Cash,Fortnightly,0,0,0,26,624,1550.5817494677121,High,0,Promoter,18-25,0.4777110844337735,0,0.48963920922143533,1,0,Growth Prospects
2923,45,Female,Sunglasses,Accessories,68,Kentucky,L,Beige,Winter,3.5,No,Express,0,No,16,Paypal,Quarterly,0,0,0,4,272,770.6340295832908,Mid,0,Neutral,36-45,0.3459783913565426,0,0.3384492115288972,0,0,Growth Prospects
2924,28,Female,Shirt,Clothing,70,Pennsylvania,M,Magenta,Spring,4.2,No,2-Day Shipping,0,No,12,Cash,Quarterly,0,0,0,4,280,718.1858200892303,Mid,0,Promoter,26-35,0.3133253301320528,0,0.4211587647546981,0,0,Growth Prospects
2925,47,Female,Shirt,Clothing,64,Rhode Island,L,Indigo,Winter,3.7,No,Free Shipping,0,No,37,Debit Card,Every 3 Months,0,0,0,4,256,931.2220568899547,Mid,0,Neutral,46-55,0.5174069627851141,0,0.3664003531181319,0,0,At-Risk Loyalists
2926,54,Female,Sweater,Clothing,91,Illinois,M,Maroon,Spring,2.8,No,Store Pickup,0,No,43,Credit Card,Every 3 Months,0,0,0,4,364,1377.445026746247,Mid,0,Detractor,46-55,0.5663865546218487,1,0.26937931689171496,0,0,At-Risk Loyalists
2927,64,Female,Handbag,Accessories,82,Maryland,M,Gray,Winter,4.8,No,2-Day Shipping,0,No,9,Cash,Weekly,0,0,0,52,4264,9818.222836526611,Premium,0,Promoter,56+,0.6653061224489796,1,0.7170579888890072,1,1,Champions
2928,45,Female,Shirt,Clothing,24,Missouri,M,Black,Summer,2.7,No,Express,0,No,15,Venmo,Bi-Weekly,0,0,0,26,624,1730.0953626776234,High,0,Detractor,36-45,0.5103641456582633,0,0.2660559999055442,0,0,Growth Prospects
2929,40,Female,Jewelry,Accessories,80,Alabama,L,Yellow,Spring,3.6,No,Store Pickup,0,No,17,Credit Card,Weekly,0,0,0,52,4160,12023.946512848044,Premium,0,Neutral,36-45,0.7306122448979593,1,0.6273280779986435,1,1,Champions
2930,31,Female,Socks,Clothing,53,Maine,Xl,White,Winter,4.5,No,Next Day Air,0,No,42,Venmo,Fortnightly,0,0,0,26,1378,5182.933759425729,Premium,0,Promoter,26-35,0.7307723089235694,1,0.5670103618160096,1,1,Champions
2931,38,Female,T-Shirt,Clothing,50,Mississippi,M,Orange,Spring,4.0,No,Free Shipping,0,No,14,Venmo,Monthly,0,0,0,12,600,1624.830120661326,High,0,Promoter,36-45,0.39239695878351344,0,0.41946603175781166,0,0,Growth Prospects
2932,36,Female,Jewelry,Accessories,31,Alabama,M,Magenta,Fall,4.5,No,2-Day Shipping,0,No,49,Credit Card,Bi-Weekly,0,0,0,26,806,3153.0905423750855,High,0,Promoter,36-45,0.7879151660664265,1,0.5170676725070538,1,1,Growth Prospects
2933,65,Female,Backpack,Accessories,88,Alaska,L,Black,Spring,3.9,No,Express,0,No,3,Paypal,Quarterly,0,0,0,4,352,487.9756151142015,Low,0,Neutral,56+,0.2398559423769508,0,0.3794946244672898,0,0,Growth Prospects
2934,27,Female,Hat,Accessories,52,Illinois,M,Brown,Summer,3.8,No,Standard,0,No,28,Venmo,Monthly,0,0,0,12,624,2101.19259791156,High,0,Neutral,26-35,0.5066826730692278,0,0.4071865543084749,0,0,Growth Prospects
2935,38,Female,Gloves,Accessories,22,Idaho,M,Orange,Fall,4.7,No,Next Day Air,0,No,41,Bank Transfer,Quarterly,0,0,0,4,88,328.9149264089364,Low,0,Promoter,36-45,0.5500600240096039,1,0.4715810618381435,1,1,At-Risk Loyalists
2936,58,Female,Sneakers,Footwear,27,North Carolina,Xl,Gray,Spring,4.6,No,Standard,0,No,11,Venmo,Weekly,0,0,0,52,1404,3488.8089363023523,High,0,Promoter,56+,0.6816326530612244,1,0.5373277584596885,1,1,Growth Prospects
2937,31,Female,Skirt,Clothing,34,Washington,M,White,Spring,3.6,No,Express,0,No,46,Paypal,Weekly,0,0,0,52,1768,6807.060959823383,Premium,0,Neutral,26-35,0.9673469387755103,1,0.49897072894502437,1,1,Champions
2938,28,Female,Handbag,Accessories,39,West Virginia,M,White,Spring,4.3,No,2-Day Shipping,0,No,15,Credit Card,Weekly,0,0,0,52,2028,5622.809928702276,Premium,0,Promoter,26-35,0.7142857142857144,1,0.5538331675736445,1,1,Champions
2939,28,Female,Sunglasses,Accessories,53,Maine,M,Violet,Fall,3.0,No,Standard,0,No,15,Cash,Monthly,0,0,0,12,636,1763.3664273445008,High,0,Neutral,26-35,0.4005602240896359,0,0.30287460817621165,0,0,Growth Prospects
2940,32,Female,Sweater,Clothing,46,Kentucky,M,Beige,Winter,4.3,No,Express,0,No,34,Venmo,Weekly,0,0,0,52,2392,8504.392563082678,Premium,0,Promoter,26-35,0.8693877551020408,1,0.6247322325940698,1,1,Champions
2941,61,Female,Handbag,Accessories,85,Massachusetts,L,Beige,Summer,4.8,No,Next Day Air,0,No,13,Cash,Monthly,0,0,0,12,1020,2691.8384762075634,High,0,Promoter,56+,0.384233693477391,0,0.541718929687798,1,0,Growth Prospects
2942,38,Female,Skirt,Clothing,86,Pennsylvania,L,Purple,Spring,3.7,No,Free Shipping,0,No,27,Paypal,Monthly,0,0,0,12,1032,3438.83505450081,High,0,Neutral,36-45,0.49851940776310527,0,0.42809819056429055,1,0,Growth Prospects
2943,54,Female,Socks,Clothing,63,Hawaii,M,Brown,Summer,2.6,No,Free Shipping,0,No,37,Bank Transfer,Weekly,0,0,0,52,3276,11916.73225926364,Premium,0,Detractor,46-55,0.8938775510204082,1,0.5046901559604885,1,1,Champions
2944,29,Female,Shirt,Clothing,44,Virginia,M,Orange,Spring,3.4,No,Standard,0,No,37,Credit Card,Monthly,0,0,0,12,528,1920.6454923355316,High,0,Neutral,26-35,0.5801520608243298,1,0.35474433536088723,0,0,Growth Prospects
2945,50,Female,Sneakers,Footwear,95,New York,Xl,Cyan,Summer,3.9,No,Free Shipping,0,No,4,Venmo,Every 3 Months,0,0,0,4,380,611.5864067249581,Mid,0,Neutral,46-55,0.24801920768307323,0,0.38253597037459597,0,0,Growth Prospects
2946,32,Female,Belt,Accessories,49,Delaware,M,Charcoal,Summer,4.8,No,Free Shipping,0,No,1,Credit Card,Every 3 Months,0,0,0,4,196,135.85684738974928,Low,0,Promoter,26-35,0.2235294117647059,0,0.47883102026939184,1,0,Growth Prospects
2947,38,Female,Pants,Clothing,77,Hawaii,L,Purple,Spring,2.8,No,Free Shipping,0,No,29,Bank Transfer,Quarterly,0,0,0,4,308,1047.5687935519438,Mid,0,Detractor,36-45,0.45210084033613446,0,0.2612629726901319,0,0,Growth Prospects
2948,52,Female,Jewelry,Accessories,63,Nebraska,L,Peach,Spring,4.4,No,Standard,0,No,50,Venmo,Annually,0,0,0,1,63,247.70501486163252,Low,0,Promoter,46-55,0.6000000000000001,1,0.4335829560991654,1,1,At-Risk Loyalists
2949,61,Female,Pants,Clothing,83,Vermont,M,Violet,Winter,3.1,No,Standard,0,No,38,Debit Card,Bi-Weekly,0,0,0,26,2158,7905.9660323477765,Premium,0,Neutral,56+,0.6981192476990796,1,0.46600842040617335,1,1,Champions
2950,25,Female,Jewelry,Accessories,93,Iowa,M,Peach,Spring,3.8,No,Store Pickup,0,No,15,Paypal,Annually,0,0,0,1,93,257.85075116829967,Low,0,Neutral,18-25,0.3142857142857143,0,0.3618325839285061,0,0,Growth Prospects
2951,22,Female,Jeans,Clothing,91,Iowa,S,Maroon,Winter,4.1,No,2-Day Shipping,0,No,44,Debit Card,Every 3 Months,0,0,0,4,364,1385.6251462763964,Mid,0,Promoter,18-25,0.5745498199279713,1,0.425580582272594,1,1,At-Risk Loyalists
2952,47,Female,Scarf,Accessories,99,Arkansas,L,Maroon,Fall,4.6,No,Free Shipping,0,No,14,Cash,Weekly,0,0,0,52,5148,13941.042435274177,Premium,0,Promoter,46-55,0.7061224489795919,1,0.7944967091643114,1,1,Champions
2953,50,Female,Belt,Accessories,24,Alabama,M,Peach,Spring,4.9,No,Next Day Air,0,No,5,Debit Card,Monthly,0,0,0,12,288,516.0267271376798,Low,0,Promoter,46-55,0.3189275710284114,0,0.5001847999255673,1,0,Growth Prospects
2954,45,Female,Dress,Clothing,82,Maryland,M,Silver,Summer,4.8,No,Next Day Air,0,No,11,Credit Card,Annually,0,0,0,1,82,203.76234528261602,Low,0,Promoter,36-45,0.28163265306122454,0,0.4805017814174184,1,0,Growth Prospects
2955,33,Female,T-Shirt,Clothing,28,South Dakota,M,Indigo,Winter,3.9,No,Express,0,No,15,Credit Card,Annually,0,0,0,1,28,77.63248422271387,Low,0,Neutral,26-35,0.3142857142857143,0,0.3693984557957237,0,0,Growth Prospects
2956,42,Female,Boots,Footwear,67,Vermont,M,Silver,Winter,2.6,No,Free Shipping,0,No,46,Credit Card,Annually,0,0,0,1,67,257.9598893145739,Low,0,Detractor,36-45,0.5673469387755102,1,0.21783526918640456,0,0,At-Risk Loyalists
2957,52,Female,Dress,Clothing,88,Montana,M,Olive,Fall,3.7,No,Standard,0,No,30,Venmo,Monthly,0,0,0,12,1056,3626.2904879363145,High,0,Neutral,46-55,0.5230092036814726,0,0.432710383463084,1,0,Growth Prospects
2958,69,Female,Jewelry,Accessories,70,South Dakota,S,Gray,Fall,4.7,No,Standard,0,No,2,Cash,Annually,0,0,0,1,70,76.90286020676768,Low,0,Promoter,56+,0.20816326530612245,0,0.465380503973024,1,0,Growth Prospects
2959,55,Female,Skirt,Clothing,100,Ohio,M,Black,Summer,4.5,No,Standard,0,No,28,Paypal,Monthly,0,0,0,12,1200,4040.754995983769,High,0,Promoter,46-55,0.5066826730692278,0,0.53890795536476,1,0,Growth Prospects
2960,38,Female,Handbag,Accessories,28,Texas,L,Maroon,Summer,4.7,No,Free Shipping,0,No,9,Paypal,Quarterly,0,0,0,4,112,257.8895304153331,Low,0,Promoter,36-45,0.28883553421368546,0,0.4698335380612539,1,0,Growth Prospects
2961,57,Female,Coat,Outerwear,48,Indiana,S,Olive,Spring,3.6,No,Standard,0,No,47,Credit Card,Weekly,0,0,0,52,2496,9662.517723226096,Premium,0,Neutral,56+,0.9755102040816328,1,0.5692269875426657,1,1,Champions
2962,33,Female,Hoodie,Clothing,43,New Hampshire,S,Gold,Fall,2.8,No,Free Shipping,0,No,21,Debit Card,Bi-Weekly,0,0,0,26,1118,3455.7854628545974,High,0,Detractor,26-35,0.5593437374949981,1,0.320515241975435,0,0,Growth Prospects
2963,57,Female,Pants,Clothing,40,California,L,Pink,Fall,4.0,No,Express,0,No,42,Credit Card,Every 3 Months,0,0,0,4,160,601.79201851097,Mid,0,Promoter,56+,0.5582232893157264,1,0.39429498718760225,0,0,At-Risk Loyalists
2964,52,Female,Boots,Footwear,97,Maine,M,Brown,Spring,3.6,No,Free Shipping,0,No,28,Credit Card,Weekly,0,0,0,52,5044,16984.640166451776,Premium,0,Neutral,46-55,0.8204081632653062,1,0.7493820276917733,1,1,Champions
2965,44,Female,Coat,Outerwear,25,Ohio,S,White,Fall,3.8,No,2-Day Shipping,0,No,13,Venmo,Fortnightly,0,0,0,26,650,1715.387264249918,High,0,Neutral,36-45,0.49403761504601845,0,0.39769411875929095,0,0,Growth Prospects
2966,48,Female,Scarf,Accessories,45,Delaware,M,Blue,Summer,4.4,No,Standard,0,No,25,Paypal,Fortnightly,0,0,0,26,1170,3811.972949485134,High,0,Promoter,46-55,0.5919967987194878,1,0.5212789537887909,1,1,Growth Prospects
2967,52,Female,Boots,Footwear,49,Oklahoma,L,Orange,Fall,2.8,No,Store Pickup,0,No,38,Debit Card,Every 3 Months,0,0,0,4,196,718.0580826414107,Mid,0,Detractor,46-55,0.5255702280912364,0,0.25315562187567375,0,0,At-Risk Loyalists
2968,34,Female,Sneakers,Footwear,36,Indiana,L,Silver,Summer,3.4,No,Free Shipping,0,No,40,Venmo,Annually,0,0,0,1,36,133.6885944013551,Low,0,Neutral,26-35,0.5183673469387755,0,0.3107776721169666,0,0,At-Risk Loyalists
2969,26,Female,Sweater,Clothing,48,South Carolina,S,Gray,Fall,4.9,No,Express,0,No,25,Cash,Every 3 Months,0,0,0,4,192,625.5545353001246,Mid,0,Promoter,26-35,0.41944777911164466,0,0.5028796451470106,1,0,Growth Prospects
2970,36,Female,Belt,Accessories,62,Vermont,S,Blue,Fall,4.3,No,Next Day Air,0,No,20,Cash,Every 3 Months,0,0,0,4,248,755.0415645554089,Mid,0,Promoter,36-45,0.3786314525810324,0,0.4340655712408656,1,0,Growth Prospects
2971,24,Female,Jewelry,Accessories,74,Kansas,M,White,Winter,3.4,No,Free Shipping,0,No,44,Credit Card,Bi-Weekly,0,0,0,26,1924,7324.018630318095,Premium,0,Neutral,18-25,0.7470988395358142,1,0.48769006416585625,1,1,Champions
2972,30,Female,Handbag,Accessories,100,Utah,L,Yellow,Fall,3.9,No,Next Day Air,0,No,9,Paypal,Every 3 Months,0,0,0,4,400,921.0340371976183,Mid,0,Neutral,26-35,0.28883553421368546,0,0.39014968493947955,0,0,Growth Prospects
2973,31,Female,Jacket,Outerwear,39,New York,S,Indigo,Fall,4.2,No,Free Shipping,0,No,11,Venmo,Every 3 Months,0,0,0,4,156,387.64543736692804,Low,0,Promoter,26-35,0.3051620648259304,0,0.4130260796784835,0,0,Growth Prospects
2974,25,Female,Boots,Footwear,65,Indiana,M,Blue,Summer,2.7,No,Store Pickup,0,No,3,Bank Transfer,Fortnightly,0,0,0,26,1690,2342.837470292615,High,0,Detractor,18-25,0.4124049619847939,0,0.2811320355570044,0,0,Growth Prospects
2975,57,Female,Sneakers,Footwear,99,Tennessee,Xl,Peach,Summer,4.1,No,Store Pickup,0,No,34,Credit Card,Weekly,0,0,0,52,5148,18302.9318205475,Premium,0,Promoter,56+,0.8693877551020408,1,0.8418175527343212,1,1,Champions
2976,61,Female,Scarf,Accessories,68,Georgia,Xl,Lavender,Winter,4.5,No,2-Day Shipping,0,No,48,Cash,Every 3 Months,0,0,0,4,272,1058.5751210860903,Mid,0,Promoter,56+,0.607202881152461,1,0.46553377468698226,1,1,At-Risk Loyalists
2977,30,Female,Coat,Outerwear,97,Nebraska,M,Silver,Summer,2.8,No,Express,0,No,28,Cash,Fortnightly,0,0,0,26,2522,8492.320083225888,Premium,0,Detractor,26-35,0.616486594637855,1,0.4444351987613031,1,1,Champions
2978,38,Female,Shorts,Clothing,47,Washington,L,Gold,Winter,3.4,No,Standard,0,No,20,Venmo,Annually,0,0,0,1,47,143.09255457300088,Low,0,Neutral,36-45,0.35510204081632657,0,0.3110090491303148,0,0,Growth Prospects
2979,53,Female,Shorts,Clothing,56,Idaho,S,Cyan,Spring,3.9,No,Free Shipping,0,No,49,Bank Transfer,Fortnightly,0,0,0,26,1456,5695.90549590338,Premium,0,Neutral,46-55,0.7879151660664265,1,0.5076316262781997,1,1,Champions
2980,31,Female,Jeans,Clothing,91,Louisiana,L,Olive,Fall,2.6,No,Next Day Air,0,No,14,Paypal,Weekly,0,0,0,52,4732,12814.493551615658,Premium,0,Detractor,26-35,0.7061224489795919,1,0.5267788635616061,1,1,Champions
2981,70,Female,Gloves,Accessories,93,New Jersey,L,Teal,Fall,4.4,No,2-Day Shipping,0,No,9,Bank Transfer,Monthly,0,0,0,12,1116,2569.6849637813552,High,0,Promoter,56+,0.35158063225290115,0,0.4907134389839573,1,0,Growth Prospects
2982,21,Female,Pants,Clothing,36,Delaware,L,Pink,Winter,4.9,No,Standard,0,No,37,Venmo,Annually,0,0,0,1,36,130.95310175014987,Low,0,Promoter,18-25,0.4938775510204082,0,0.49071036748060926,1,0,At-Risk Loyalists
2983,33,Female,Dress,Clothing,45,Wisconsin,M,Orange,Summer,3.6,No,Store Pickup,0,No,4,Credit Card,Weekly,0,0,0,52,2340,3766.0847150957948,High,0,Neutral,26-35,0.6244897959183674,1,0.4241499100213745,0,0,Growth Prospects
2984,60,Female,Pants,Clothing,44,West Virginia,M,Charcoal,Winter,2.8,No,2-Day Shipping,0,No,1,Credit Card,Quarterly,0,0,0,4,176,121.99390377855038,Low,0,Detractor,56+,0.2235294117647059,0,0.23848993348994704,0,0,Growth Prospects
2985,45,Female,Gloves,Accessories,32,Texas,L,Red,Spring,4.3,No,2-Day Shipping,0,No,36,Debit Card,Bi-Weekly,0,0,0,26,832,3004.283703319995,High,0,Promoter,36-45,0.6817927170868348,1,0.4894063977506838,1,1,Growth Prospects
2986,46,Female,Belt,Accessories,36,Hawaii,S,Teal,Summer,3.0,No,Express,0,No,21,Cash,Bi-Weekly,0,0,0,26,936,2893.215736343384,High,0,Neutral,46-55,0.5593437374949981,1,0.3306736581379417,0,0,Growth Prospects
2987,62,Female,Belt,Accessories,85,Arizona,S,Silver,Summer,3.3,No,2-Day Shipping,0,No,16,Credit Card,Monthly,0,0,0,12,1020,2889.8776109373407,High,0,Neutral,56+,0.4087234893957583,0,0.36659152619857416,0,0,Growth Prospects
2988,63,Female,Skirt,Clothing,36,Louisiana,L,Black,Winter,2.5,No,Store Pickup,0,No,42,Cash,Monthly,0,0,0,12,432,1624.8384499796189,High,0,Detractor,56+,0.6209683873549421,1,0.23946623669411027,0,0,Growth Prospects
2989,69,Female,Socks,Clothing,55,Nevada,S,Pink,Spring,5.0,No,2-Day Shipping,0,No,31,Debit Card,Monthly,0,0,0,12,660,2287.3856958478195,High,0,Promoter,56+,0.5311724689875951,0,0.5557676884392252,1,0,Growth Prospects
2990,46,Female,Belt,Accessories,20,Rhode Island,Xl,Teal,Summer,4.3,No,2-Day Shipping,0,No,6,Credit Card,Weekly,0,0,0,52,1040,2023.7465550175257,High,0,Promoter,46-55,0.6408163265306123,1,0.4652810555852362,1,1,Growth Prospects
2991,69,Female,Shirt,Clothing,91,Illinois,M,Teal,Fall,4.2,No,Free Shipping,0,No,24,Venmo,Monthly,0,0,0,12,1092,3515.012400756075,High,0,Promoter,56+,0.47402961184473796,0,0.4899724740086717,1,0,Growth Prospects
2992,66,Female,Dress,Clothing,71,Utah,L,Green,Summer,3.9,No,Standard,0,No,7,Paypal,Bi-Weekly,0,0,0,26,1846,3838.649085940977,High,0,Neutral,56+,0.4450580232092837,0,0.4619352990590985,1,0,Growth Prospects
2993,41,Female,Socks,Clothing,64,North Dakota,M,Charcoal,Spring,3.9,No,Store Pickup,0,No,25,Venmo,Weekly,0,0,0,52,3328,10842.945278535493,Premium,0,Neutral,36-45,0.7959183673469388,1,0.6342704753112467,1,1,Champions
2994,32,Female,Jacket,Outerwear,21,Kansas,L,Indigo,Spring,4.2,No,Free Shipping,0,No,18,Cash,Bi-Weekly,0,0,0,26,546,1607.6636826248764,High,0,Promoter,26-35,0.5348539415766307,0,0.4430436651069323,1,0,Growth Prospects
2995,69,Female,Sweater,Clothing,100,Nevada,S,White,Winter,3.5,No,Store Pickup,0,No,14,Bank Transfer,Quarterly,0,0,0,4,400,1083.220080440884,Mid,0,Neutral,56+,0.32965186074429775,0,0.3461401444488187,0,0,Growth Prospects
2996,29,Female,Jeans,Clothing,96,Virginia,M,Orange,Summer,2.5,No,Standard,0,No,42,Debit Card,Bi-Weekly,0,0,0,26,2496,9387.955488771131,Premium,0,Detractor,26-35,0.7307723089235694,1,0.4304716005964359,1,1,Champions
2997,70,Female,Jewelry,Accessories,91,Utah,M,White,Spring,2.9,No,Express,0,No,6,Venmo,Every 3 Months,0,0,0,4,364,708.311294256134,Mid,0,Detractor,56+,0.26434573829531816,0,0.264915809844874,0,0,Growth Prospects
2998,41,Female,Sweater,Clothing,40,Idaho,S,Yellow,Spring,2.7,No,Next Day Air,0,No,14,Venmo,Every 3 Months,0,0,0,4,160,433.2880321763536,Low,0,Detractor,36-45,0.32965186074429775,0,0.23414907967802717,0,0,Growth Prospects
2999,31,Female,Hoodie,Clothing,53,Alaska,M,Red,Summer,4.7,No,Express,0,No,30,Debit Card,Quarterly,0,0,0,4,212,728.0052873508511,Mid,0,Promoter,26-35,0.4602641056422569,0,0.48140036499185296,1,0,At-Risk Loyalists
3000,31,Female,Sunglasses,Accessories,48,New Hampshire,S,Charcoal,Winter,3.8,No,Standard,0,No,10,Cash,Monthly,0,0,0,12,576,1381.1876771318616,Mid,0,Neutral,26-35,0.35974389755902364,0,0.38947140184873563,0,0,Growth Prospects
3001,57,Female,Sandals,Footwear,70,Ohio,M,Lavender,Winter,3.7,No,Express,0,No,7,Paypal,Weekly,0,0,0,52,3640,7569.167211714602,Premium,0,Neutral,56+,0.6489795918367347,1,0.5297217514076948,1,1,Champions
3002,29,Female,Coat,Outerwear,29,Montana,L,Charcoal,Summer,4.7,No,Express,0,No,28,Credit Card,Quarterly,0,0,0,4,116,390.606316278431,Low,0,Promoter,26-35,0.44393757503001197,0,0.4730989297657791,1,0,Growth Prospects
3003,70,Female,Belt,Accessories,29,Louisiana,M,Maroon,Fall,3.6,No,Next Day Air,0,No,19,Bank Transfer,Quarterly,0,0,0,4,116,347.5049437322629,Low,0,Neutral,56+,0.37046818727491,0,0.3400384545331202,0,0,Growth Prospects
3004,51,Female,Blouse,Clothing,53,Oregon,M,Brown,Fall,2.8,No,Express,0,No,13,Credit Card,Every 3 Months,0,0,0,4,212,559.4801538784347,Mid,0,Detractor,46-55,0.3214885954381753,0,0.249253937173653,0,0,Growth Prospects
3005,45,Female,Skirt,Clothing,79,Arizona,M,Lavender,Winter,3.7,No,Store Pickup,0,No,23,Venmo,Fortnightly,0,0,0,26,2054,6527.722567534681,Premium,0,Neutral,36-45,0.575670268107243,1,0.5040978284072142,1,1,Champions
3006,18,Female,Shorts,Clothing,65,Alaska,Xl,Brown,Spring,3.5,No,Express,0,No,5,Venmo,Weekly,0,0,0,52,3380,6056.147005990826,Premium,0,Neutral,18-25,0.6326530612244898,1,0.46849508413709173,1,1,Champions
3007,37,Female,Dress,Clothing,99,Utah,M,Olive,Summer,3.7,No,Store Pickup,0,No,17,Venmo,Bi-Weekly,0,0,0,26,2574,7439.816904824727,Premium,0,Neutral,36-45,0.5266906762705081,0,0.5265391892596658,1,0,Champions
3008,23,Female,Sunglasses,Accessories,60,New York,L,Lavender,Winter,3.0,No,Next Day Air,0,No,31,Venmo,Weekly,0,0,0,52,3120,10813.096016735148,Premium,0,Neutral,18-25,0.8448979591836736,1,0.5255360577977786,1,1,Champions
3009,39,Female,Shoes,Footwear,86,New Mexico,M,Gold,Winter,4.9,No,Free Shipping,0,No,19,Paypal,Weekly,0,0,0,52,4472,13396.914727333447,Premium,0,Promoter,36-45,0.7469387755102042,1,0.8171088766293615,1,1,Champions
3010,62,Female,Belt,Accessories,73,Louisiana,M,Silver,Winter,4.6,No,Free Shipping,0,No,8,Venmo,Fortnightly,0,0,0,26,1898,4170.332247784145,High,0,Promoter,56+,0.45322128851540616,0,0.5540961013130847,1,0,Growth Prospects
3011,70,Female,Belt,Accessories,45,Ohio,M,Violet,Winter,3.3,No,Free Shipping,0,No,15,Credit Card,Annually,0,0,0,1,45,124.76649250079015,Low,0,Neutral,56+,0.3142857142857143,0,0.29855815084583603,0,0,Growth Prospects
3012,20,Female,Belt,Accessories,70,Nevada,S,Brown,Summer,3.0,No,Next Day Air,0,No,18,Credit Card,Every 3 Months,0,0,0,4,280,824.4429141666033,Mid,0,Neutral,18-25,0.3623049219687875,0,0.279773136639089,0,0,Growth Prospects
3013,42,Female,Belt,Accessories,65,Idaho,M,Teal,Fall,3.5,No,Standard,0,No,16,Paypal,Annually,0,0,0,1,65,184.15886736365405,Low,0,Neutral,36-45,0.32244897959183677,0,0.32401945332485554,0,0,Growth Prospects
3014,41,Female,Skirt,Clothing,55,Arizona,L,Peach,Summer,4.2,No,Store Pickup,0,No,13,Cash,Monthly,0,0,0,12,660,1741.7778375460705,High,0,Promoter,36-45,0.384233693477391,0,0.446343437973575,1,0,Growth Prospects
3015,24,Female,T-Shirt,Clothing,65,Utah,M,Maroon,Spring,4.5,No,Express,0,No,38,Paypal,Every 3 Months,0,0,0,4,260,952.526027993708,Mid,0,Promoter,18-25,0.5255702280912364,0,0.46292452050256055,1,0,At-Risk Loyalists
3016,37,Female,Scarf,Accessories,21,Wyoming,Xl,Lavender,Spring,2.8,No,Express,0,No,27,Bank Transfer,Bi-Weekly,0,0,0,26,546,1819.3836625556612,High,0,Detractor,36-45,0.6083233293317327,1,0.28025286800958077,0,0,Growth Prospects
3017,30,Female,Blouse,Clothing,26,Indiana,L,Lavender,Summer,4.9,No,Store Pickup,0,No,31,Bank Transfer,Quarterly,0,0,0,4,104,360.43653389117156,Low,0,Promoter,26-35,0.4684273709483794,0,0.4963566260963977,1,0,At-Risk Loyalists
3018,58,Female,Sunglasses,Accessories,71,Wisconsin,S,Purple,Summer,3.3,No,Next Day Air,0,No,24,Cash,Bi-Weekly,0,0,0,26,1846,5942.0447727066985,Premium,0,Neutral,56+,0.5838335334133653,1,0.4416876887981319,1,1,Champions
3019,43,Female,Boots,Footwear,41,Texas,M,Green,Summer,3.0,No,Free Shipping,0,No,21,Debit Card,Bi-Weekly,0,0,0,26,1066,3295.051255279965,High,0,Neutral,36-45,0.5593437374949981,1,0.3405605037361512,0,0,Growth Prospects
3020,19,Female,Jacket,Outerwear,44,Utah,M,Yellow,Winter,3.9,No,2-Day Shipping,0,No,15,Paypal,Annually,0,0,0,1,44,121.99390377855038,Low,0,Neutral,18-25,0.3142857142857143,0,0.3704899334899471,0,0,Growth Prospects
3021,23,Female,Jeans,Clothing,81,Arkansas,S,Charcoal,Fall,2.8,No,Store Pickup,0,No,48,Venmo,Every 3 Months,0,0,0,4,324,1260.949776587843,Mid,0,Detractor,18-25,0.607202881152461,1,0.2665130432624226,0,0,At-Risk Loyalists
3022,65,Female,Sunglasses,Accessories,77,Pennsylvania,S,Blue,Summer,4.5,No,2-Day Shipping,0,No,47,Cash,Quarterly,0,0,0,4,308,1192.3299113596304,Mid,0,Promoter,56+,0.5990396158463387,1,0.46882470567027373,1,1,At-Risk Loyalists
3023,58,Female,Sandals,Footwear,26,Georgia,M,Lavender,Fall,4.0,No,Free Shipping,0,No,23,Paypal,Weekly,0,0,0,52,1352,4296.728778630422,High,0,Promoter,56+,0.7795918367346939,1,0.4852059881342737,1,1,Growth Prospects
3024,50,Female,Backpack,Accessories,31,Indiana,M,Brown,Summer,2.9,No,Express,0,No,4,Paypal,Quarterly,0,0,0,4,124,199.57030114182842,Low,0,Detractor,46-55,0.24801920768307323,0,0.2523986394819555,0,0,Growth Prospects
3025,67,Female,Blouse,Clothing,82,Idaho,S,White,Spring,4.0,No,Free Shipping,0,No,47,Credit Card,Every 3 Months,0,0,0,4,328,1269.7539315777883,Mid,0,Promoter,56+,0.5990396158463387,1,0.4107296625429647,0,0,At-Risk Loyalists
3026,40,Female,Shoes,Footwear,60,Montana,Xl,Green,Summer,3.4,No,Store Pickup,0,No,7,Paypal,Monthly,0,0,0,12,720,1497.1979100094818,Mid,0,Neutral,36-45,0.3352541016406563,0,0.34432574201087146,0,0,Growth Prospects
3027,55,Female,Shirt,Clothing,70,Tennessee,L,Magenta,Fall,2.5,No,Free Shipping,0,No,6,Credit Card,Annually,0,0,0,1,70,136.21371043387194,Low,0,Detractor,46-55,0.24081632653061225,0,0.2028398006027638,0,0,Growth Prospects
3028,52,Female,Hoodie,Clothing,26,West Virginia,Xl,Peach,Winter,2.8,No,2-Day Shipping,0,No,47,Credit Card,Quarterly,0,0,0,4,104,402.6049051344207,Low,0,Detractor,46-55,0.5990396158463387,1,0.24539414556882583,0,0,At-Risk Loyalists
3029,62,Female,Dress,Clothing,100,California,L,Charcoal,Summer,3.0,No,Free Shipping,0,No,7,Paypal,Every 3 Months,0,0,0,4,400,831.7766166719343,Mid,0,Neutral,56+,0.2725090036014406,0,0.27995357659752096,0,0,Growth Prospects
3030,64,Female,Dress,Clothing,82,Georgia,M,Gold,Summer,3.1,No,Free Shipping,0,No,1,Debit Card,Quarterly,0,0,0,4,328,227.35227522366205,Low,0,Neutral,56+,0.2235294117647059,0,0.2770821930137276,0,0,Growth Prospects
3031,43,Female,Sneakers,Footwear,24,Maryland,Xl,Purple,Spring,2.6,No,2-Day Shipping,0,No,23,Credit Card,Weekly,0,0,0,52,1248,3966.211180274236,High,0,Detractor,36-45,0.7795918367346939,1,0.3090738636493936,0,0,Growth Prospects
3032,61,Female,Blouse,Clothing,74,Idaho,L,Teal,Summer,4.9,No,2-Day Shipping,0,No,30,Credit Card,Monthly,0,0,0,12,888,3049.38063758281,High,0,Promoter,56+,0.5230092036814726,0,0.5625159722034077,1,0,Growth Prospects
3033,26,Female,Backpack,Accessories,58,California,Xl,Green,Summer,3.5,No,Next Day Air,0,No,24,Credit Card,Quarterly,0,0,0,4,232,746.7791913694225,Mid,0,Neutral,26-35,0.4112845138055222,0,0.33786228207374364,0,0,Growth Prospects
3034,22,Female,Sweater,Clothing,56,Alabama,L,Orange,Spring,2.6,No,Store Pickup,0,No,9,Paypal,Weekly,0,0,0,52,2912,6705.127790798661,Premium,0,Detractor,18-25,0.6653061224489796,1,0.37646274382178124,0,0,Champions
3035,51,Female,Boots,Footwear,37,Utah,L,Peach,Spring,3.5,No,2-Day Shipping,0,No,25,Credit Card,Quarterly,0,0,0,4,148,482.19828762717935,Low,0,Neutral,46-55,0.41944777911164466,0,0.33135247788705313,0,0,Growth Prospects
3036,69,Female,Handbag,Accessories,64,Kentucky,M,Gold,Spring,4.5,No,Free Shipping,0,No,18,Cash,Bi-Weekly,0,0,0,26,1664,4899.546461332957,Premium,0,Promoter,56+,0.5348539415766307,0,0.5600378411484694,1,0,Champions
3037,50,Female,Hoodie,Clothing,58,Vermont,S,Violet,Spring,4.3,No,Next Day Air,0,No,7,Venmo,Fortnightly,0,0,0,26,1508,3135.797844853192,High,0,Promoter,46-55,0.4450580232092837,0,0.4926421993412471,1,0,Growth Prospects
3038,51,Female,Belt,Accessories,44,Iowa,L,Charcoal,Summer,4.8,No,Next Day Air,0,No,2,Cash,Annually,0,0,0,1,44,48.33894070139683,Low,0,Promoter,46-55,0.20816326530612245,0,0.47667771129163866,1,0,Growth Prospects
3039,56,Female,Jewelry,Accessories,39,Georgia,M,Brown,Summer,4.2,No,Free Shipping,0,No,36,Debit Card,Annually,0,0,0,1,39,140.82579859312474,Low,0,Promoter,56+,0.48571428571428577,0,0.4069532773895759,0,0,At-Risk Loyalists
3040,59,Female,Blouse,Clothing,48,Alabama,L,Blue,Spring,3.2,No,Next Day Air,0,No,31,Paypal,Bi-Weekly,0,0,0,26,1248,4325.2384066940585,High,0,Neutral,56+,0.6409763905562225,1,0.38990744501761115,0,0,Growth Prospects
3041,18,Female,Handbag,Accessories,32,Nebraska,M,Gold,Fall,4.1,No,Express,0,No,10,Cash,Fortnightly,0,0,0,26,832,1995.0488669682445,High,0,Promoter,18-25,0.4695478191276511,0,0.44057497163447024,1,0,Growth Prospects
3042,48,Female,Handbag,Accessories,79,Rhode Island,M,Orange,Winter,4.0,No,Express,0,No,27,Paypal,Monthly,0,0,0,12,948,3158.929875646093,High,0,Promoter,46-55,0.49851940776310527,0,0.457211344690637,1,0,Growth Prospects
3043,53,Female,Coat,Outerwear,27,South Dakota,L,Turquoise,Winter,2.9,No,Next Day Air,0,No,14,Paypal,Every 3 Months,0,0,0,4,108,292.4694217190387,Low,0,Detractor,46-55,0.32965186074429775,0,0.254684348977689,0,0,Growth Prospects
3044,45,Female,Belt,Accessories,98,Illinois,S,Peach,Fall,2.6,No,Store Pickup,0,No,17,Credit Card,Monthly,0,0,0,12,1176,3399.0771872858895,High,0,Detractor,36-45,0.41688675470188075,0,0.29511997963981007,0,0,Growth Prospects
3045,21,Female,Boots,Footwear,67,North Carolina,M,Magenta,Winter,2.7,No,Free Shipping,0,No,10,Bank Transfer,Quarterly,0,0,0,4,268,642.6359331099634,Mid,0,Detractor,18-25,0.29699879951980795,0,0.23929991945027373,0,0,Growth Prospects
3046,42,Female,Socks,Clothing,37,Florida,L,Black,Winter,4.6,No,2-Day Shipping,0,No,4,Paypal,Bi-Weekly,0,0,0,26,962,1548.2792717616044,Mid,0,Promoter,36-45,0.42056822729091636,0,0.4895825585758332,1,0,Growth Prospects
3047,60,Female,Shoes,Footwear,49,Pennsylvania,M,White,Spring,3.2,No,Store Pickup,0,No,25,Cash,Every 3 Months,0,0,0,4,196,638.5869214522105,Mid,0,Neutral,56+,0.41944777911164466,0,0.2992002967160976,0,0,Growth Prospects
3048,21,Female,Sneakers,Footwear,74,Vermont,M,Violet,Fall,4.1,No,2-Day Shipping,0,No,3,Paypal,Bi-Weekly,0,0,0,26,1924,2667.2303507946694,High,0,Promoter,18-25,0.4124049619847939,0,0.45711346619601273,1,0,Growth Prospects
3049,69,Female,Jewelry,Accessories,93,Colorado,M,Olive,Summer,3.9,No,Standard,0,No,47,Venmo,Fortnightly,0,0,0,26,2418,9360.56404437528,Premium,0,Neutral,56+,0.7715886354541817,1,0.5977976557391709,1,1,Champions
3050,40,Female,Handbag,Accessories,60,Utah,L,Red,Summer,3.0,No,Next Day Air,0,No,41,Bank Transfer,Bi-Weekly,0,0,0,26,1560,5830.7646045220545,Premium,0,Neutral,36-45,0.722609043617447,1,0.4029497281422497,0,0,Champions
3051,31,Female,Coat,Outerwear,76,Kentucky,S,Green,Spring,3.6,No,Standard,0,No,28,Venmo,Every 3 Months,0,0,0,4,304,1023.6579323158882,Mid,0,Neutral,26-35,0.44393757503001197,0,0.356674664832761,0,0,Growth Prospects
3052,44,Female,Sunglasses,Accessories,64,Wyoming,L,Gold,Summer,4.6,No,Express,0,No,49,Debit Card,Every 3 Months,0,0,0,4,256,1001.4778893896054,Mid,0,Promoter,36-45,0.6153661464585836,1,0.4761289423930071,1,1,At-Risk Loyalists
3053,48,Female,Shoes,Footwear,38,Maine,Xl,Olive,Spring,4.5,No,Store Pickup,0,No,7,Bank Transfer,Fortnightly,0,0,0,26,988,2054.4882431796777,High,0,Promoter,46-55,0.4450580232092837,0,0.4900374305445525,1,0,Growth Prospects
3054,32,Female,Shoes,Footwear,91,Maine,L,Brown,Winter,3.2,No,Next Day Air,0,No,22,Bank Transfer,Monthly,0,0,0,12,1092,3423.9596837946315,High,0,Neutral,26-35,0.45770308123249304,0,0.367732193815727,0,0,Growth Prospects
3055,42,Female,Boots,Footwear,70,New Hampshire,S,Magenta,Summer,4.9,No,2-Day Shipping,0,No,34,Venmo,Monthly,0,0,0,12,840,2986.4923716511075,High,0,Promoter,36-45,0.5556622649059624,1,0.5609686560854813,1,1,Growth Prospects
3056,27,Female,Sandals,Footwear,22,Kansas,M,Violet,Fall,5.0,No,Standard,0,No,5,Debit Card,Bi-Weekly,0,0,0,26,572,1024.8864163984474,Mid,0,Promoter,26-35,0.4287314925970388,0,0.5247048907134304,1,0,Growth Prospects
3057,69,Female,Gloves,Accessories,59,New Jersey,M,Beige,Spring,3.8,No,Standard,0,No,15,Cash,Bi-Weekly,0,0,0,26,1534,4253.1510999158245,High,0,Neutral,56+,0.5103641456582633,0,0.46013379376449814,1,0,Growth Prospects
3058,67,Female,Backpack,Accessories,22,North Carolina,M,Blue,Spring,3.4,No,Next Day Air,0,No,26,Bank Transfer,Weekly,0,0,0,52,1144,3770.4373747089526,High,0,Neutral,56+,0.8040816326530613,1,0.4002570037736907,0,0,Growth Prospects
3059,41,Female,Handbag,Accessories,74,West Virginia,S,Orange,Winter,3.8,No,Store Pickup,0,No,3,Bank Transfer,Fortnightly,0,0,0,26,1924,2667.2303507946694,High,0,Neutral,36-45,0.4124049619847939,0,0.42111346619601275,0,0,Growth Prospects
3060,46,Female,Sweater,Clothing,71,Kentucky,L,Maroon,Spring,3.2,No,Express,0,No,42,Credit Card,Quarterly,0,0,0,4,284,1068.1808328569716,Mid,0,Neutral,46-55,0.5582232893157264,1,0.30977011563909856,0,0,At-Risk Loyalists
3061,47,Female,Coat,Outerwear,80,California,S,Charcoal,Summer,4.7,No,Store Pickup,0,No,1,Venmo,Monthly,0,0,0,12,960,665.4212933375475,Mid,0,Promoter,46-55,0.2862745098039216,0,0.4798605352441833,1,0,Growth Prospects
3062,33,Female,T-Shirt,Clothing,59,South Dakota,L,Olive,Fall,4.5,No,Express,0,No,20,Paypal,Every 3 Months,0,0,0,4,236,718.5072953027278,Mid,0,Promoter,26-35,0.3786314525810324,0,0.45716667439844466,1,0,Growth Prospects
3063,51,Female,Backpack,Accessories,96,California,L,Green,Fall,3.3,No,Standard,0,No,39,Paypal,Monthly,0,0,0,12,1152,4249.589131139254,High,0,Neutral,46-55,0.5964785914365747,1,0.4000461543357767,0,0,Growth Prospects
3064,26,Female,Sunglasses,Accessories,43,Connecticut,L,Brown,Winter,3.9,No,Store Pickup,0,No,24,Credit Card,Fortnightly,0,0,0,26,1118,3598.703172202648,High,0,Neutral,26-35,0.5838335334133653,1,0.4560316193462393,1,1,Growth Prospects
3065,22,Female,Belt,Accessories,76,Idaho,S,Cyan,Winter,3.6,No,Express,0,No,49,Bank Transfer,Quarterly,0,0,0,4,304,1189.2549936501564,Mid,0,Neutral,18-25,0.6153661464585836,1,0.36074904974841493,0,0,At-Risk Loyalists
3066,49,Female,Jacket,Outerwear,59,North Dakota,M,Beige,Fall,2.8,No,Store Pickup,0,No,7,Venmo,Bi-Weekly,0,0,0,26,1534,3189.863324936868,High,0,Detractor,46-55,0.4450580232092837,0,0.3139724377810818,0,0,Growth Prospects
3067,58,Female,Skirt,Clothing,48,Michigan,L,Teal,Summer,4.3,No,Free Shipping,0,No,13,Venmo,Every 3 Months,0,0,0,4,192,506.6990072861296,Low,0,Promoter,56+,0.3214885954381753,0,0.4279552987450851,1,0,Growth Prospects
3068,70,Female,Belt,Accessories,22,Missouri,S,Gray,Spring,3.5,No,Free Shipping,0,No,2,Cash,Weekly,0,0,0,52,1144,1256.8124582363175,Mid,0,Neutral,56+,0.6081632653061224,1,0.35041124781178545,0,0,Growth Prospects
3069,32,Female,Boots,Footwear,40,California,M,Indigo,Winter,4.2,No,Express,0,No,4,Debit Card,Weekly,0,0,0,52,2080,3347.6308578629287,High,0,Promoter,26-35,0.6244897959183674,1,0.4858541833335365,1,1,Growth Prospects
3070,62,Female,Jeans,Clothing,73,Delaware,L,Magenta,Spring,4.6,No,Express,0,No,17,Debit Card,Quarterly,0,0,0,4,292,843.98855330568,Mid,0,Promoter,56+,0.35414165666266506,0,0.47225404165415025,1,0,Growth Prospects
3071,52,Female,Shoes,Footwear,26,Alabama,Xl,Red,Fall,2.6,No,Free Shipping,0,No,43,Paypal,Bi-Weekly,0,0,0,26,676,2558.1121925287443,High,0,Detractor,46-55,0.7389355742296919,1,0.27442870008675685,0,0,Growth Prospects
3072,23,Female,Sweater,Clothing,41,New Hampshire,L,Turquoise,Spring,3.4,No,Next Day Air,0,No,6,Paypal,Monthly,0,0,0,12,492,957.3877933352142,Mid,0,Neutral,18-25,0.32709083633453384,0,0.3310441403992621,0,0,Growth Prospects
3073,26,Female,Jewelry,Accessories,98,New York,L,Peach,Spring,3.1,No,Standard,0,No,46,Paypal,Quarterly,0,0,0,4,392,1509.2578598703428,Mid,0,Neutral,26-35,0.5908763505402161,1,0.3086224675529839,0,0,At-Risk Loyalists
3074,58,Female,Shirt,Clothing,63,Oregon,L,White,Winter,3.6,No,Free Shipping,0,No,7,Debit Card,Bi-Weekly,0,0,0,26,1638,3406.1252452715707,High,0,Neutral,56+,0.4450580232092837,0,0.4152933915404207,0,0,Growth Prospects
3075,26,Female,Boots,Footwear,55,Massachusetts,L,Maroon,Winter,4.2,No,Next Day Air,0,No,34,Debit Card,Fortnightly,0,0,0,26,1430,5084.1477279298615,Premium,0,Promoter,26-35,0.6654661864745899,1,0.5285798095262464,1,1,Champions
3076,54,Female,Shorts,Clothing,90,Utah,Xl,Beige,Winter,3.6,No,Standard,0,No,21,Paypal,Every 3 Months,0,0,0,4,360,1112.7752832089939,Mid,0,Neutral,46-55,0.3867947178871549,0,0.35886732687202855,0,0,Growth Prospects
3077,66,Female,Handbag,Accessories,46,New Hampshire,M,Blue,Summer,3.6,No,Express,0,No,13,Venmo,Bi-Weekly,0,0,0,26,1196,3156.312566219849,High,0,Neutral,56+,0.49403761504601845,0,0.4091469478591959,0,0,Growth Prospects
3078,60,Female,Sweater,Clothing,88,Illinois,S,Red,Spring,3.0,No,Store Pickup,0,No,33,Debit Card,Bi-Weekly,0,0,0,26,2288,8068.312880321778,Premium,0,Neutral,56+,0.6573029211684673,1,0.4580028363889184,1,1,Champions
3079,32,Female,Belt,Accessories,95,Alaska,M,Blue,Spring,2.5,No,2-Day Shipping,0,No,24,Bank Transfer,Bi-Weekly,0,0,0,26,2470,7950.623287424455,Premium,0,Detractor,26-35,0.5838335334133653,1,0.39510717689975416,0,0,Champions
3080,48,Female,Belt,Accessories,31,Wyoming,M,Maroon,Fall,4.0,No,Store Pickup,0,No,4,Bank Transfer,Annually,0,0,0,1,31,49.892575285457106,Low,0,Promoter,46-55,0.22448979591836737,0,0.3807159372436135,0,0,Growth Prospects
3081,69,Female,Hoodie,Clothing,42,Colorado,L,Yellow,Spring,4.1,No,Next Day Air,0,No,5,Cash,Bi-Weekly,0,0,0,26,1092,1956.601340397036,High,0,Promoter,56+,0.4287314925970388,0,0.43962900060670107,1,0,Growth Prospects
3082,64,Female,Sneakers,Footwear,44,Vermont,L,Pink,Winter,4.9,No,Next Day Air,0,No,11,Credit Card,Weekly,0,0,0,52,2288,5685.466414714945,Premium,0,Promoter,56+,0.6816326530612244,1,0.6273747809297089,1,1,Champions
3083,56,Female,T-Shirt,Clothing,99,Utah,M,Maroon,Spring,4.0,No,Next Day Air,0,No,20,Bank Transfer,Annually,0,0,0,1,99,301.4077213346189,Low,0,Promoter,56+,0.35510204081632657,0,0.3869042687808055,0,0,Growth Prospects
3084,22,Female,Pants,Clothing,20,Illinois,S,Purple,Summer,3.5,No,Store Pickup,0,No,28,Paypal,Quarterly,0,0,0,4,80,269.3836663989179,Low,0,Neutral,18-25,0.44393757503001197,0,0.32611634219976127,0,0,Growth Prospects
3085,46,Female,Scarf,Accessories,37,Idaho,S,Indigo,Spring,3.2,No,Store Pickup,0,No,43,Paypal,Monthly,0,0,0,12,444,1680.1801974597079,High,0,Neutral,46-55,0.6291316526610644,1,0.3248278766853155,0,0,Growth Prospects
3086,24,Female,Sweater,Clothing,50,Nevada,L,Gray,Winter,2.8,No,Store Pickup,0,No,10,Venmo,Every 3 Months,0,0,0,4,200,479.57905455967415,Low,0,Detractor,18-25,0.29699879951980795,0,0.24728803372593794,0,0,Growth Prospects
3087,47,Female,Handbag,Accessories,73,Utah,M,Lavender,Summer,3.5,No,Next Day Air,0,No,26,Venmo,Every 3 Months,0,0,0,4,292,962.3843648732641,Mid,0,Neutral,46-55,0.4276110444177671,0,0.34316707709596783,0,0,Growth Prospects
3088,62,Female,Shirt,Clothing,84,North Carolina,M,Charcoal,Spring,3.1,No,Free Shipping,0,No,29,Bank Transfer,Monthly,0,0,0,12,1008,3428.406960715453,High,0,Neutral,56+,0.5148459383753501,0,0.3558416155521753,0,0,Growth Prospects
3089,34,Female,Dress,Clothing,64,Arkansas,M,Teal,Spring,3.3,No,Store Pickup,0,No,35,Bank Transfer,Quarterly,0,0,0,4,256,917.3808482447641,Mid,0,Neutral,26-35,0.5010804321728692,0,0.3180598011103608,0,0,At-Risk Loyalists
3090,50,Female,Sandals,Footwear,21,North Carolina,L,Blue,Fall,4.6,No,Free Shipping,0,No,23,Cash,Bi-Weekly,0,0,0,26,546,1735.2173913699785,High,0,Promoter,46-55,0.575670268107243,1,0.4941820233764531,1,1,Growth Prospects
3091,29,Female,Shirt,Clothing,36,Texas,M,Peach,Summer,4.9,No,Store Pickup,0,No,15,Bank Transfer,Quarterly,0,0,0,4,144,399.2527760025285,Low,0,Promoter,26-35,0.3378151260504202,0,0.49731166907884317,1,0,Growth Prospects
3092,68,Female,Dress,Clothing,81,Nevada,L,Orange,Winter,3.4,No,2-Day Shipping,0,No,46,Credit Card,Annually,0,0,0,1,81,311.8619557385147,Low,0,Neutral,56+,0.5673469387755102,1,0.31516148696219565,0,0,At-Risk Loyalists
3093,52,Female,Sunglasses,Accessories,54,Utah,L,Silver,Fall,3.5,No,Next Day Air,0,No,14,Bank Transfer,Bi-Weekly,0,0,0,26,1404,3802.102482347503,High,0,Neutral,46-55,0.5022008803521409,0,0.41303609873996333,0,0,Growth Prospects
3094,29,Female,Socks,Clothing,63,Pennsylvania,L,Red,Summer,4.8,No,Store Pickup,0,No,17,Cash,Every 3 Months,0,0,0,4,252,728.3736829898335,Mid,0,Promoter,26-35,0.35414165666266506,0,0.49340942907561364,1,0,Growth Prospects
3095,22,Female,Sandals,Footwear,59,Georgia,M,Gray,Summer,2.7,No,Store Pickup,0,No,9,Cash,Weekly,0,0,0,52,3068,7064.331065305732,Premium,0,Detractor,18-25,0.6653061224489796,1,0.3973006567141535,0,0,Champions
3096,62,Female,Hat,Accessories,53,Minnesota,S,Beige,Fall,3.4,No,Standard,0,No,13,Venmo,Fortnightly,0,0,0,26,1378,3636.621000209826,High,0,Neutral,56+,0.49403761504601845,0,0.39696455755916416,0,0,Growth Prospects
3097,69,Female,Shirt,Clothing,63,Kansas,L,White,Winter,3.5,No,Next Day Air,0,No,20,Bank Transfer,Monthly,0,0,0,12,756,2301.658962918908,High,0,Neutral,56+,0.4413765506202481,0,0.37611887090335205,0,0,Growth Prospects
3098,48,Female,Shoes,Footwear,33,Delaware,M,Silver,Fall,3.7,No,Free Shipping,0,No,39,Bank Transfer,Quarterly,0,0,0,4,132,486.93208794303956,Low,0,Neutral,46-55,0.533733493397359,0,0.35546894930535766,0,0,At-Risk Loyalists
3099,66,Female,Pants,Clothing,64,New Mexico,L,Cyan,Summer,3.3,No,Next Day Air,0,No,50,Bank Transfer,Quarterly,0,0,0,4,256,1006.5473619774274,Mid,0,Neutral,56+,0.6235294117647059,1,0.32025367276246974,0,0,At-Risk Loyalists
3100,42,Female,Shirt,Clothing,98,Michigan,S,Maroon,Fall,2.9,No,Free Shipping,0,No,21,Bank Transfer,Bi-Weekly,0,0,0,26,2548,7875.976171156989,Premium,0,Detractor,36-45,0.5593437374949981,1,0.44127054355574025,1,1,Champions
3101,50,Female,Hat,Accessories,85,Vermont,L,Purple,Winter,3.9,No,Express,0,No,3,Bank Transfer,Weekly,0,0,0,52,4420,6127.421076149916,Premium,0,Neutral,46-55,0.616326530612245,1,0.5182487263454354,1,1,Champions
3102,32,Female,Jewelry,Accessories,82,Idaho,S,Brown,Summer,2.7,No,Express,0,No,9,Paypal,Fortnightly,0,0,0,26,2132,4909.1114182633055,Premium,0,Detractor,26-35,0.4613845538215286,0,0.3442731793599201,0,0,Champions
3103,51,Female,Jacket,Outerwear,85,South Dakota,M,Green,Summer,4.3,No,Standard,0,No,29,Cash,Bi-Weekly,0,0,0,26,2210,7516.646213473364,Premium,0,Promoter,46-55,0.6246498599439776,1,0.6004295137238556,1,1,Champions
3104,27,Female,Shirt,Clothing,37,Illinois,S,Peach,Winter,3.0,No,2-Day Shipping,0,No,42,Bank Transfer,Weekly,0,0,0,52,1924,7236.549022594414,Premium,0,Neutral,26-35,0.9346938775510205,1,0.4375379435459852,1,1,Champions
3105,43,Female,Pants,Clothing,56,Georgia,S,Turquoise,Summer,5.0,No,2-Day Shipping,0,No,41,Debit Card,Fortnightly,0,0,0,26,1456,5442.046964220584,Premium,0,Promoter,36-45,0.722609043617447,1,0.6333856375881552,1,1,Champions
3106,48,Female,Skirt,Clothing,33,Oregon,M,Olive,Fall,2.7,No,Express,0,No,17,Debit Card,Monthly,0,0,0,12,396,1144.5872161268812,Mid,0,Detractor,46-55,0.41688675470188075,0,0.2516500343583456,0,0,Growth Prospects
3107,62,Female,Sandals,Footwear,57,Alabama,M,Yellow,Winter,4.7,No,Next Day Air,0,No,20,Paypal,Annually,0,0,0,1,57,173.53777895023512,Low,0,Promoter,56+,0.35510204081632657,0,0.4677581298323323,1,0,Growth Prospects
3108,65,Female,Blouse,Clothing,31,Hawaii,L,Gray,Winter,4.6,No,Standard,0,No,18,Credit Card,Bi-Weekly,0,0,0,26,806,2373.217817208151,High,0,Promoter,56+,0.5348539415766307,0,0.509879520000313,1,0,Growth Prospects
3109,50,Female,Socks,Clothing,69,Oregon,M,Purple,Fall,3.2,No,2-Day Shipping,0,No,7,Paypal,Monthly,0,0,0,12,828,1721.777596510904,High,0,Neutral,46-55,0.3352541016406563,0,0.3258513478378773,0,0,Growth Prospects
3110,60,Female,Jacket,Outerwear,92,Illinois,M,Gray,Winter,4.3,No,Free Shipping,0,No,47,Bank Transfer,Fortnightly,0,0,0,26,2392,9259.912818091676,Premium,0,Promoter,56+,0.7715886354541817,1,0.6433212118046727,1,1,Champions
3111,19,Female,Handbag,Accessories,46,Texas,L,Lavender,Fall,4.6,No,Next Day Air,0,No,2,Bank Transfer,Bi-Weekly,0,0,0,26,1196,1313.9402972470593,Mid,0,Promoter,18-25,0.4042416966786715,0,0.483816833174556,1,0,Growth Prospects
3112,21,Female,Belt,Accessories,81,Kansas,Xl,Indigo,Spring,4.9,No,Free Shipping,0,No,25,Debit Card,Quarterly,0,0,0,4,324,1055.6232783189603,Mid,0,Promoter,18-25,0.41944777911164466,0,0.5134611469268828,1,0,Growth Prospects
3113,19,Female,Blouse,Clothing,97,Texas,S,Green,Fall,3.8,No,Express,0,No,26,Venmo,Annually,0,0,0,1,97,319.6961760024199,Low,0,Neutral,18-25,0.40408163265306124,0,0.3633542417647989,0,0,Growth Prospects
3114,46,Female,Shirt,Clothing,93,Nebraska,L,Green,Summer,2.6,No,Express,0,No,2,Debit Card,Weekly,0,0,0,52,4836,5312.889027998979,Premium,0,Detractor,46-55,0.6081632653061224,1,0.34220780856849625,0,0,Champions
3115,21,Female,Handbag,Accessories,56,Arkansas,M,Olive,Spring,4.7,No,Store Pickup,0,No,45,Venmo,Bi-Weekly,0,0,0,26,1456,5574.501873288123,Premium,0,Promoter,18-25,0.7552621048419368,1,0.6006445860209401,1,1,Champions
3116,26,Female,Scarf,Accessories,53,South Dakota,M,Charcoal,Fall,4.1,No,Free Shipping,0,No,9,Bank Transfer,Bi-Weekly,0,0,0,26,1378,3172.962258145795,High,0,Promoter,26-35,0.4613845538215286,0,0.46955660038012087,1,0,Growth Prospects
3117,50,Female,Coat,Outerwear,66,Montana,L,Gray,Spring,3.7,No,Store Pickup,0,No,1,Venmo,Weekly,0,0,0,52,3432,2378.8811236817323,High,0,Neutral,46-55,0.6000000000000001,1,0.4020188611835609,0,0,Growth Prospects
3118,43,Female,Hoodie,Clothing,50,Florida,M,Olive,Fall,3.0,No,Free Shipping,0,No,4,Paypal,Bi-Weekly,0,0,0,26,1300,2092.2692861643304,High,0,Neutral,36-45,0.42056822729091636,0,0.31096700327002263,0,0,Growth Prospects
3119,61,Female,Shorts,Clothing,97,Virginia,L,Blue,Summer,4.7,No,Standard,0,No,31,Debit Card,Quarterly,0,0,0,4,388,1344.7055302862939,Mid,0,Promoter,56+,0.4684273709483794,0,0.49657378743697866,1,0,At-Risk Loyalists
3120,63,Female,Sandals,Footwear,79,Louisiana,Xl,Silver,Winter,4.7,No,2-Day Shipping,0,No,21,Credit Card,Every 3 Months,0,0,0,4,316,976.7694152612279,Mid,0,Promoter,56+,0.3867947178871549,0,0.4875210099003268,1,0,Growth Prospects
3121,46,Female,Shirt,Clothing,76,Louisiana,M,Magenta,Fall,4.0,No,Store Pickup,0,No,32,Debit Card,Fortnightly,0,0,0,26,1976,6909.098941457765,Premium,0,Promoter,46-55,0.649139655862345,1,0.5494812928997536,1,1,Champions
3122,63,Female,Hoodie,Clothing,38,Louisiana,L,Black,Fall,2.6,No,Standard,0,No,16,Venmo,Weekly,0,0,0,52,1976,5598.429567855083,Premium,0,Detractor,56+,0.7224489795918367,1,0.34923330804912395,0,0,Champions
3123,23,Female,Socks,Clothing,45,Georgia,M,Pink,Fall,3.0,No,Express,0,No,34,Credit Card,Fortnightly,0,0,0,26,1170,4159.7572319426135,High,0,Neutral,18-25,0.6654661864745899,1,0.3618359113998075,0,0,Growth Prospects
3124,57,Female,Handbag,Accessories,77,Iowa,Xl,Red,Fall,3.3,No,Next Day Air,0,No,40,Venmo,Bi-Weekly,0,0,0,26,2002,7434.571277542024,Premium,0,Neutral,56+,0.7144457783113245,1,0.47841012474305183,1,1,Champions
3125,57,Female,Jewelry,Accessories,51,California,M,Peach,Summer,3.4,No,Standard,0,No,4,Cash,Every 3 Months,0,0,0,4,204,328.3253341365565,Low,0,Neutral,56+,0.24801920768307323,0,0.31556655538590567,0,0,Growth Prospects
3126,33,Female,Coat,Outerwear,26,Oregon,L,Lavender,Spring,4.0,No,Standard,0,No,3,Cash,Quarterly,0,0,0,4,104,144.1746135564686,Low,0,Promoter,26-35,0.2398559423769508,0,0.3830356723370587,0,0,Growth Prospects
3127,57,Female,Sunglasses,Accessories,76,Maine,L,Lavender,Winter,2.6,No,Store Pickup,0,No,28,Bank Transfer,Bi-Weekly,0,0,0,26,1976,6653.776560053273,Premium,0,Detractor,56+,0.616486594637855,1,0.3751992873433663,0,0,Champions
3128,55,Female,Gloves,Accessories,94,Louisiana,M,Beige,Winter,3.4,No,Free Shipping,0,No,43,Credit Card,Every 3 Months,0,0,0,4,376,1422.855302353266,Mid,0,Neutral,46-55,0.5663865546218487,1,0.34249660086075506,0,0,At-Risk Loyalists
3129,65,Female,Jacket,Outerwear,32,Arkansas,S,Indigo,Fall,4.4,No,Standard,0,No,20,Cash,Annually,0,0,0,1,32,97.42471800714954,Low,0,Promoter,56+,0.35510204081632657,0,0.4298854280772887,1,0,Growth Prospects
3130,60,Female,Sandals,Footwear,20,Maryland,S,Cyan,Summer,4.7,No,Express,0,No,40,Venmo,Every 3 Months,0,0,0,4,80,297.08576533634465,Low,0,Promoter,56+,0.5418967587034815,0,0.4707979304666857,1,0,At-Risk Loyalists
3131,52,Female,Pants,Clothing,20,Vermont,M,Yellow,Summer,4.5,No,Store Pickup,0,No,34,Venmo,Every 3 Months,0,0,0,4,80,284.4278449191531,Low,0,Promoter,46-55,0.49291716686674675,0,0.4464864923312755,1,0,At-Risk Loyalists
3132,34,Female,Jacket,Outerwear,59,North Dakota,M,Peach,Fall,2.9,No,Store Pickup,0,No,11,Bank Transfer,Every 3 Months,0,0,0,4,236,586.4379693499681,Mid,0,Detractor,26-35,0.3051620648259304,0,0.2619172129336889,0,0,Growth Prospects
3133,33,Female,Sweater,Clothing,97,Michigan,M,Yellow,Summer,4.2,No,Express,0,No,26,Cash,Quarterly,0,0,0,4,388,1278.7847040096797,Mid,0,Promoter,26-35,0.4276110444177671,0,0.4349518575666972,1,0,Growth Prospects
3134,58,Female,T-Shirt,Clothing,68,Arkansas,M,Orange,Spring,4.1,No,Next Day Air,0,No,29,Cash,Bi-Weekly,0,0,0,26,1768,6013.316970778691,Premium,0,Promoter,56+,0.6246498599439776,1,0.539441284945251,1,1,Champions
3135,35,Female,Boots,Footwear,66,Kentucky,L,Gray,Spring,4.4,No,Store Pickup,0,No,47,Bank Transfer,Weekly,0,0,0,52,3432,13285.961869435883,Premium,0,Promoter,26-35,0.9755102040816328,1,0.754378969184603,1,1,Champions
3136,68,Female,Shoes,Footwear,85,Indiana,L,Yellow,Spring,4.7,No,Free Shipping,0,No,48,Venmo,Fortnightly,0,0,0,26,2210,8600.922858824484,Premium,0,Promoter,56+,0.7797519007603042,1,0.6751072842870472,1,1,Champions
3137,58,Female,Skirt,Clothing,32,Minnesota,M,Gray,Fall,3.1,No,Next Day Air,0,No,29,Cash,Bi-Weekly,0,0,0,26,832,2829.7962215429134,High,0,Neutral,56+,0.6246498599439776,1,0.34111327106114725,0,0,Growth Prospects
3138,34,Female,Coat,Outerwear,44,Louisiana,M,Turquoise,Spring,2.7,No,2-Day Shipping,0,No,14,Bank Transfer,Monthly,0,0,0,12,528,1429.850506181967,Mid,0,Detractor,26-35,0.39239695878351344,0,0.25866871232657423,0,0,Growth Prospects
3139,47,Female,Blouse,Clothing,95,Kentucky,L,Gray,Fall,4.6,No,Next Day Air,0,No,40,Cash,Every 3 Months,0,0,0,4,380,1411.157385347637,Mid,0,Promoter,46-55,0.5418967587034815,0,0.48620878285113406,1,0,At-Risk Loyalists
3140,35,Female,Sunglasses,Accessories,85,Georgia,M,Olive,Winter,4.4,No,Next Day Air,0,No,4,Venmo,Weekly,0,0,0,52,4420,7113.715572958723,Premium,0,Promoter,26-35,0.6244897959183674,1,0.6025157235240783,1,1,Champions
3141,34,Female,Gloves,Accessories,44,Alaska,Xl,Peach,Summer,4.6,No,Free Shipping,0,No,37,Bank Transfer,Weekly,0,0,0,52,2288,8322.79713345397,Premium,0,Promoter,26-35,0.8938775510204082,1,0.6562642204610685,1,1,Champions
3142,36,Female,Sunglasses,Accessories,30,Mississippi,S,Peach,Winter,4.9,No,Express,0,No,47,Credit Card,Bi-Weekly,0,0,0,26,780,3019.536788508155,High,0,Promoter,36-45,0.7715886354541817,1,0.5617816878657806,1,1,Growth Prospects
3143,23,Female,Sneakers,Footwear,21,Kansas,L,Magenta,Winter,4.0,No,2-Day Shipping,0,No,1,Venmo,Quarterly,0,0,0,4,84,58.224363167035406,Low,0,Promoter,18-25,0.2235294117647059,0,0.38092093430450097,0,0,Growth Prospects
3144,68,Female,Hoodie,Clothing,22,Arizona,M,Purple,Summer,2.9,No,Store Pickup,0,No,26,Cash,Quarterly,0,0,0,4,88,290.03364420838096,Low,0,Detractor,56+,0.4276110444177671,0,0.25462441859566803,0,0,Growth Prospects
3145,23,Female,Boots,Footwear,70,Maine,L,Beige,Spring,2.6,No,Free Shipping,0,No,12,Debit Card,Quarterly,0,0,0,4,280,718.1858200892303,Mid,0,Detractor,18-25,0.3133253301320528,0,0.2291587647546981,0,0,Growth Prospects
3146,57,Female,Handbag,Accessories,29,Texas,Xl,Purple,Spring,4.6,No,Standard,0,No,16,Paypal,Fortnightly,0,0,0,26,754,2136.242861418387,High,0,Promoter,56+,0.5185274109643858,0,0.5040489383614964,1,0,Growth Prospects
3147,21,Female,Shirt,Clothing,83,Virginia,S,Yellow,Winter,4.9,No,Free Shipping,0,No,19,Paypal,Annually,0,0,0,1,83,248.64577870498124,Low,0,Promoter,18-25,0.34693877551020413,0,0.493606102850573,1,0,Growth Prospects
3148,45,Female,Sweater,Clothing,99,North Dakota,M,Pink,Winter,4.3,No,Express,0,No,21,Credit Card,Weekly,0,0,0,52,5148,15912.68654988861,Premium,0,Promoter,36-45,0.763265306122449,1,0.8070074555199316,1,1,Champions
3149,37,Female,Shorts,Clothing,35,West Virginia,L,Purple,Fall,4.3,No,Free Shipping,0,No,15,Venmo,Weekly,0,0,0,52,1820,5046.111474476402,Premium,0,Promoter,36-45,0.7142857142857144,1,0.5396439575487408,1,1,Champions
3150,18,Female,Belt,Accessories,40,North Carolina,M,Lavender,Winter,4.6,No,Free Shipping,0,No,9,Venmo,Annually,0,0,0,1,40,92.10340371976184,Low,0,Promoter,18-25,0.2653061224489796,0,0.4537545013416974,1,0,Growth Prospects
3151,55,Female,Blouse,Clothing,25,Georgia,M,Peach,Spring,2.6,No,Express,0,No,7,Bank Transfer,Bi-Weekly,0,0,0,26,650,1351.6370020918932,Mid,0,Detractor,46-55,0.4450580232092837,0,0.24474433082670105,0,0,Growth Prospects
3152,52,Female,T-Shirt,Clothing,64,New Mexico,L,Orange,Fall,3.1,No,2-Day Shipping,0,No,47,Bank Transfer,Quarterly,0,0,0,4,256,991.0274587924201,Mid,0,Neutral,46-55,0.5990396158463387,1,0.29587181780127725,0,0,At-Risk Loyalists
3153,49,Female,Belt,Accessories,90,North Carolina,M,Red,Fall,3.1,No,Store Pickup,0,No,17,Paypal,Monthly,0,0,0,12,1080,3121.6014985278575,High,0,Neutral,46-55,0.41688675470188075,0,0.34829290945132213,0,0,Growth Prospects
3154,56,Female,Socks,Clothing,88,Alabama,L,Red,Fall,3.1,No,Next Day Air,0,No,46,Venmo,Fortnightly,0,0,0,26,2288,8809.137712712614,Premium,0,Neutral,56+,0.7634253701480593,1,0.4882302463315513,1,1,Champions
3155,27,Female,Belt,Accessories,55,Connecticut,M,Gold,Winter,4.4,No,Standard,0,No,32,Cash,Quarterly,0,0,0,4,220,769.2316635226257,Mid,0,Promoter,26-35,0.4765906362545019,0,0.44641470741947786,1,0,At-Risk Loyalists
3156,22,Female,Handbag,Accessories,90,Montana,M,Brown,Fall,4.3,No,Free Shipping,0,No,34,Cash,Annually,0,0,0,1,90,319.98132553404724,Low,0,Promoter,18-25,0.46938775510204084,0,0.42336125764383087,0,0,At-Risk Loyalists
3157,18,Female,Shirt,Clothing,50,Montana,M,Black,Winter,3.1,No,2-Day Shipping,0,No,18,Cash,Monthly,0,0,0,12,600,1766.6633874998643,High,0,Neutral,18-25,0.42505002000800324,0,0.314955727277096,0,0,Growth Prospects
3158,21,Female,Belt,Accessories,34,Maine,L,Red,Fall,3.1,No,Store Pickup,0,No,5,Debit Card,Fortnightly,0,0,0,26,884,1583.9153707976006,High,0,Neutral,18-25,0.4287314925970388,0,0.31045935664939284,0,0,Growth Prospects
3159,30,Female,Jewelry,Accessories,77,Mississippi,M,Gray,Winter,4.9,No,2-Day Shipping,0,No,44,Credit Card,Monthly,0,0,0,12,924,3517.3561405477753,High,0,Promoter,26-35,0.637294917967187,1,0.5740301398753036,1,1,Growth Prospects
3160,62,Female,Hat,Accessories,89,Louisiana,L,Pink,Winter,2.9,No,Store Pickup,0,No,4,Bank Transfer,Quarterly,0,0,0,4,356,572.9598968265396,Mid,0,Detractor,56+,0.24801920768307323,0,0.26158559560341094,0,0,Growth Prospects
3161,28,Female,Backpack,Accessories,87,Nebraska,Xl,Turquoise,Fall,3.8,No,Next Day Air,0,No,37,Cash,Fortnightly,0,0,0,26,2262,8228.219893301084,Premium,0,Neutral,26-35,0.6899559823929573,1,0.5579372221584522,1,1,Champions
3162,66,Female,Dress,Clothing,77,Massachusetts,S,Charcoal,Winter,4.2,No,2-Day Shipping,0,No,43,Cash,Monthly,0,0,0,12,924,3496.591221740473,High,0,Promoter,56+,0.6291316526610644,1,0.48951923544691833,1,1,Growth Prospects
3163,66,Female,Shoes,Footwear,85,Wisconsin,L,Blue,Winter,3.9,No,Standard,0,No,28,Bank Transfer,Quarterly,0,0,0,4,340,1144.8805821954013,Mid,0,Neutral,56+,0.44393757503001197,0,0.3956572523987788,0,0,Growth Prospects
3164,49,Female,Pants,Clothing,66,Nebraska,Xl,Turquoise,Summer,2.8,No,Express,0,No,36,Cash,Monthly,0,0,0,12,792,2859.8469868142256,High,0,Detractor,46-55,0.5719887955182074,1,0.3058526464083833,0,0,Growth Prospects
3165,40,Female,Dress,Clothing,32,Arizona,L,Silver,Winter,2.6,No,Standard,0,No,16,Credit Card,Annually,0,0,0,1,32,90.66282700979892,Low,0,Detractor,36-45,0.32244897959183677,0,0.21371905708942862,0,0,Growth Prospects
3166,49,Female,Jacket,Outerwear,92,Hawaii,M,Lavender,Spring,3.0,No,Store Pickup,0,No,38,Bank Transfer,Every 3 Months,0,0,0,4,368,1348.1906857757099,Mid,0,Neutral,46-55,0.5255702280912364,0,0.2926595369354321,0,0,At-Risk Loyalists
3167,19,Female,Shirt,Clothing,80,Georgia,M,Gold,Winter,2.7,No,Next Day Air,0,No,37,Bank Transfer,Fortnightly,0,0,0,26,2080,7566.1792122308825,Premium,0,Detractor,18-25,0.6899559823929573,1,0.40964823404013806,0,0,Champions
3168,24,Female,Dress,Clothing,78,Oregon,M,Blue,Fall,2.8,No,2-Day Shipping,0,No,9,Cash,Bi-Weekly,0,0,0,26,2028,4669.642568591925,Premium,0,Detractor,18-25,0.4613845538215286,0,0.3503812374316719,0,0,Champions
3169,31,Female,Jeans,Clothing,24,Montana,M,Orange,Spring,2.9,No,2-Day Shipping,0,No,14,Paypal,Fortnightly,0,0,0,26,624,1689.8233254877791,High,0,Detractor,26-35,0.5022008803521409,0,0.28906513823489083,0,0,Growth Prospects
3170,35,Female,T-Shirt,Clothing,59,Georgia,M,White,Fall,3.8,No,Free Shipping,0,No,3,Venmo,Weekly,0,0,0,52,3068,4253.1510999158245,High,0,Neutral,26-35,0.616326530612245,1,0.46013379376449814,1,1,Growth Prospects
3171,65,Female,Sunglasses,Accessories,41,Rhode Island,Xl,Charcoal,Spring,4.4,No,Express,0,No,10,Credit Card,Fortnightly,0,0,0,26,1066,2556.1563608030633,High,0,Promoter,56+,0.4695478191276511,0,0.4903805783917433,1,0,Growth Prospects
3172,68,Female,Jewelry,Accessories,26,Tennessee,M,Maroon,Spring,3.1,No,Express,0,No,26,Bank Transfer,Bi-Weekly,0,0,0,26,676,2227.9857214189265,High,0,Neutral,56+,0.6001600640256102,1,0.32630619897888524,0,0,Growth Prospects
3173,57,Female,Socks,Clothing,52,Missouri,M,Olive,Fall,3.7,No,Standard,0,No,30,Debit Card,Bi-Weekly,0,0,0,26,1352,4642.750700463917,High,0,Neutral,56+,0.6328131252501001,1,0.45771958425394227,1,1,Growth Prospects
3174,69,Female,Skirt,Clothing,46,Washington,L,Teal,Summer,4.9,No,Next Day Air,0,No,32,Paypal,Fortnightly,0,0,0,26,1196,4181.82304351391,High,0,Promoter,56+,0.649139655862345,1,0.5903788232672849,1,1,Growth Prospects
3175,45,Female,Pants,Clothing,52,Oklahoma,L,Orange,Winter,3.8,No,Store Pickup,0,No,35,Paypal,Monthly,0,0,0,12,624,2236.1158175966125,High,0,Neutral,36-45,0.5638255302120849,1,0.4105062335746822,0,0,Growth Prospects
3176,35,Female,Socks,Clothing,42,Connecticut,M,Maroon,Fall,3.4,No,Store Pickup,0,No,26,Debit Card,Every 3 Months,0,0,0,4,168,553.7005934887272,Mid,0,Neutral,26-35,0.4276110444177671,0,0.32111173565460915,0,0,Growth Prospects
3177,36,Female,Sandals,Footwear,37,Arkansas,Xl,Turquoise,Spring,4.6,No,2-Day Shipping,0,No,39,Credit Card,Monthly,0,0,0,12,444,1637.8624776265876,High,0,Promoter,36-45,0.5964785914365747,1,0.4917866826087799,1,1,Growth Prospects
3178,55,Female,Belt,Accessories,52,Missouri,L,Beige,Fall,3.2,No,Standard,0,No,31,Credit Card,Monthly,0,0,0,12,624,2162.6192033470293,High,0,Neutral,46-55,0.5311724689875951,0,0.336697907424222,0,0,Growth Prospects
3179,66,Female,Sandals,Footwear,34,Washington,L,Beige,Spring,2.7,No,Free Shipping,0,No,28,Credit Card,Annually,0,0,0,1,34,114.48805821954012,Low,0,Detractor,56+,0.4204081632653061,0,0.22630525808762744,0,0,Growth Prospects
3180,57,Female,Shorts,Clothing,88,Idaho,M,Olive,Spring,4.3,No,Free Shipping,0,No,12,Debit Card,Bi-Weekly,0,0,0,26,2288,5868.604129871996,Premium,0,Promoter,56+,0.48587434973989596,0,0.559880739780132,1,0,Champions
3181,18,Female,Handbag,Accessories,88,Montana,L,Turquoise,Fall,3.8,No,Standard,0,No,46,Paypal,Weekly,0,0,0,52,4576,17618.27542542523,Premium,0,Neutral,18-25,0.9673469387755103,1,0.7889721228322697,1,1,Champions
3182,31,Female,Jacket,Outerwear,51,Montana,M,Charcoal,Summer,4.4,No,Free Shipping,0,No,27,Paypal,Every 3 Months,0,0,0,4,204,679.7697200757416,Mid,0,Promoter,26-35,0.4357743097238896,0,0.44421356695256287,1,0,Growth Prospects
3183,50,Female,Sunglasses,Accessories,97,Georgia,L,Green,Fall,3.6,No,Free Shipping,0,No,4,Credit Card,Annually,0,0,0,1,97,156.11547750610774,Low,0,Neutral,46-55,0.22448979591836737,0,0.33532946786437234,0,0,Growth Prospects
3184,50,Female,Sneakers,Footwear,56,Mississippi,M,Green,Winter,3.5,No,Standard,0,No,14,Cash,Every 3 Months,0,0,0,4,224,606.603245046895,Mid,0,Neutral,46-55,0.32965186074429775,0,0.3344133636169049,0,0,Growth Prospects
3185,61,Female,Sweater,Clothing,53,Hawaii,L,Green,Spring,4.2,No,2-Day Shipping,0,No,30,Venmo,Quarterly,0,0,0,4,212,728.0052873508511,Mid,0,Promoter,56+,0.4602641056422569,0,0.42140036499185296,0,0,At-Risk Loyalists
3186,52,Female,Skirt,Clothing,71,Ohio,L,Gold,Fall,4.7,No,Express,0,No,6,Paypal,Annually,0,0,0,1,71,138.15962058292723,Low,0,Promoter,46-55,0.24081632653061225,0,0.46688767818522,1,0,Growth Prospects
3187,38,Female,Jewelry,Accessories,93,Virginia,S,Cyan,Winter,4.8,No,Store Pickup,0,No,43,Venmo,Annually,0,0,0,1,93,351.9296359543983,Low,0,Promoter,36-45,0.5428571428571429,0,0.4841473205908933,1,0,At-Risk Loyalists
3188,67,Female,Blouse,Clothing,72,Texas,L,Indigo,Winter,3.2,No,Free Shipping,0,No,28,Debit Card,Weekly,0,0,0,52,3744,12607.155587469359,Premium,0,Neutral,56+,0.8204081632653062,1,0.5936774766966856,1,1,Champions
3189,42,Female,Blouse,Clothing,59,Vermont,M,Lavender,Winter,3.5,No,Standard,0,No,39,Bank Transfer,Monthly,0,0,0,12,708,2611.726653512667,High,0,Neutral,36-45,0.5964785914365747,1,0.3837478415578296,0,0,Growth Prospects
3190,25,Female,Boots,Footwear,87,Kansas,M,Beige,Summer,4.2,No,Store Pickup,0,No,30,Paypal,Bi-Weekly,0,0,0,26,2262,7767.679056545401,Premium,0,Promoter,18-25,0.6328131252501001,1,0.5946059785771891,1,1,Champions
3191,41,Female,Jeans,Clothing,78,California,S,Purple,Fall,3.4,No,Free Shipping,0,No,5,Credit Card,Fortnightly,0,0,0,26,2028,3633.6882035944955,High,0,Neutral,36-45,0.4287314925970388,0,0.3968923984145881,0,0,Growth Prospects
3192,62,Female,Hoodie,Clothing,68,Mississippi,Xl,Maroon,Winter,4.7,No,Store Pickup,0,No,42,Credit Card,Every 3 Months,0,0,0,4,272,1023.046431468649,Mid,0,Promoter,56+,0.5582232893157264,1,0.48865961933734087,1,1,At-Risk Loyalists
3193,19,Female,Sweater,Clothing,76,Iowa,S,Maroon,Fall,3.0,No,Free Shipping,0,No,20,Cash,Fortnightly,0,0,0,26,1976,6015.976336941484,Premium,0,Neutral,18-25,0.5511804721888756,1,0.4075067165494811,0,0,Champions
3194,63,Female,Gloves,Accessories,99,Virginia,L,Teal,Winter,4.0,No,Express,0,No,35,Credit Card,Fortnightly,0,0,0,26,2574,9223.977747586026,Premium,0,Promoter,56+,0.6736294517807122,1,0.6064370577742118,1,1,Champions
3195,43,Female,Sneakers,Footwear,52,Maryland,L,Gold,Summer,4.6,No,Standard,0,No,10,Credit Card,Bi-Weekly,0,0,0,26,1352,3241.954408823397,High,0,Promoter,36-45,0.4695478191276511,0,0.5312540977617436,1,0,Growth Prospects
3196,68,Female,Sunglasses,Accessories,58,Missouri,S,Red,Spring,4.9,No,Next Day Air,0,No,36,Credit Card,Quarterly,0,0,0,4,232,837.73295573346,Mid,0,Promoter,56+,0.5092436974789916,0,0.5081001276161758,1,0,At-Risk Loyalists
3197,24,Female,Belt,Accessories,59,Wisconsin,L,Maroon,Winter,2.8,No,Express,0,No,21,Debit Card,Fortnightly,0,0,0,26,1534,4741.659123451657,Premium,0,Detractor,18-25,0.5593437374949981,1,0.35215314788970564,0,0,Champions
3198,27,Female,Sweater,Clothing,71,Maine,M,Teal,Spring,3.2,No,Free Shipping,0,No,29,Credit Card,Every 3 Months,0,0,0,4,284,965.9400563920522,Mid,0,Neutral,26-35,0.45210084033613446,0,0.307254562077719,0,0,Growth Prospects
3199,61,Female,Gloves,Accessories,94,Pennsylvania,L,Peach,Winter,2.8,No,Free Shipping,0,No,39,Debit Card,Weekly,0,0,0,52,4888,18031.24277170892,Premium,0,Detractor,56+,0.9102040816326531,1,0.6791328582511156,1,1,Champions
3200,59,Female,Handbag,Accessories,40,Maine,Xl,Pink,Winter,4.2,No,Express,0,No,16,Paypal,Monthly,0,0,0,12,480,1359.9424051469837,Mid,0,Promoter,56+,0.4087234893957583,0,0.43694867870976994,1,0,Growth Prospects
3201,67,Female,Socks,Clothing,24,Missouri,L,Black,Spring,4.8,No,Free Shipping,0,No,32,Credit Card,Monthly,0,0,0,12,288,1006.9941777023463,Mid,0,Promoter,56+,0.5393357342937175,0,0.5002646663105135,1,0,At-Risk Loyalists
3202,46,Female,Pants,Clothing,38,Vermont,S,Indigo,Fall,2.8,No,2-Day Shipping,0,No,34,Cash,Monthly,0,0,0,12,456,1621.2387160391725,High,0,Detractor,46-55,0.5556622649059624,1,0.27537766808335623,0,0,Growth Prospects
3203,65,Female,Scarf,Accessories,37,Wisconsin,L,Green,Fall,4.5,No,Standard,0,No,38,Venmo,Annually,0,0,0,1,37,135.55178090679692,Low,0,Promoter,56+,0.5020408163265306,0,0.44282351434950173,1,0,At-Risk Loyalists
3204,63,Female,Coat,Outerwear,29,New Jersey,L,Teal,Spring,4.1,No,Express,0,No,14,Venmo,Annually,0,0,0,1,29,78.53345583196409,Low,0,Promoter,56+,0.30612244897959184,0,0.3934206234906368,0,0,Growth Prospects
3205,57,Female,Jacket,Outerwear,92,New Mexico,Xl,Lavender,Fall,4.3,No,Free Shipping,0,No,23,Debit Card,Bi-Weekly,0,0,0,26,2392,7601.904762192286,Premium,0,Promoter,56+,0.575670268107243,1,0.6025272329830743,1,1,Champions
3206,40,Female,Hoodie,Clothing,24,Colorado,Xl,Magenta,Fall,4.4,No,2-Day Shipping,0,No,50,Bank Transfer,Every 3 Months,0,0,0,4,96,377.45526074153526,Low,0,Promoter,36-45,0.6235294117647059,1,0.4367753584301967,1,1,At-Risk Loyalists
3207,36,Female,Boots,Footwear,52,California,M,Brown,Winter,3.0,No,Free Shipping,0,No,49,Paypal,Monthly,0,0,0,12,624,2441.1023553871632,High,0,Neutral,36-45,0.6781112444977992,1,0.3195497654511329,0,0,Growth Prospects
3208,67,Female,Socks,Clothing,29,Arizona,Xl,Beige,Summer,2.7,No,Next Day Air,0,No,14,Paypal,Annually,0,0,0,1,29,78.53345583196409,Low,0,Detractor,56+,0.30612244897959184,0,0.2254206234906368,0,0,Growth Prospects
3209,61,Female,Jewelry,Accessories,30,Indiana,L,Indigo,Winter,3.3,No,2-Day Shipping,0,No,42,Paypal,Weekly,0,0,0,52,1560,5867.472180481957,Premium,0,Neutral,56+,0.9346938775510205,1,0.43985288905933473,1,1,Champions
3210,64,Female,Shoes,Footwear,31,Arkansas,L,Peach,Fall,4.3,No,Standard,0,No,39,Debit Card,Annually,0,0,0,1,31,114.35526307753203,Low,0,Promoter,56+,0.5102040816326531,0,0.4183019907680318,0,0,At-Risk Loyalists
3211,30,Female,Socks,Clothing,67,Nevada,M,Magenta,Summer,2.9,No,Express,0,No,43,Venmo,Bi-Weekly,0,0,0,26,1742,6592.058342285611,Premium,0,Detractor,26-35,0.7389355742296919,1,0.40968075933648324,0,0,Champions
3212,53,Female,Pants,Clothing,65,Rhode Island,L,Turquoise,Winter,4.9,No,Standard,0,No,12,Cash,Monthly,0,0,0,12,780,2000.6604988199986,High,0,Promoter,46-55,0.37607042817126857,0,0.5367130414044576,1,0,Growth Prospects
3213,27,Female,Sneakers,Footwear,22,Wyoming,M,Indigo,Winter,3.6,No,2-Day Shipping,0,No,21,Debit Card,Weekly,0,0,0,52,1144,3536.1525666419134,High,0,Neutral,26-35,0.763265306122449,1,0.41849261109507696,0,0,Growth Prospects
3214,27,Female,Sunglasses,Accessories,56,Texas,M,Brown,Winter,3.3,No,Standard,0,No,33,Credit Card,Monthly,0,0,0,12,672,2369.7142725420604,High,0,Neutral,26-35,0.5474989995998399,1,0.3537933180506901,0,0,Growth Prospects
3215,53,Female,Skirt,Clothing,78,Washington,M,Yellow,Spring,3.1,No,Free Shipping,0,No,6,Debit Card,Annually,0,0,0,1,78,151.78099162631443,Low,0,Neutral,46-55,0.24081632653061225,0,0.27522282126241304,0,0,Growth Prospects
3216,34,Female,Coat,Outerwear,90,Rhode Island,M,Magenta,Summer,2.7,No,Free Shipping,0,No,10,Paypal,Every 3 Months,0,0,0,4,360,863.2422982074135,Mid,0,Detractor,26-35,0.29699879951980795,0,0.2447277648420221,0,0,Growth Prospects
3217,39,Female,Hoodie,Clothing,85,Illinois,S,Olive,Winter,3.4,No,Next Day Air,0,No,18,Cash,Weekly,0,0,0,52,4420,13014.420287915666,Premium,0,Neutral,36-45,0.7387755102040816,1,0.627697903018305,1,1,Champions
3218,44,Female,Sunglasses,Accessories,58,Oregon,M,Silver,Fall,3.4,No,Express,0,No,46,Venmo,Weekly,0,0,0,52,3016,11612.045166757536,Premium,0,Neutral,36-45,0.9673469387755103,1,0.593193570672689,1,1,Champions
3219,37,Female,Skirt,Clothing,34,Florida,M,Teal,Fall,3.9,No,Express,0,No,49,Paypal,Monthly,0,0,0,12,408,1596.1053862146834,High,0,Neutral,36-45,0.6781112444977992,1,0.4067592823517982,0,0,Growth Prospects
3220,57,Female,Coat,Outerwear,40,Kansas,L,White,Summer,3.5,No,2-Day Shipping,0,No,39,Credit Card,Weekly,0,0,0,52,2080,7672.869264556987,Premium,0,Neutral,56+,0.9102040816326531,1,0.5082732585203149,1,1,Champions
3221,38,Female,Handbag,Accessories,29,North Dakota,M,Blue,Fall,4.1,No,Free Shipping,0,No,16,Cash,Monthly,0,0,0,12,348,985.9582437315632,Mid,0,Promoter,36-45,0.4087234893957583,0,0.4157470937680622,0,0,Growth Prospects
3222,21,Female,T-Shirt,Clothing,76,New Hampshire,M,Yellow,Winter,3.2,No,Standard,0,No,28,Cash,Annually,0,0,0,1,76,255.91448307897204,Low,0,Neutral,18-25,0.4204081632653061,0,0.2897849435813149,0,0,Growth Prospects
3223,45,Female,Sunglasses,Accessories,84,Texas,S,Maroon,Fall,4.6,No,Store Pickup,0,No,22,Paypal,Quarterly,0,0,0,4,336,1053.5260565521944,Mid,0,Promoter,36-45,0.39495798319327735,0,0.47740954644156947,1,0,Growth Prospects
3224,68,Female,Shirt,Clothing,65,Montana,S,Gray,Spring,3.9,No,Standard,0,No,36,Venmo,Bi-Weekly,0,0,0,26,1690,6102.451272368739,Premium,0,Neutral,56+,0.6817927170868348,1,0.5176343640430301,1,1,Champions
3225,37,Female,Hoodie,Clothing,80,Delaware,L,Indigo,Winter,2.7,No,Free Shipping,0,No,18,Paypal,Monthly,0,0,0,12,960,2826.6614199997825,High,0,Detractor,36-45,0.42505002000800324,0,0.29303614174485393,0,0,Growth Prospects
3226,53,Female,Blouse,Clothing,98,New Hampshire,M,Pink,Fall,3.0,No,Store Pickup,0,No,31,Credit Card,Weekly,0,0,0,52,5096,17661.390160667408,Premium,0,Neutral,46-55,0.8448979591836736,1,0.694032926843511,1,1,Champions
3227,57,Female,Sneakers,Footwear,71,Minnesota,Xl,Beige,Spring,3.3,No,Next Day Air,0,No,38,Bank Transfer,Fortnightly,0,0,0,26,1846,6762.934798755327,Premium,0,Neutral,56+,0.6981192476990796,1,0.4618850396001,1,1,Champions
3228,28,Female,Scarf,Accessories,69,Alaska,Xl,White,Fall,2.7,No,Free Shipping,0,No,42,Debit Card,Quarterly,0,0,0,4,276,1038.0912319314232,Mid,0,Detractor,26-35,0.5582232893157264,1,0.2490297847712601,0,0,At-Risk Loyalists
3229,37,Female,Jewelry,Accessories,95,Connecticut,M,Yellow,Spring,4.6,No,2-Day Shipping,0,No,27,Paypal,Annually,0,0,0,1,95,316.55942846664436,Low,0,Promoter,36-45,0.41224489795918373,0,0.4592770645688933,1,0,Growth Prospects
3230,54,Female,Pants,Clothing,67,Connecticut,M,Teal,Fall,2.7,No,Express,0,No,24,Cash,Monthly,0,0,0,12,804,2587.9761631940332,High,0,Detractor,46-55,0.47402961184473796,0,0.2871634795002307,0,0,Growth Prospects
3231,49,Female,Sneakers,Footwear,49,Kansas,M,Olive,Summer,2.5,No,Next Day Air,0,No,38,Debit Card,Annually,0,0,0,1,49,179.51452066035267,Low,0,Detractor,46-55,0.5020408163265306,0,0.20390518284204304,0,0,At-Risk Loyalists
3232,62,Female,Shoes,Footwear,97,Nevada,M,Maroon,Winter,4.4,No,Free Shipping,0,No,9,Credit Card,Annually,0,0,0,1,97,223.35075402042244,Low,0,Promoter,56+,0.2653061224489796,0,0.43298373874467966,1,0,Growth Prospects
3233,45,Female,T-Shirt,Clothing,34,Massachusetts,M,White,Spring,4.0,No,Next Day Air,0,No,19,Bank Transfer,Monthly,0,0,0,12,408,1222.2587676100284,Mid,0,Promoter,36-45,0.4332132853141257,0,0.40956108154232646,0,0,Growth Prospects
3234,45,Female,Belt,Accessories,74,Indiana,M,Lavender,Fall,3.8,No,Express,0,No,11,Debit Card,Bi-Weekly,0,0,0,26,1924,4780.960394192112,Premium,0,Neutral,36-45,0.4777110844337735,0,0.473120124618524,1,0,Champions
3235,49,Female,Jewelry,Accessories,96,Washington,M,Black,Winter,2.5,No,2-Day Shipping,0,No,16,Debit Card,Quarterly,0,0,0,4,384,1087.9539241175871,Mid,0,Detractor,46-55,0.3459783913565426,0,0.2262566169339825,0,0,Growth Prospects
3236,27,Female,Belt,Accessories,68,Kansas,M,Green,Summer,4.0,No,Free Shipping,0,No,18,Venmo,Monthly,0,0,0,12,816,2402.662206999815,High,0,Promoter,26-35,0.42505002000800324,0,0.43860397595775075,1,0,Growth Prospects
3237,63,Female,Belt,Accessories,84,South Carolina,L,Olive,Fall,4.1,No,Next Day Air,0,No,8,Cash,Monthly,0,0,0,12,1008,2214.8023739549094,High,0,Promoter,56+,0.3434173669467787,0,0.44598183312593814,1,0,Growth Prospects
3238,61,Female,T-Shirt,Clothing,57,Vermont,M,Gray,Summer,2.8,No,Express,0,No,4,Cash,Weekly,0,0,0,52,2964,4770.373972454673,Premium,0,Detractor,56+,0.6244897959183674,1,0.35285965407218556,0,0,Champions
3239,25,Female,Sneakers,Footwear,84,Wyoming,Xl,Teal,Fall,3.4,No,2-Day Shipping,0,No,37,Cash,Quarterly,0,0,0,4,336,1222.2289496680655,Mid,0,Neutral,18-25,0.5174069627851141,0,0.3375603478954129,0,0,At-Risk Loyalists
3240,33,Female,Sunglasses,Accessories,32,Colorado,M,Charcoal,Fall,2.7,No,2-Day Shipping,0,No,30,Cash,Monthly,0,0,0,12,384,1318.6510865222963,Mid,0,Detractor,26-35,0.5230092036814726,0,0.2559327384243787,0,0,At-Risk Loyalists
3241,56,Female,Sandals,Footwear,37,West Virginia,M,Violet,Fall,3.8,No,2-Day Shipping,0,No,37,Bank Transfer,Monthly,0,0,0,12,444,1615.0882549185153,High,0,Neutral,56+,0.5801520608243298,1,0.3952263408447422,0,0,Growth Prospects
3242,50,Female,Handbag,Accessories,58,Connecticut,M,Lavender,Summer,4.4,No,Store Pickup,0,No,30,Paypal,Quarterly,0,0,0,4,232,796.685031440554,Mid,0,Promoter,46-55,0.4602641056422569,0,0.4470901758561001,1,0,At-Risk Loyalists
3243,45,Female,Socks,Clothing,74,Oregon,S,Beige,Fall,2.8,No,Express,0,No,17,Venmo,Weekly,0,0,0,52,3848,11122.15052438444,Premium,0,Detractor,36-45,0.7306122448979593,1,0.5091400998860578,1,1,Champions
3244,45,Female,Hoodie,Clothing,99,Idaho,L,Black,Summer,5.0,No,Store Pickup,0,No,11,Bank Transfer,Every 3 Months,0,0,0,4,396,984.0230333160481,Mid,0,Promoter,36-45,0.3051620648259304,0,0.5236994794440998,1,0,Growth Prospects
3245,65,Female,Sweater,Clothing,81,Arkansas,M,Black,Fall,4.7,No,Express,0,No,42,Credit Card,Annually,0,0,0,1,81,304.65720937117857,Low,0,Promoter,56+,0.5346938775510204,0,0.47098421986769734,1,0,At-Risk Loyalists
3246,63,Female,Pants,Clothing,76,Kansas,M,Purple,Fall,3.2,No,Next Day Air,0,No,20,Cash,Weekly,0,0,0,52,3952,12031.952673882968,Premium,0,Neutral,56+,0.7551020408163265,1,0.5795250632681295,1,1,Champions
3247,70,Female,Sneakers,Footwear,98,Michigan,M,Magenta,Summer,2.9,No,Store Pickup,0,No,37,Cash,Monthly,0,0,0,12,1176,4277.801323838229,High,0,Detractor,56+,0.5801520608243298,1,0.35274029305686305,0,0,Growth Prospects
3248,53,Female,Gloves,Accessories,91,Arkansas,M,Teal,Summer,3.7,No,Express,0,No,12,Paypal,Fortnightly,0,0,0,26,2366,6068.670179753996,Premium,0,Neutral,46-55,0.48587434973989596,0,0.49280320693749446,1,0,Champions
3249,22,Female,T-Shirt,Clothing,79,Pennsylvania,S,Teal,Summer,4.2,No,Free Shipping,0,No,41,Bank Transfer,Quarterly,0,0,0,4,316,1181.1035993775445,Mid,0,Promoter,18-25,0.5500600240096039,1,0.43254849112981214,1,1,At-Risk Loyalists
3250,26,Female,Backpack,Accessories,83,Virginia,M,Pink,Summer,3.4,No,Express,0,No,32,Credit Card,Quarterly,0,0,0,4,332,1160.8405104068715,Mid,0,Neutral,26-35,0.4765906362545019,0,0.33604993382824255,0,0,At-Risk Loyalists
3251,23,Female,Coat,Outerwear,90,Minnesota,M,Teal,Spring,2.9,No,2-Day Shipping,0,No,15,Venmo,Weekly,0,0,0,52,4680,12975.715220082177,Premium,0,Detractor,18-25,0.7142857142857144,1,0.5667455953911678,1,1,Champions
3252,25,Female,Coat,Outerwear,20,Nevada,M,Gold,Winter,3.7,No,Standard,0,No,39,Venmo,Quarterly,0,0,0,4,80,295.1103563291149,Low,0,Neutral,18-25,0.533733493397359,0,0.35074932708812057,0,0,At-Risk Loyalists
3253,69,Female,Sandals,Footwear,21,Montana,L,Brown,Spring,2.7,No,Store Pickup,0,No,48,Credit Card,Fortnightly,0,0,0,26,546,2124.933882768402,High,0,Detractor,56+,0.7797519007603042,1,0.2757706898729564,0,0,Growth Prospects
3254,36,Female,Backpack,Accessories,60,Nebraska,M,Brown,Fall,3.2,No,2-Day Shipping,0,No,8,Venmo,Fortnightly,0,0,0,26,1560,3427.6703406445026,High,0,Neutral,36-45,0.45322128851540616,0,0.3678234915970673,0,0,Growth Prospects
3255,21,Female,Sweater,Clothing,31,Indiana,S,Magenta,Winter,4.9,No,Store Pickup,0,No,11,Bank Transfer,Every 3 Months,0,0,0,4,124,308.12842457371204,Low,0,Promoter,18-25,0.3051620648259304,0,0.4950696263764013,1,0,Growth Prospects
3256,57,Female,Shorts,Clothing,40,New Jersey,M,Black,Fall,2.8,No,Next Day Air,0,No,36,Bank Transfer,Monthly,0,0,0,12,480,1733.2405980692276,High,0,Detractor,56+,0.5719887955182074,1,0.27813338593843917,0,0,Growth Prospects
3257,60,Female,Sunglasses,Accessories,26,Wisconsin,L,Teal,Winter,4.7,No,Free Shipping,0,No,50,Venmo,Every 3 Months,0,0,0,4,104,408.90986580332986,Low,0,Promoter,56+,0.6235294117647059,1,0.47354927414681036,1,1,At-Risk Loyalists
3258,44,Female,Shirt,Clothing,98,Minnesota,M,Brown,Fall,3.3,No,Express,0,No,39,Venmo,Every 3 Months,0,0,0,4,392,1446.040746012663,Mid,0,Neutral,36-45,0.533733493397359,0,0.3310670603915429,0,0,At-Risk Loyalists
3259,31,Female,Shoes,Footwear,51,New Jersey,M,Magenta,Spring,4.3,No,Express,0,No,11,Credit Card,Bi-Weekly,0,0,0,26,1326,3294.9862176188885,High,0,Promoter,26-35,0.4777110844337735,0,0.49655890353586324,1,0,Growth Prospects
3260,57,Female,Hat,Accessories,95,Oklahoma,Xl,Indigo,Fall,3.7,No,2-Day Shipping,0,No,5,Debit Card,Every 3 Months,0,0,0,4,380,680.8685983066608,Mid,0,Neutral,56+,0.25618247298919566,0,0.36024060398360747,0,0,Growth Prospects
3261,39,Female,Scarf,Accessories,36,Wisconsin,M,Violet,Summer,4.5,No,2-Day Shipping,0,No,7,Credit Card,Annually,0,0,0,1,36,74.85989550047408,Low,0,Promoter,36-45,0.2489795918367347,0,0.44133023843983477,1,0,Growth Prospects
3262,48,Female,Belt,Accessories,52,Rhode Island,L,Cyan,Winter,3.4,No,Store Pickup,0,No,50,Debit Card,Weekly,0,0,0,52,2704,10631.656510886576,Premium,0,Neutral,46-55,1.0,1,0.5690718820462484,1,1,Champions
3263,42,Female,T-Shirt,Clothing,35,Indiana,M,Violet,Spring,2.7,No,Standard,0,No,21,Cash,Every 3 Months,0,0,0,4,140,432.74594347016426,Low,0,Detractor,36-45,0.3867947178871549,0,0.23413574201352005,0,0,Growth Prospects
3264,56,Female,Shorts,Clothing,68,Vermont,S,Black,Fall,4.4,No,Express,0,No,31,Debit Card,Fortnightly,0,0,0,26,1768,6127.421076149916,Premium,0,Promoter,56+,0.6409763905562225,1,0.5782487263454354,1,1,Champions
3265,28,Female,Pants,Clothing,50,Maine,S,Charcoal,Winter,4.0,No,Express,0,No,39,Cash,Bi-Weekly,0,0,0,26,1300,4795.543290348117,Premium,0,Promoter,26-35,0.7062825130052022,1,0.4974789252617591,1,1,Champions
3266,40,Female,Sunglasses,Accessories,100,Alabama,M,White,Winter,3.2,No,Express,0,No,28,Credit Card,Fortnightly,0,0,0,26,2600,8754.969157964833,Premium,0,Neutral,36-45,0.616486594637855,1,0.49889747182100835,1,1,Champions
3267,49,Female,Coat,Outerwear,74,Alabama,S,Gray,Winter,4.2,No,Next Day Air,0,No,33,Bank Transfer,Weekly,0,0,0,52,3848,13569.43529872299,Premium,0,Promoter,46-55,0.8612244897959183,1,0.7373536090421586,1,1,Champions
3268,37,Female,Hoodie,Clothing,45,Idaho,L,Pink,Winter,3.0,No,Store Pickup,0,No,42,Credit Card,Quarterly,0,0,0,4,180,677.0160208248412,Mid,0,Neutral,36-45,0.5582232893157264,1,0.2761458143571984,0,0,At-Risk Loyalists
3269,22,Female,Dress,Clothing,97,Arkansas,M,Cyan,Fall,2.8,No,Free Shipping,0,No,5,Bank Transfer,Every 3 Months,0,0,0,4,388,695.2026740604854,Mid,0,Detractor,18-25,0.25618247298919566,0,0.2525932825973501,0,0,Growth Prospects
3270,27,Female,Blouse,Clothing,60,Ohio,M,Blue,Winter,4.9,No,Express,0,No,25,Cash,Monthly,0,0,0,12,720,2345.829507375467,High,0,Promoter,26-35,0.4821928771508604,0,0.5452056522664993,1,0,Growth Prospects
3271,59,Female,Socks,Clothing,25,Illinois,M,Indigo,Winter,4.7,No,Express,0,No,48,Paypal,Annually,0,0,0,1,25,97.29550745276566,Low,0,Promoter,56+,0.5836734693877551,1,0.46588224895364067,1,1,At-Risk Loyalists
3272,35,Female,Socks,Clothing,55,Nevada,Xl,Magenta,Spring,4.4,No,Standard,0,No,30,Credit Card,Weekly,0,0,0,52,2860,9821.203404827518,Premium,0,Promoter,26-35,0.8367346938775511,1,0.6691313234181797,1,1,Champions
3273,58,Female,Shoes,Footwear,99,Texas,M,Lavender,Winter,3.1,No,Next Day Air,0,No,34,Paypal,Quarterly,0,0,0,4,396,1407.9178323498077,Mid,0,Neutral,56+,0.49291716686674675,0,0.3061290762080242,0,0,At-Risk Loyalists
3274,58,Female,Belt,Accessories,45,Nevada,S,Orange,Summer,2.6,No,Free Shipping,0,No,34,Paypal,Every 3 Months,0,0,0,4,180,639.9626510680945,Mid,0,Detractor,56+,0.49291716686674675,0,0.2272341454568289,0,0,At-Risk Loyalists
3275,46,Female,Sweater,Clothing,20,Oklahoma,M,Cyan,Spring,3.9,No,Store Pickup,0,No,14,Cash,Fortnightly,0,0,0,26,520,1408.1861045731491,Mid,0,Neutral,46-55,0.5022008803521409,0,0.4021356768342145,0,0,Growth Prospects
3276,43,Female,Pants,Clothing,88,Alabama,Xl,Green,Summer,2.6,No,2-Day Shipping,0,No,2,Debit Card,Weekly,0,0,0,52,4576,5027.24983294527,Premium,0,Detractor,36-45,0.6081632653061224,1,0.33517988175464336,0,0,Champions
3277,39,Female,Scarf,Accessories,99,South Dakota,M,White,Summer,4.0,No,Store Pickup,0,No,41,Paypal,Every 3 Months,0,0,0,4,396,1480.117168840214,Mid,0,Promoter,36-45,0.5500600240096039,1,0.41590548386373094,0,0,At-Risk Loyalists
3278,59,Female,Skirt,Clothing,86,Texas,M,Blue,Spring,4.9,No,Store Pickup,0,No,3,Credit Card,Monthly,0,0,0,12,1032,1430.655780675727,Mid,0,Promoter,56+,0.3026010404161665,0,0.5226885254695364,1,0,Growth Prospects
3279,59,Female,Dress,Clothing,70,Montana,M,Black,Summer,3.3,No,2-Day Shipping,0,No,18,Bank Transfer,Weekly,0,0,0,52,3640,10717.757884165843,Premium,0,Neutral,56+,0.7387755102040816,1,0.5591903383381629,1,1,Champions
3280,59,Female,Hat,Accessories,50,Wyoming,S,Red,Fall,3.0,No,Express,0,No,1,Debit Card,Fortnightly,0,0,0,26,1300,901.0913347279288,Mid,0,Neutral,56+,0.39607843137254906,0,0.28165901049474495,0,0,Growth Prospects
3281,45,Female,Handbag,Accessories,57,New York,L,Red,Winter,2.7,No,Next Day Air,0,No,5,Paypal,Monthly,0,0,0,12,684,1225.5634769519895,Mid,0,Detractor,36-45,0.3189275710284114,0,0.2536423913058272,0,0,Growth Prospects
3282,27,Female,Pants,Clothing,69,Oregon,L,Gold,Winter,3.1,No,Free Shipping,0,No,41,Bank Transfer,Annually,0,0,0,1,69,257.8992036615524,Low,0,Neutral,26-35,0.526530612244898,0,0.2778337760638378,0,0,At-Risk Loyalists
3283,24,Female,T-Shirt,Clothing,94,California,M,Red,Fall,4.8,No,Next Day Air,0,No,5,Credit Card,Monthly,0,0,0,12,1128,2021.104681289246,High,0,Promoter,18-25,0.3189275710284114,0,0.5252160543685429,1,0,Growth Prospects
3284,47,Female,Jacket,Outerwear,24,North Carolina,L,Purple,Spring,2.9,No,Express,0,No,10,Debit Card,Every 3 Months,0,0,0,4,96,230.19794618864358,Low,0,Detractor,46-55,0.29699879951980795,0,0.25315220850048326,0,0,Growth Prospects
3285,70,Female,Scarf,Accessories,79,Kentucky,L,White,Spring,4.5,No,2-Day Shipping,0,No,20,Venmo,Annually,0,0,0,1,79,240.5172725801504,Low,0,Promoter,56+,0.35510204081632657,0,0.44540610737677067,1,0,Growth Prospects
3286,58,Female,Hat,Accessories,31,Hawaii,Xl,Magenta,Fall,4.6,No,Free Shipping,0,No,11,Cash,Weekly,0,0,0,52,1612,4005.6695194582567,High,0,Promoter,56+,0.6816326530612244,1,0.5500447049232227,1,1,Growth Prospects
3287,45,Female,Jacket,Outerwear,67,Illinois,L,Pink,Winter,5.0,No,Express,0,No,4,Venmo,Fortnightly,0,0,0,26,1742,2803.6408434602026,High,0,Promoter,36-45,0.42056822729091636,0,0.5684697386393471,1,0,Growth Prospects
3288,24,Female,Skirt,Clothing,63,West Virginia,L,Black,Spring,4.3,No,2-Day Shipping,0,No,38,Credit Card,Weekly,0,0,0,52,3276,12001.827952720721,Premium,0,Promoter,18-25,0.9020408163265305,1,0.7107838682946028,1,1,Champions
3289,67,Female,Handbag,Accessories,61,South Carolina,Xl,White,Spring,4.9,No,Next Day Air,0,No,19,Credit Card,Bi-Weekly,0,0,0,26,1586,4751.2313858566295,Premium,0,Promoter,56+,0.5430172068827531,0,0.60438866584659,1,0,Champions
3290,31,Female,Backpack,Accessories,50,Montana,M,Maroon,Summer,4.0,No,2-Day Shipping,0,No,16,Venmo,Every 3 Months,0,0,0,4,200,566.6426688112432,Mid,0,Promoter,26-35,0.3459783913565426,0,0.3934301651970566,0,0,Growth Prospects
3291,52,Female,Coat,Outerwear,82,North Dakota,L,Black,Spring,3.1,No,Free Shipping,0,No,2,Paypal,Monthly,0,0,0,12,984,1081.0344920494201,Mid,0,Neutral,46-55,0.29443777511004404,0,0.29808636977249137,0,0,Growth Prospects
3292,29,Female,Belt,Accessories,51,New Mexico,L,Olive,Fall,2.6,No,2-Day Shipping,0,No,11,Cash,Monthly,0,0,0,12,612,1520.7628696702561,Mid,0,Detractor,26-35,0.3679071628651461,0,0.24890553923315456,0,0,Growth Prospects
3293,62,Female,Handbag,Accessories,23,Missouri,L,Gray,Spring,4.9,No,Standard,0,No,18,Bank Transfer,Fortnightly,0,0,0,26,598,1760.7745095415312,High,0,Promoter,56+,0.5348539415766307,0,0.5308108360856085,1,0,Growth Prospects
3294,19,Female,Coat,Outerwear,91,West Virginia,M,Gold,Spring,3.5,No,2-Day Shipping,0,No,47,Credit Card,Fortnightly,0,0,0,26,2366,9159.26159180807,Premium,0,Neutral,18-25,0.7715886354541817,1,0.5448447678701744,1,1,Champions
3295,62,Female,Sweater,Clothing,60,South Carolina,S,Magenta,Spring,4.5,No,Store Pickup,0,No,15,Bank Transfer,Bi-Weekly,0,0,0,26,1560,4325.2384066940585,High,0,Promoter,56+,0.5103641456582633,0,0.5459074450176111,1,0,Growth Prospects
3296,70,Female,Blouse,Clothing,34,West Virginia,S,Lavender,Summer,2.8,No,Next Day Air,0,No,15,Cash,Weekly,0,0,0,52,1768,4901.936860919933,Premium,0,Detractor,56+,0.7142857142857144,1,0.35609665504251486,0,0,Champions
3297,20,Female,Blouse,Clothing,23,Alaska,M,Green,Spring,4.2,No,Next Day Air,0,No,47,Venmo,Quarterly,0,0,0,4,92,356.150493003526,Low,0,Promoter,18-25,0.5990396158463387,1,0.4122511714452113,0,0,At-Risk Loyalists
3298,67,Female,Belt,Accessories,82,West Virginia,M,Violet,Fall,4.1,No,Free Shipping,0,No,47,Paypal,Monthly,0,0,0,12,984,3809.2617947333647,High,0,Promoter,56+,0.6617847138855544,1,0.48521224796722845,1,1,Growth Prospects
3299,65,Female,Jacket,Outerwear,73,New Mexico,M,Brown,Fall,3.5,No,Express,0,No,6,Bank Transfer,Every 3 Months,0,0,0,4,292,568.2057635241515,Mid,0,Neutral,56+,0.26434573829531816,0,0.33346862390803067,0,0,Growth Prospects
3300,45,Female,Shorts,Clothing,32,South Dakota,L,Teal,Spring,4.0,No,2-Day Shipping,0,No,18,Venmo,Monthly,0,0,0,12,384,1130.664567999913,Mid,0,Promoter,36-45,0.42505002000800324,0,0.40730747859644123,0,0,Growth Prospects
3301,26,Female,Hat,Accessories,80,Oklahoma,M,Charcoal,Spring,4.0,No,Express,0,No,40,Bank Transfer,Bi-Weekly,0,0,0,26,2080,7724.22989874496,Premium,0,Promoter,26-35,0.7144457783113245,1,0.5695369463630084,1,1,Champions
3302,36,Female,Pants,Clothing,58,Oklahoma,Xl,Charcoal,Summer,2.5,No,Free Shipping,0,No,31,Credit Card,Fortnightly,0,0,0,26,1508,5226.329741421988,Premium,0,Detractor,36-45,0.6409763905562225,1,0.3280780856815233,0,0,Champions
3303,36,Female,Blouse,Clothing,82,Alabama,Xl,Beige,Winter,4.2,No,Standard,0,No,31,Venmo,Bi-Weekly,0,0,0,26,2132,7388.948944769017,Premium,0,Promoter,36-45,0.6409763905562225,1,0.5852876232749125,1,1,Champions
3304,20,Female,Belt,Accessories,60,Mississippi,S,Turquoise,Summer,3.4,No,Next Day Air,0,No,4,Credit Card,Fortnightly,0,0,0,26,1560,2510.7231433971965,High,0,Neutral,18-25,0.42056822729091636,0,0.3692627299578606,0,0,Growth Prospects
3305,30,Female,Handbag,Accessories,79,Mississippi,Xl,Orange,Fall,4.8,No,Next Day Air,0,No,36,Bank Transfer,Every 3 Months,0,0,0,4,316,1141.050060395575,Mid,0,Promoter,26-35,0.5092436974789916,0,0.503563005435007,1,0,At-Risk Loyalists
3306,34,Female,Hoodie,Clothing,41,Nebraska,L,Cyan,Summer,4.9,No,Standard,0,No,31,Paypal,Bi-Weekly,0,0,0,26,1066,3694.4744723845083,High,0,Promoter,26-35,0.6409763905562225,1,0.5783879965528727,1,1,Growth Prospects
3307,63,Female,Jacket,Outerwear,39,Colorado,L,Orange,Summer,3.6,No,Store Pickup,0,No,6,Venmo,Fortnightly,0,0,0,26,1014,1973.1528911420876,High,0,Neutral,56+,0.4368947579031613,0,0.38003623844137613,0,0,Growth Prospects
3308,18,Female,Scarf,Accessories,36,Pennsylvania,S,Green,Winter,4.0,No,Store Pickup,0,No,1,Cash,Monthly,0,0,0,12,432,299.4395820018964,Low,0,Promoter,18-25,0.2862745098039216,0,0.3868558442668405,0,0,Growth Prospects
3309,55,Female,Jeans,Clothing,70,Utah,M,Pink,Fall,2.6,No,Express,0,No,29,Cash,Monthly,0,0,0,12,840,2857.0058005962105,High,0,Detractor,46-55,0.5148459383753501,0,0.2817827412652849,0,0,Growth Prospects
3310,48,Female,Handbag,Accessories,47,Massachusetts,M,Blue,Summer,3.1,No,Store Pickup,0,No,19,Paypal,Monthly,0,0,0,12,564,1689.593002284451,High,0,Neutral,46-55,0.4332132853141257,0,0.3130594713143682,0,0,Growth Prospects
3311,45,Female,Jacket,Outerwear,27,Iowa,M,Pink,Winter,3.6,No,Free Shipping,0,No,12,Paypal,Fortnightly,0,0,0,26,702,1800.5944489379988,High,0,Neutral,36-45,0.48587434973989596,0,0.37579057424709505,0,0,Growth Prospects
3312,29,Female,Hat,Accessories,52,Florida,L,Blue,Summer,4.0,No,Express,0,No,18,Bank Transfer,Annually,0,0,0,1,52,153.1108269166549,Low,0,Promoter,26-35,0.33877551020408164,0,0.38325554080950897,0,0,Growth Prospects
3313,55,Female,Sneakers,Footwear,75,Louisiana,L,Black,Summer,3.9,No,Next Day Air,0,No,45,Cash,Quarterly,0,0,0,4,300,1148.5924189467285,Mid,0,Neutral,46-55,0.5827130852340936,1,0.3957485792106626,0,0,At-Risk Loyalists
3314,55,Female,Hat,Accessories,30,Kansas,Xl,Black,Fall,3.9,No,Express,0,No,45,Credit Card,Monthly,0,0,0,12,360,1378.3109027360742,Mid,0,Neutral,46-55,0.6454581832733094,1,0.40140062108662855,0,0,At-Risk Loyalists
3315,55,Female,Socks,Clothing,94,Kansas,M,Violet,Spring,3.3,No,Standard,0,No,8,Credit Card,Quarterly,0,0,0,4,376,826.1564410784185,Mid,0,Neutral,46-55,0.280672268907563,0,0.31581529661551494,0,0,Growth Prospects
3316,48,Female,Scarf,Accessories,68,Kentucky,S,Gold,Summer,2.9,No,Standard,0,No,4,Paypal,Every 3 Months,0,0,0,4,272,437.76711218207527,Low,0,Detractor,46-55,0.24801920768307323,0,0.2582592839042633,0,0,Growth Prospects
3317,42,Female,Socks,Clothing,45,New Mexico,M,Olive,Summer,3.1,No,Free Shipping,0,No,5,Debit Card,Fortnightly,0,0,0,26,1170,2096.3585789968242,High,0,Neutral,36-45,0.4287314925970388,0,0.32306761709069165,0,0,Growth Prospects
3318,21,Female,Hat,Accessories,67,North Carolina,Xl,Pink,Summer,4.7,No,Standard,0,No,30,Cash,Quarterly,0,0,0,4,268,920.3085708020192,Mid,0,Promoter,18-25,0.4602641056422569,0,0.48613183541174504,1,0,At-Risk Loyalists
3319,45,Female,Jacket,Outerwear,46,North Dakota,M,Olive,Summer,3.9,No,Free Shipping,0,No,15,Paypal,Monthly,0,0,0,12,552,1530.4689746763593,Mid,0,Neutral,36-45,0.4005602240896359,0,0.40514435028153895,0,0,Growth Prospects
3320,23,Female,Shorts,Clothing,31,North Dakota,M,Indigo,Summer,4.3,No,Next Day Air,0,No,17,Credit Card,Every 3 Months,0,0,0,4,124,358.4060979791244,Low,0,Promoter,18-25,0.35414165666266506,0,0.4243066688242964,0,0,Growth Prospects
3321,66,Female,Blouse,Clothing,44,Illinois,Xl,Silver,Fall,4.2,No,2-Day Shipping,0,No,45,Cash,Every 3 Months,0,0,0,4,176,673.8408857820807,Mid,0,Promoter,56+,0.5827130852340936,1,0.4200676926669996,0,0,At-Risk Loyalists
3322,32,Female,Coat,Outerwear,100,Maine,S,Charcoal,Winter,4.3,No,Next Day Air,0,No,3,Venmo,Annually,0,0,0,1,100,138.62943611198907,Low,0,Promoter,26-35,0.2163265306122449,0,0.4188992376252808,0,0,Growth Prospects
3323,52,Female,Sweater,Clothing,92,Indiana,Xl,Orange,Winter,4.6,No,Next Day Air,0,No,43,Paypal,Weekly,0,0,0,52,4784,18103.56320866496,Premium,0,Promoter,46-55,0.9428571428571428,1,0.8969122454881413,1,1,Champions
3324,54,Female,Handbag,Accessories,78,North Dakota,M,Yellow,Winter,3.8,No,Free Shipping,0,No,4,Credit Card,Monthly,0,0,0,12,936,1506.433886038318,Mid,0,Neutral,46-55,0.31076430572228897,0,0.39255298590704946,0,0,Growth Prospects
3325,37,Female,T-Shirt,Clothing,32,Missouri,S,Red,Fall,3.3,No,Standard,0,No,41,Venmo,Weekly,0,0,0,52,1664,6219.482244823525,Premium,0,Neutral,36-45,0.926530612244898,1,0.44851381869634416,1,1,Champions
3326,29,Female,Sandals,Footwear,97,Alaska,M,Maroon,Fall,3.7,No,2-Day Shipping,0,No,16,Venmo,Monthly,0,0,0,12,1164,3297.8603324814358,High,0,Neutral,26-35,0.4087234893957583,0,0.4246296188622553,1,0,Growth Prospects
3327,47,Female,Gloves,Accessories,95,North Dakota,M,Magenta,Summer,4.3,No,Standard,0,No,10,Debit Card,Annually,0,0,0,1,95,227.80005091584522,Low,0,Promoter,46-55,0.27346938775510204,0,0.42109321018100776,0,0,Growth Prospects
3328,47,Female,Shorts,Clothing,64,Connecticut,M,Black,Spring,4.1,No,Express,0,No,2,Debit Card,Quarterly,0,0,0,4,256,281.2447458990361,Low,0,Promoter,46-55,0.23169267707082836,0,0.39840817469370327,0,0,Growth Prospects
3329,42,Female,Sandals,Footwear,35,Wisconsin,M,Violet,Spring,3.2,No,Free Shipping,0,No,11,Cash,Bi-Weekly,0,0,0,26,910,2261.2650513070803,High,0,Neutral,36-45,0.4777110844337735,0,0.33912501060879485,0,0,Growth Prospects
3330,34,Female,Backpack,Accessories,54,New Jersey,M,Gray,Winter,3.8,No,Express,0,No,1,Debit Card,Bi-Weekly,0,0,0,26,1404,973.1786415061632,Mid,0,Neutral,26-35,0.39607843137254906,0,0.3794326617478579,0,0,Growth Prospects
3331,38,Female,Sneakers,Footwear,96,Missouri,M,Black,Spring,3.2,No,2-Day Shipping,0,No,41,Bank Transfer,Quarterly,0,0,0,4,384,1435.2651334208135,Mid,0,Neutral,36-45,0.5500600240096039,1,0.3188019349536432,0,0,At-Risk Loyalists
3332,55,Female,Sunglasses,Accessories,58,California,M,Pink,Summer,3.5,No,Free Shipping,0,No,39,Paypal,Quarterly,0,0,0,4,232,855.8200333544332,Mid,0,Neutral,46-55,0.533733493397359,0,0.3405451458769673,0,0,At-Risk Loyalists
3333,27,Female,T-Shirt,Clothing,23,Washington,M,Silver,Summer,3.1,No,2-Day Shipping,0,No,1,Paypal,Bi-Weekly,0,0,0,26,598,414.5020139748473,Low,0,Neutral,26-35,0.39607843137254906,0,0.2816868645362324,0,0,Growth Prospects
3334,55,Female,Jeans,Clothing,35,Minnesota,M,Violet,Spring,4.2,No,Express,0,No,3,Paypal,Monthly,0,0,0,12,420,582.243631670354,Mid,0,Promoter,46-55,0.3026010404161665,0,0.41781401456751455,0,0,Growth Prospects
3335,66,Female,Shirt,Clothing,23,California,M,Beige,Summer,3.4,No,Free Shipping,0,No,21,Credit Card,Annually,0,0,0,1,23,71.09397642724127,Low,0,Neutral,56+,0.363265306122449,0,0.30923758097513143,0,0,Growth Prospects
3336,44,Female,Hat,Accessories,94,Texas,Xl,Cyan,Winter,3.5,No,Express,0,No,48,Bank Transfer,Quarterly,0,0,0,4,376,1463.3244320895956,Mid,0,Neutral,36-45,0.607202881152461,1,0.35549231183786295,0,0,At-Risk Loyalists
3337,39,Female,Blouse,Clothing,45,Montana,M,Brown,Fall,4.0,No,Free Shipping,0,No,24,Debit Card,Annually,0,0,0,1,45,144.84941211906903,Low,0,Promoter,36-45,0.38775510204081637,0,0.38305227522277674,0,0,Growth Prospects
3338,23,Female,Jacket,Outerwear,23,Arizona,L,Blue,Winter,4.4,No,2-Day Shipping,0,No,45,Bank Transfer,Bi-Weekly,0,0,0,26,598,2289.527555100479,High,0,Promoter,18-25,0.7552621048419368,1,0.4838203871946269,1,1,Growth Prospects
3339,29,Female,Skirt,Clothing,94,Minnesota,L,White,Winter,2.9,No,2-Day Shipping,0,No,46,Credit Card,Monthly,0,0,0,12,1128,4342.966494728946,High,0,Detractor,26-35,0.6536214485794318,1,0.35434363062314506,0,0,Growth Prospects
3340,20,Female,Gloves,Accessories,99,Nebraska,M,Cyan,Fall,3.6,No,Store Pickup,0,No,35,Cash,Fortnightly,0,0,0,26,2574,9223.977747586026,Premium,0,Neutral,18-25,0.6736294517807122,1,0.5584370577742117,1,1,Champions
3341,42,Female,T-Shirt,Clothing,36,Virginia,Xl,Maroon,Fall,4.4,No,Free Shipping,0,No,47,Credit Card,Fortnightly,0,0,0,26,936,3623.444146209786,High,0,Promoter,36-45,0.7715886354541817,1,0.5166403514727702,1,1,Growth Prospects
3342,55,Female,Jacket,Outerwear,50,Connecticut,Xl,Olive,Summer,4.5,No,Standard,0,No,35,Credit Card,Monthly,0,0,0,12,600,2150.111363073666,High,0,Promoter,46-55,0.5638255302120849,1,0.4923901618922265,1,1,Growth Prospects
3343,66,Female,Jacket,Outerwear,81,New Jersey,M,Violet,Spring,3.8,No,Free Shipping,0,No,45,Credit Card,Weekly,0,0,0,52,4212,16126.23756201207,Premium,0,Neutral,56+,0.9591836734693877,1,0.752261709523643,1,1,Champions
3344,24,Female,Shorts,Clothing,31,Kentucky,Xl,Green,Winter,3.6,No,2-Day Shipping,0,No,6,Cash,Bi-Weekly,0,0,0,26,806,1568.4035801385824,High,0,Neutral,18-25,0.4368947579031613,0,0.37007770129049544,0,0,Growth Prospects
3345,62,Female,Hat,Accessories,48,Washington,Xl,Magenta,Fall,4.3,No,Free Shipping,0,No,20,Cash,Annually,0,0,0,1,48,146.1370770107243,Low,0,Promoter,56+,0.35510204081632657,0,0.4190839572005166,0,0,Growth Prospects
3346,28,Female,Handbag,Accessories,91,Florida,M,Turquoise,Summer,4.0,No,2-Day Shipping,0,No,3,Venmo,Bi-Weekly,0,0,0,26,2366,3279.972458409661,High,0,Promoter,26-35,0.4124049619847939,0,0.46018950184747304,1,0,Growth Prospects
3347,30,Female,Jeans,Clothing,99,Oklahoma,M,Black,Summer,3.4,No,Express,0,No,30,Venmo,Quarterly,0,0,0,4,396,1359.858932976118,Mid,0,Neutral,26-35,0.4602641056422569,0,0.340946624942927,0,0,At-Risk Loyalists
3348,22,Female,Shoes,Footwear,70,Iowa,Xl,Cyan,Summer,4.4,No,Standard,0,No,28,Paypal,Bi-Weekly,0,0,0,26,1820,6128.478410575383,Premium,0,Promoter,18-25,0.616486594637855,1,0.5782747412239557,1,1,Champions
3349,28,Female,T-Shirt,Clothing,74,New Hampshire,L,Gray,Winter,2.8,No,Standard,0,No,15,Cash,Every 3 Months,0,0,0,4,296,820.6862617829752,Mid,0,Detractor,26-35,0.3378151260504202,0,0.25568070717396507,0,0,Growth Prospects
3350,35,Female,Jewelry,Accessories,79,Georgia,M,Red,Fall,2.8,No,Store Pickup,0,No,29,Paypal,Quarterly,0,0,0,4,316,1074.7783726052412,Mid,0,Detractor,26-35,0.45210084033613446,0,0.26193244289426953,0,0,Growth Prospects
3351,45,Female,Handbag,Accessories,33,Mississippi,S,Olive,Fall,4.9,No,2-Day Shipping,0,No,15,Cash,Bi-Weekly,0,0,0,26,858,2378.8811236817323,High,0,Promoter,36-45,0.5103641456582633,0,0.5460188611835609,1,0,Growth Prospects
3352,43,Female,Shirt,Clothing,49,New Hampshire,L,Cyan,Spring,4.2,No,2-Day Shipping,0,No,18,Bank Transfer,Fortnightly,0,0,0,26,1274,3751.215259458045,High,0,Promoter,36-45,0.5348539415766307,0,0.4957840588083983,1,0,Growth Prospects
3353,55,Female,Belt,Accessories,96,Washington,M,Teal,Summer,2.9,No,Next Day Air,0,No,7,Bank Transfer,Bi-Weekly,0,0,0,26,2496,5190.28608803287,Premium,0,Detractor,46-55,0.4450580232092837,0,0.3751912600549668,0,0,Champions
3354,31,Female,Dress,Clothing,66,Ohio,L,Teal,Fall,4.6,No,Free Shipping,0,No,19,Credit Card,Every 3 Months,0,0,0,4,264,790.8733202182536,Mid,0,Promoter,26-35,0.37046818727491,0,0.470947183291211,1,0,Growth Prospects
3355,42,Female,Skirt,Clothing,45,Maryland,M,Orange,Fall,2.8,No,Next Day Air,0,No,15,Paypal,Weekly,0,0,0,52,2340,6487.857610041088,Premium,0,Detractor,36-45,0.7142857142857144,1,0.39511698261100026,0,0,Champions
3356,40,Female,Blouse,Clothing,28,Delaware,M,Peach,Spring,2.6,No,Store Pickup,0,No,3,Bank Transfer,Bi-Weekly,0,0,0,26,728,1009.2222948952804,Mid,0,Detractor,36-45,0.4124049619847939,0,0.23631948737441444,0,0,Growth Prospects
3357,39,Female,Jeans,Clothing,48,Tennessee,M,Silver,Summer,3.5,No,Store Pickup,0,No,13,Paypal,Bi-Weekly,0,0,0,26,1248,3293.5435473598427,High,0,Neutral,36-45,0.49403761504601845,0,0.4005234077734725,0,0,Growth Prospects
3358,41,Female,Hoodie,Clothing,67,Arkansas,M,Pink,Winter,3.5,No,Free Shipping,0,No,37,Credit Card,Monthly,0,0,0,12,804,2924.619272420014,High,0,Neutral,36-45,0.5801520608243298,1,0.3914463173425065,0,0,Growth Prospects
3359,56,Female,T-Shirt,Clothing,59,Tennessee,M,Magenta,Fall,3.4,No,2-Day Shipping,0,No,26,Cash,Annually,0,0,0,1,59,194.45437509425543,Low,0,Neutral,56+,0.40408163265306124,0,0.3122727661618019,0,0,Growth Prospects
3360,43,Female,Sunglasses,Accessories,74,New Hampshire,L,Red,Fall,3.9,No,Next Day Air,0,No,29,Debit Card,Monthly,0,0,0,12,888,3020.263274915994,High,0,Neutral,36-45,0.5148459383753501,0,0.4417995624901107,1,0,Growth Prospects
3361,22,Female,Jacket,Outerwear,81,Minnesota,M,Maroon,Spring,3.3,No,2-Day Shipping,0,No,47,Cash,Every 3 Months,0,0,0,4,324,1254.2691275341567,Mid,0,Neutral,18-25,0.5990396158463387,1,0.3263486711684265,0,0,At-Risk Loyalists
3362,47,Female,Shoes,Footwear,26,Florida,M,Silver,Spring,4.1,No,Free Shipping,0,No,47,Credit Card,Bi-Weekly,0,0,0,26,676,2616.9318833737343,High,0,Promoter,46-55,0.7715886354541817,1,0.4558759121277875,1,1,Growth Prospects
3363,50,Female,Handbag,Accessories,61,Tennessee,M,Gray,Summer,3.0,No,Next Day Air,0,No,48,Venmo,Fortnightly,0,0,0,26,1586,6172.426992803454,Premium,0,Neutral,46-55,0.7797519007603042,1,0.41135606138176317,0,0,Champions
3364,58,Female,Sweater,Clothing,23,California,M,Turquoise,Winter,3.0,No,Next Day Air,0,No,46,Bank Transfer,Bi-Weekly,0,0,0,26,598,2302.388265822615,High,0,Neutral,56+,0.7634253701480593,1,0.31613681482533873,0,0,Growth Prospects
3365,50,Female,Scarf,Accessories,33,Oregon,M,Peach,Fall,3.2,No,Standard,0,No,7,Credit Card,Monthly,0,0,0,12,396,823.458850505215,Mid,0,Neutral,46-55,0.3352541016406563,0,0.3037489245298541,0,0,Growth Prospects
3366,43,Female,Skirt,Clothing,58,Tennessee,L,Teal,Fall,3.9,No,Express,0,No,45,Credit Card,Every 3 Months,0,0,0,4,232,888.2448039854701,Mid,0,Neutral,36-45,0.5827130852340936,1,0.38934293175123447,0,0,At-Risk Loyalists
3367,38,Female,Gloves,Accessories,65,North Carolina,M,Red,Spring,3.6,No,2-Day Shipping,0,No,47,Debit Card,Quarterly,0,0,0,4,260,1006.5122628360517,Mid,0,Neutral,36-45,0.5990396158463387,1,0.3562528091758154,0,0,At-Risk Loyalists
3368,44,Female,T-Shirt,Clothing,48,Tennessee,M,Blue,Summer,3.1,No,Store Pickup,0,No,6,Venmo,Fortnightly,0,0,0,26,1248,2428.495866021031,High,0,Neutral,36-45,0.4368947579031613,0,0.3312395927361169,0,0,Growth Prospects
3369,30,Female,Sandals,Footwear,25,Nebraska,M,Blue,Spring,4.8,No,Express,0,No,29,Bank Transfer,Every 3 Months,0,0,0,4,100,340.11973816621554,Low,0,Promoter,26-35,0.45210084033613446,0,0.48385674738255324,1,0,Growth Prospects
3370,47,Female,Sweater,Clothing,51,Maine,M,Indigo,Winter,3.8,No,2-Day Shipping,0,No,42,Cash,Monthly,0,0,0,12,612,2301.85447080446,High,0,Neutral,46-55,0.6209683873549421,1,0.4121236812204758,0,0,Growth Prospects
3371,30,Female,Belt,Accessories,31,Illinois,M,Charcoal,Summer,2.8,No,Store Pickup,0,No,46,Cash,Fortnightly,0,0,0,26,806,3103.218966978307,High,0,Detractor,26-35,0.7634253701480593,1,0.31184062177994953,0,0,Growth Prospects
3372,49,Female,Hoodie,Clothing,99,Colorado,S,Turquoise,Winter,4.0,No,Next Day Air,0,No,28,Paypal,Annually,0,0,0,1,99,333.36228716866094,Low,0,Promoter,46-55,0.4204081632653061,0,0.3876904856373818,0,0,Growth Prospects
3373,56,Female,Socks,Clothing,25,Pennsylvania,M,Maroon,Winter,4.6,No,Free Shipping,0,No,14,Credit Card,Every 3 Months,0,0,0,4,100,270.805020110221,Low,0,Promoter,56+,0.32965186074429775,0,0.4581513134853292,1,0,Growth Prospects
3374,70,Female,Sandals,Footwear,52,Minnesota,M,Purple,Spring,3.5,No,Store Pickup,0,No,12,Debit Card,Every 3 Months,0,0,0,4,208,533.5094663519997,Mid,0,Neutral,56+,0.3133253301320528,0,0.3326149489171327,0,0,Growth Prospects
3375,22,Female,Blouse,Clothing,47,Nevada,S,Lavender,Spring,3.7,No,2-Day Shipping,0,No,41,Debit Card,Annually,0,0,0,1,47,175.6704720593183,Low,0,Neutral,18-25,0.526530612244898,0,0.3478106030620101,0,0,At-Risk Loyalists
3376,51,Female,Boots,Footwear,98,Connecticut,Xl,Yellow,Fall,4.9,No,Express,0,No,8,Credit Card,Annually,0,0,0,1,98,215.32800857894952,Low,0,Promoter,46-55,0.2571428571428572,0,0.4927863454289681,1,0,Growth Prospects
3377,22,Female,Hat,Accessories,46,Ohio,M,Green,Winter,4.1,No,Store Pickup,0,No,24,Cash,Quarterly,0,0,0,4,184,592.2731517757489,Mid,0,Promoter,18-25,0.4112845138055222,0,0.40606078298900344,0,0,Growth Prospects
3378,37,Female,Shirt,Clothing,32,Kentucky,M,Yellow,Winter,4.6,No,Next Day Air,0,No,18,Paypal,Fortnightly,0,0,0,26,832,2449.7732306664784,High,0,Promoter,36-45,0.5348539415766307,0,0.511763105489651,1,0,Growth Prospects
3379,49,Female,Shorts,Clothing,75,Minnesota,L,Gold,Fall,4.5,No,Next Day Air,0,No,6,Cash,Quarterly,0,0,0,4,300,583.773044716594,Mid,0,Promoter,46-55,0.26434573829531816,0,0.45385164456767996,1,0,Growth Prospects
3380,61,Female,Handbag,Accessories,51,Tennessee,L,Turquoise,Summer,5.0,No,Store Pickup,0,No,40,Cash,Weekly,0,0,0,52,2652,9848.393120899826,Premium,0,Promoter,56+,0.9183673469387756,1,0.7418003049093567,1,1,Champions
3381,41,Female,Dress,Clothing,52,North Dakota,L,Blue,Summer,3.8,No,Standard,0,No,6,Paypal,Every 3 Months,0,0,0,4,208,404.74931100350517,Low,0,Neutral,36-45,0.26434573829531816,0,0.36544690698171345,0,0,Growth Prospects
3382,57,Female,Hat,Accessories,66,Minnesota,L,Turquoise,Winter,4.7,No,Standard,0,No,27,Credit Card,Quarterly,0,0,0,4,264,879.7019906862538,Mid,0,Promoter,56+,0.4357743097238896,0,0.48513274257660105,1,0,Growth Prospects
3383,34,Female,Sweater,Clothing,35,Nebraska,M,Maroon,Spring,2.8,No,Express,0,No,2,Bank Transfer,Weekly,0,0,0,52,1820,1999.47436537596,High,0,Detractor,26-35,0.6081632653061224,1,0.2846838575278029,0,0,Growth Prospects
3384,27,Female,Coat,Outerwear,43,Delaware,M,Pink,Fall,2.6,No,Next Day Air,0,No,39,Venmo,Bi-Weekly,0,0,0,26,1118,4124.167229699381,High,0,Detractor,26-35,0.7062825130052022,1,0.3129602475014294,0,0,Growth Prospects
3385,39,Female,Hoodie,Clothing,24,Minnesota,L,Maroon,Summer,3.8,No,Free Shipping,0,No,9,Venmo,Quarterly,0,0,0,4,96,221.0481689274284,Low,0,Neutral,36-45,0.28883553421368546,0,0.360927085456908,0,0,Growth Prospects
3386,62,Female,Jewelry,Accessories,83,Rhode Island,M,Olive,Winter,2.8,No,Standard,0,No,16,Credit Card,Every 3 Months,0,0,0,4,332,940.6268302266637,Mid,0,Detractor,56+,0.3459783913565426,0,0.25863175013876427,0,0,Growth Prospects
3387,34,Female,T-Shirt,Clothing,62,Michigan,M,Lavender,Fall,2.6,No,2-Day Shipping,0,No,36,Cash,Quarterly,0,0,0,4,248,895.5076423357676,Mid,0,Detractor,26-35,0.5092436974789916,0,0.2335216281530961,0,0,At-Risk Loyalists
3388,53,Female,Pants,Clothing,78,New Jersey,S,Pink,Spring,3.4,No,2-Day Shipping,0,No,2,Credit Card,Bi-Weekly,0,0,0,26,2028,2227.9857214189265,High,0,Neutral,46-55,0.4042416966786715,0,0.36230619897888516,0,0,Growth Prospects
3389,35,Female,Sweater,Clothing,61,South Dakota,M,Cyan,Spring,4.5,No,Store Pickup,0,No,21,Credit Card,Weekly,0,0,0,52,3172,9804.786662052578,Premium,0,Promoter,26-35,0.763265306122449,1,0.6807274024271461,1,1,Champions
3390,38,Female,Pants,Clothing,57,North Carolina,L,Maroon,Fall,3.8,No,Free Shipping,0,No,39,Venmo,Annually,0,0,0,1,57,210.26612888449438,Low,0,Neutral,36-45,0.5102040816326531,0,0.3606618018766503,0,0,At-Risk Loyalists
3391,32,Female,Socks,Clothing,70,Oregon,S,Red,Summer,3.0,No,Next Day Air,0,No,38,Paypal,Annually,0,0,0,1,70,256.44931522907524,Low,0,Neutral,26-35,0.5020408163265306,0,0.2657981027039903,0,0,At-Risk Loyalists
3392,47,Female,Hoodie,Clothing,57,Montana,M,Silver,Fall,3.7,No,2-Day Shipping,0,No,6,Debit Card,Every 3 Months,0,0,0,4,228,443.6675139846114,Low,0,Neutral,46-55,0.26434573829531816,0,0.35440445863083664,0,0,Growth Prospects
3393,53,Female,Scarf,Accessories,74,New Jersey,Xl,Blue,Winter,4.4,No,Free Shipping,0,No,6,Venmo,Bi-Weekly,0,0,0,26,1924,3743.931126782423,High,0,Promoter,46-55,0.4368947579031613,0,0.5196048384764791,1,0,Growth Prospects
3394,60,Female,Dress,Clothing,90,Arizona,M,Gold,Fall,3.1,No,Next Day Air,0,No,50,Debit Card,Monthly,0,0,0,12,1080,4246.371683342271,High,0,Neutral,56+,0.6862745098039216,1,0.3759669915736763,0,0,Growth Prospects
3395,31,Female,Sandals,Footwear,98,Vermont,S,Yellow,Spring,4.2,No,Store Pickup,0,No,9,Paypal,Annually,0,0,0,1,98,225.6533391134165,Low,0,Promoter,26-35,0.2653061224489796,0,0.40904039203245124,0,0,Growth Prospects
3396,44,Female,Dress,Clothing,43,Colorado,M,Silver,Winter,3.1,No,Free Shipping,0,No,15,Debit Card,Every 3 Months,0,0,0,4,172,476.88526022524235,Low,0,Neutral,36-45,0.3378151260504202,0,0.28322175504373404,0,0,Growth Prospects
3397,29,Female,Pants,Clothing,37,Tennessee,Xl,Black,Winter,5.0,No,Next Day Air,0,No,5,Paypal,Quarterly,0,0,0,4,148,265.1804014457521,Low,0,Promoter,26-35,0.25618247298919566,0,0.5060129241850714,1,0,Growth Prospects
3398,19,Female,Blouse,Clothing,38,New Jersey,L,Yellow,Summer,2.7,No,Standard,0,No,13,Bank Transfer,Bi-Weekly,0,0,0,26,988,2607.3886416598752,High,0,Detractor,18-25,0.49403761504601845,0,0.28764110820208927,0,0,Growth Prospects
3399,54,Female,Jeans,Clothing,60,Montana,L,Pink,Winter,3.8,No,Standard,0,No,44,Cash,Fortnightly,0,0,0,26,1560,5938.393484041699,Premium,0,Neutral,46-55,0.7470988395358142,1,0.5015978517240951,1,1,Champions
3400,40,Female,Pants,Clothing,55,Montana,Xl,Yellow,Winter,3.3,No,Standard,0,No,36,Debit Card,Annually,0,0,0,1,55,198.60048519543233,Low,0,Neutral,36-45,0.48571428571428577,0,0.30037477792649603,0,0,At-Risk Loyalists
3401,39,Female,Sunglasses,Accessories,51,Nevada,M,Lavender,Fall,4.8,No,Free Shipping,0,No,18,Venmo,Fortnightly,0,0,0,26,1326,3904.3260863746996,High,0,Promoter,36-45,0.5348539415766307,0,0.5715512297870744,1,0,Growth Prospects
3402,44,Female,Backpack,Accessories,71,Nevada,L,Peach,Winter,3.4,No,Standard,0,No,39,Credit Card,Weekly,0,0,0,52,3692,13619.342944588652,Premium,0,Neutral,36-45,0.9102040816326531,1,0.6425815472546634,1,1,Champions
3403,22,Female,Hoodie,Clothing,61,Louisiana,M,Black,Spring,4.4,No,2-Day Shipping,0,No,11,Paypal,Every 3 Months,0,0,0,4,244,606.3172225482721,Mid,0,Promoter,18-25,0.3051620648259304,0,0.4424063262592095,1,0,Growth Prospects
3404,30,Female,Boots,Footwear,65,Illinois,M,Olive,Summer,3.9,No,Standard,0,No,1,Cash,Bi-Weekly,0,0,0,26,1690,1171.4187351463074,Mid,0,Neutral,26-35,0.39607843137254906,0,0.3963102026939186,0,0,Growth Prospects
3405,69,Female,Gloves,Accessories,34,South Carolina,L,Olive,Fall,3.9,No,2-Day Shipping,0,No,34,Credit Card,Annually,0,0,0,1,34,120.88183409064006,Low,0,Neutral,56+,0.46938775510204084,0,0.37046257189352094,0,0,At-Risk Loyalists
3406,28,Female,Blouse,Clothing,87,Washington,M,White,Summer,4.2,No,Store Pickup,0,No,47,Bank Transfer,Bi-Weekly,0,0,0,26,2262,8756.65668667365,Premium,0,Promoter,26-35,0.7715886354541817,1,0.6189389921321814,1,1,Champions
3407,57,Female,Sweater,Clothing,79,Nebraska,M,Red,Spring,4.0,No,Store Pickup,0,No,24,Venmo,Quarterly,0,0,0,4,316,1017.1647606583514,Mid,0,Promoter,56+,0.4112845138055222,0,0.40451490547203894,0,0,Growth Prospects
3408,46,Female,Dress,Clothing,46,Alabama,S,Purple,Spring,2.6,No,Store Pickup,0,No,20,Cash,Quarterly,0,0,0,4,184,560.1921285411098,Mid,0,Detractor,46-55,0.3786314525810324,0,0.2252714547479539,0,0,Growth Prospects
3409,48,Female,Socks,Clothing,72,Montana,L,Purple,Summer,4.4,No,Standard,0,No,11,Bank Transfer,Annually,0,0,0,1,72,178.91327878473604,Low,0,Promoter,46-55,0.28163265306122454,0,0.43189038976051775,1,0,Growth Prospects
3410,24,Female,Shirt,Clothing,93,Minnesota,M,Teal,Summer,3.2,No,Next Day Air,0,No,3,Credit Card,Every 3 Months,0,0,0,4,372,515.7015023365993,Low,0,Neutral,18-25,0.2398559423769508,0,0.29617679802617947,0,0,Growth Prospects
3411,50,Female,Sandals,Footwear,76,Ohio,L,Teal,Summer,4.3,No,Free Shipping,0,No,38,Bank Transfer,Bi-Weekly,0,0,0,26,1976,7239.197812752181,Premium,0,Promoter,46-55,0.6981192476990796,1,0.593603114935964,1,1,Champions
3412,29,Female,Shoes,Footwear,56,New York,L,Gray,Winter,4.9,No,2-Day Shipping,0,No,45,Cash,Weekly,0,0,0,52,2912,11149.003746576245,Premium,0,Promoter,26-35,0.9591836734693877,1,0.7618008022110474,1,1,Champions
3413,61,Female,Sandals,Footwear,83,Indiana,M,Magenta,Fall,3.8,No,Store Pickup,0,No,31,Venmo,Quarterly,0,0,0,4,332,1150.6243197295091,Mid,0,Neutral,56+,0.4684273709483794,0,0.38379857252475136,0,0,At-Risk Loyalists
3414,34,Female,Gloves,Accessories,90,Delaware,Xl,Black,Winter,2.5,No,Express,0,No,16,Paypal,Bi-Weekly,0,0,0,26,2340,6629.719225091546,Premium,0,Detractor,26-35,0.5185274109643858,0,0.36260737561565126,0,0,Champions
3415,27,Female,Boots,Footwear,94,Connecticut,M,Maroon,Spring,4.9,No,Next Day Air,0,No,3,Bank Transfer,Quarterly,0,0,0,4,376,521.2466797810789,Low,0,Promoter,26-35,0.2398559423769508,0,0.5003132327379574,1,0,Growth Prospects
3416,38,Female,Blouse,Clothing,68,New York,M,Gold,Fall,3.0,No,2-Day Shipping,0,No,15,Bank Transfer,Annually,0,0,0,1,68,188.53603311230512,Low,0,Neutral,36-45,0.3142857142857143,0,0.2641271500312821,0,0,Growth Prospects
3417,25,Female,Sandals,Footwear,53,Alabama,M,Purple,Spring,3.2,No,Store Pickup,0,No,11,Bank Transfer,Every 3 Months,0,0,0,4,212,526.8002097550561,Mid,0,Neutral,18-25,0.3051620648259304,0,0.29644987295712727,0,0,Growth Prospects
3418,54,Female,Coat,Outerwear,35,Massachusetts,M,Blue,Summer,2.9,No,2-Day Shipping,0,No,22,Debit Card,Fortnightly,0,0,0,26,910,2853.2997364955263,High,0,Detractor,46-55,0.5675070028011204,1,0.3176915564849113,0,0,Growth Prospects
3419,53,Female,Jacket,Outerwear,30,South Carolina,M,Beige,Summer,2.8,No,Free Shipping,0,No,35,Debit Card,Annually,0,0,0,1,30,107.5055681536833,Low,0,Detractor,46-55,0.4775510204081633,0,0.23813345943390246,0,0,At-Risk Loyalists
3420,23,Female,Jewelry,Accessories,26,West Virginia,L,Indigo,Winter,3.1,No,Store Pickup,0,No,5,Venmo,Bi-Weekly,0,0,0,26,676,1211.229401198165,Mid,0,Neutral,18-25,0.4287314925970388,0,0.3012897126920846,0,0,Growth Prospects
3421,19,Female,Hat,Accessories,60,Kentucky,M,Purple,Winter,3.4,No,Express,0,No,35,Paypal,Bi-Weekly,0,0,0,26,1560,5590.289543991532,Premium,0,Neutral,18-25,0.6736294517807122,1,0.44503302919045645,1,1,Champions
3422,57,Female,Shoes,Footwear,30,New Jersey,M,Maroon,Summer,2.9,No,Free Shipping,0,No,27,Paypal,Weekly,0,0,0,52,1560,5198.239035873318,Premium,0,Detractor,56+,0.8122448979591836,1,0.37538693605582707,0,0,Champions
3423,19,Female,Coat,Outerwear,91,New York,L,Beige,Winter,3.2,No,Next Day Air,0,No,9,Venmo,Monthly,0,0,0,12,1092,2514.422921549498,High,0,Neutral,18-25,0.35158063225290115,0,0.34535376007743845,0,0,Growth Prospects
3424,33,Female,Boots,Footwear,71,Massachusetts,M,Brown,Spring,3.8,No,Next Day Air,0,No,21,Paypal,Bi-Weekly,0,0,0,26,1846,5706.064368899451,Premium,0,Neutral,26-35,0.5593437374949981,1,0.4958815773254086,1,1,Champions
3425,33,Female,Scarf,Accessories,64,Florida,L,Green,Summer,3.6,No,2-Day Shipping,0,No,23,Credit Card,Monthly,0,0,0,12,768,2440.7453417072225,High,0,Neutral,26-35,0.4658663465386155,0,0.39154098141148563,0,0,Growth Prospects
3426,38,Female,Hat,Accessories,54,Michigan,M,Blue,Summer,4.3,No,Next Day Air,0,No,3,Debit Card,Bi-Weekly,0,0,0,26,1404,1946.3572830123264,High,0,Promoter,36-45,0.4124049619847939,0,0.4633769536648831,1,0,Growth Prospects
3427,47,Female,Socks,Clothing,35,Oregon,Xl,Magenta,Fall,4.8,No,2-Day Shipping,0,No,31,Credit Card,Annually,0,0,0,1,35,121.30075659799043,Low,0,Promoter,46-55,0.4448979591836735,0,0.4784728791509748,1,0,At-Risk Loyalists
3428,39,Female,T-Shirt,Clothing,38,Michigan,Xl,Turquoise,Winter,2.5,No,Store Pickup,0,No,44,Cash,Annually,0,0,0,1,38,144.65317461127214,Low,0,Detractor,36-45,0.5510204081632653,1,0.2030474469538738,0,0,At-Risk Loyalists
3429,32,Female,Jewelry,Accessories,69,Washington,M,Gray,Fall,2.5,No,Next Day Air,0,No,20,Venmo,Monthly,0,0,0,12,828,2520.864578434994,High,0,Detractor,26-35,0.4413765506202481,0,0.26151225195787775,0,0,Growth Prospects
3430,27,Female,Skirt,Clothing,96,Alaska,S,Purple,Winter,4.6,No,Express,0,No,34,Debit Card,Weekly,0,0,0,52,4992,17748.297522955152,Premium,0,Promoter,26-35,0.8693877551020408,1,0.8881712138584579,1,1,Champions
3431,67,Female,Socks,Clothing,73,Montana,M,Lavender,Winter,4.2,No,Next Day Air,0,No,17,Bank Transfer,Every 3 Months,0,0,0,4,292,843.98855330568,Mid,0,Promoter,56+,0.35414165666266506,0,0.4242540416541503,0,0,Growth Prospects
3432,46,Female,Belt,Accessories,49,New Mexico,S,Green,Summer,4.2,No,Express,0,No,20,Venmo,Annually,0,0,0,1,49,149.18159944844774,Low,0,Promoter,46-55,0.35510204081632657,0,0.4071588652707183,0,0,Growth Prospects
3433,36,Female,Boots,Footwear,44,Connecticut,M,Gray,Summer,4.8,No,2-Day Shipping,0,No,46,Paypal,Every 3 Months,0,0,0,4,176,677.6259779009703,Mid,0,Promoter,36-45,0.5908763505402161,1,0.49216082186934956,1,1,At-Risk Loyalists
3434,62,Female,Socks,Clothing,93,Alaska,M,Yellow,Spring,4.5,No,Free Shipping,0,No,28,Paypal,Annually,0,0,0,1,93,313.1585121887421,Low,0,Promoter,56+,0.4204081632653061,0,0.4471933877097122,1,0,Growth Prospects
3435,31,Female,Pants,Clothing,72,Ohio,S,Orange,Summer,3.3,No,2-Day Shipping,0,No,6,Venmo,Fortnightly,0,0,0,26,1872,3642.7437990315466,High,0,Neutral,26-35,0.4368947579031613,0,0.3851152041887589,0,0,Growth Prospects
3436,68,Female,Socks,Clothing,91,Montana,M,Beige,Summer,2.7,No,2-Day Shipping,0,No,50,Debit Card,Bi-Weekly,0,0,0,26,2366,9302.699447025754,Premium,0,Detractor,56+,0.7960784313725491,1,0.4523739430193215,1,1,Champions
3437,57,Female,Belt,Accessories,83,Nebraska,L,Peach,Winter,2.8,No,2-Day Shipping,0,No,41,Bank Transfer,Monthly,0,0,0,12,996,3722.718939810235,High,0,Detractor,56+,0.6128051220488195,1,0.32708292936812206,0,0,Growth Prospects
3438,22,Female,Jacket,Outerwear,62,Oklahoma,S,Green,Winter,3.5,No,2-Day Shipping,0,No,50,Paypal,Annually,0,0,0,1,62,243.7731892289082,Low,0,Neutral,18-25,0.6000000000000001,1,0.32548621663458865,0,0,At-Risk Loyalists
3439,26,Female,Shirt,Clothing,71,Kentucky,M,Violet,Fall,3.0,No,Store Pickup,0,No,33,Credit Card,Monthly,0,0,0,12,852,3004.45916697297,High,0,Neutral,26-35,0.5474989995998399,1,0.3334107148952947,0,0,Growth Prospects
3440,43,Female,Gloves,Accessories,93,Idaho,M,Gray,Summer,4.5,No,Express,0,No,25,Venmo,Quarterly,0,0,0,4,372,1212.0119121439914,Mid,0,Promoter,36-45,0.41944777911164466,0,0.4693089657559271,1,0,Growth Prospects
3441,45,Female,Handbag,Accessories,63,Maryland,L,Magenta,Fall,4.3,No,2-Day Shipping,0,No,2,Paypal,Weekly,0,0,0,52,3276,3599.0538576767276,High,0,Promoter,36-45,0.6081632653061224,1,0.5040402476853789,1,1,Growth Prospects
3442,64,Female,Sweater,Clothing,96,Tennessee,Xl,Charcoal,Fall,4.1,No,Standard,0,No,15,Credit Card,Annually,0,0,0,1,96,266.168517335019,Low,0,Promoter,56+,0.3142857142857143,0,0.398037235996173,0,0,Growth Prospects
3443,28,Female,Skirt,Clothing,78,Michigan,M,Violet,Spring,4.3,No,Next Day Air,0,No,12,Paypal,Weekly,0,0,0,52,4056,10403.434593863993,Premium,0,Promoter,26-35,0.689795918367347,1,0.6714566620136813,1,1,Champions
3444,47,Female,Dress,Clothing,24,Tennessee,L,Silver,Summer,5.0,No,Free Shipping,0,No,28,Cash,Bi-Weekly,0,0,0,26,624,2101.19259791156,High,0,Promoter,46-55,0.616486594637855,1,0.5511865543084749,1,1,Growth Prospects
3445,53,Female,Pants,Clothing,63,Rhode Island,S,Green,Summer,3.8,No,2-Day Shipping,0,No,12,Bank Transfer,Bi-Weekly,0,0,0,26,1638,4201.387047521997,High,0,Neutral,46-55,0.48587434973989596,0,0.45886018013544466,1,0,Growth Prospects
3446,42,Female,Hat,Accessories,58,Florida,M,Magenta,Fall,4.9,No,Standard,0,No,3,Debit Card,Annually,0,0,0,1,58,80.40507294495366,Low,0,Promoter,36-45,0.2163265306122449,0,0.4894666731516127,1,0,Growth Prospects
3447,51,Female,Boots,Footwear,55,Louisiana,S,Purple,Spring,5.0,No,2-Day Shipping,0,No,20,Cash,Weekly,0,0,0,52,2860,8707.33417188899,Premium,0,Promoter,46-55,0.7551020408163265,1,0.7137254506078237,1,1,Champions
3448,62,Female,Sandals,Footwear,58,Arkansas,M,Blue,Fall,4.3,No,Express,0,No,3,Bank Transfer,Bi-Weekly,0,0,0,26,1508,2090.5318965687948,High,0,Promoter,56+,0.4124049619847939,0,0.466924256171109,1,0,Growth Prospects
3449,18,Female,Coat,Outerwear,28,Kentucky,S,Yellow,Winter,4.1,No,Express,0,No,32,Bank Transfer,Fortnightly,0,0,0,26,728,2545.457504747598,High,0,Promoter,18-25,0.649139655862345,1,0.4541173414878036,1,1,Growth Prospects
3450,48,Female,Blouse,Clothing,37,Kansas,M,Brown,Spring,4.5,No,Standard,0,No,35,Cash,Monthly,0,0,0,12,444,1591.0824086745129,High,0,Promoter,46-55,0.5638255302120849,1,0.47863569595626415,1,1,Growth Prospects
3451,20,Female,Shorts,Clothing,78,Vermont,M,Pink,Spring,3.6,No,Store Pickup,0,No,31,Paypal,Monthly,0,0,0,12,936,3243.928805020544,High,0,Neutral,18-25,0.5311724689875951,0,0.41130267622091654,0,0,Growth Prospects
3452,32,Female,Blouse,Clothing,73,Nevada,Xl,Silver,Fall,3.0,No,Free Shipping,0,No,13,Credit Card,Annually,0,0,0,1,73,192.65118506191385,Low,0,Neutral,26-35,0.2979591836734694,0,0.2642284000951058,0,0,Growth Prospects
3453,26,Female,Jacket,Outerwear,20,Oklahoma,M,Indigo,Spring,3.7,No,Next Day Air,0,No,3,Venmo,Fortnightly,0,0,0,26,520,720.8730677823431,Mid,0,Neutral,26-35,0.4124049619847939,0,0.36122488236196254,0,0,Growth Prospects
3454,31,Female,Shirt,Clothing,60,Alabama,L,Pink,Winter,4.3,No,Standard,0,No,48,Venmo,Bi-Weekly,0,0,0,26,1560,6071.239665052577,Premium,0,Promoter,26-35,0.7797519007603042,1,0.564866427094043,1,1,Champions
3455,55,Female,Handbag,Accessories,71,Louisiana,S,Lavender,Fall,4.6,No,Store Pickup,0,No,15,Paypal,Bi-Weekly,0,0,0,26,1846,5118.198781254636,Premium,0,Promoter,46-55,0.5103641456582633,0,0.5774176088018538,1,0,Champions
3456,49,Female,T-Shirt,Clothing,89,Ohio,M,Orange,Fall,4.7,No,Standard,0,No,13,Venmo,Annually,0,0,0,1,89,234.876102335758,Low,0,Promoter,46-55,0.2979591836734694,0,0.4692673108379602,1,0,Growth Prospects
3457,42,Female,Hoodie,Clothing,53,Texas,M,Red,Fall,4.6,No,Express,0,No,21,Venmo,Monthly,0,0,0,12,636,1965.903000335889,High,0,Promoter,36-45,0.4495398159263706,0,0.49985786060361187,1,0,Growth Prospects
3458,64,Female,Jewelry,Accessories,87,Maryland,M,Gray,Summer,3.0,No,Express,0,No,29,Cash,Fortnightly,0,0,0,26,2262,7693.508477319796,Premium,0,Neutral,56+,0.6246498599439776,1,0.44878107005075024,1,1,Champions
3459,68,Female,Jewelry,Accessories,37,West Virginia,L,Violet,Spring,3.4,No,Standard,0,No,24,Venmo,Quarterly,0,0,0,4,148,476.3936220804937,Low,0,Neutral,56+,0.4112845138055222,0,0.3192096586754483,0,0,Growth Prospects
3460,68,Female,Hoodie,Clothing,37,Ohio,L,Green,Fall,3.8,No,Express,0,No,21,Paypal,Annually,0,0,0,1,37,114.36857077425769,Low,0,Neutral,56+,0.363265306122449,0,0.3583023181934001,0,0,Growth Prospects
3461,41,Female,Scarf,Accessories,78,Indiana,M,Gold,Spring,3.1,No,Express,0,No,5,Bank Transfer,Bi-Weekly,0,0,0,26,2028,3633.6882035944955,High,0,Neutral,36-45,0.4287314925970388,0,0.36089239841458814,0,0,Growth Prospects
3462,51,Female,Shoes,Footwear,23,Wyoming,S,Maroon,Spring,4.4,No,Standard,0,No,47,Cash,Quarterly,0,0,0,4,92,356.150493003526,Low,0,Promoter,46-55,0.5990396158463387,1,0.4362511714452113,1,1,At-Risk Loyalists
3463,44,Female,Jeans,Clothing,73,Michigan,L,Olive,Spring,4.5,No,Standard,0,No,34,Credit Card,Every 3 Months,0,0,0,4,292,1038.1616339549087,Mid,0,Promoter,36-45,0.49291716686674675,0,0.4650315169574487,1,0,At-Risk Loyalists
3464,27,Female,Jewelry,Accessories,27,Maine,M,Yellow,Fall,2.8,No,2-Day Shipping,0,No,45,Paypal,Fortnightly,0,0,0,26,702,2687.7062603353447,High,0,Detractor,26-35,0.7552621048419368,1,0.3016172597796345,0,0,Growth Prospects
3465,36,Female,Coat,Outerwear,59,Utah,S,Peach,Winter,2.7,No,Next Day Air,0,No,12,Paypal,Annually,0,0,0,1,59,151.33201209023068,Low,0,Detractor,36-45,0.28979591836734697,0,0.22721177447550445,0,0,Growth Prospects
3466,19,Female,Backpack,Accessories,53,Iowa,M,Gold,Spring,3.4,No,Standard,0,No,31,Debit Card,Weekly,0,0,0,52,2756,9551.568148116046,Premium,0,Neutral,18-25,0.8448979591836736,1,0.5424971608683016,1,1,Champions
3467,49,Female,Socks,Clothing,42,Maryland,S,Purple,Summer,4.6,No,Standard,0,No,43,Bank Transfer,Annually,0,0,0,1,42,158.93596462456696,Low,0,Promoter,46-55,0.5428571428571429,0,0.455398863722473,1,0,At-Risk Loyalists
3468,18,Female,Scarf,Accessories,45,Texas,M,Charcoal,Fall,5.0,No,Next Day Air,0,No,5,Credit Card,Annually,0,0,0,1,45,80.62917611526247,Low,0,Promoter,18-25,0.2326530612244898,0,0.5014721870331351,1,0,Growth Prospects
3469,36,Female,Sunglasses,Accessories,89,Ohio,S,Indigo,Winter,3.5,No,Standard,0,No,36,Debit Card,Quarterly,0,0,0,4,356,1285.4867769013438,Mid,0,Neutral,36-45,0.5092436974789916,0,0.3511167567773075,0,0,At-Risk Loyalists
3470,36,Female,Socks,Clothing,85,North Dakota,L,Magenta,Fall,3.3,No,Store Pickup,0,No,12,Cash,Annually,0,0,0,1,85,218.02069538423063,Low,0,Neutral,36-45,0.28979591836734697,0,0.3008525968612919,0,0,Growth Prospects
3471,19,Female,Coat,Outerwear,69,West Virginia,S,Olive,Summer,4.5,No,Free Shipping,0,No,31,Cash,Bi-Weekly,0,0,0,26,1794,6217.53020962271,Premium,0,Promoter,18-25,0.6409763905562225,1,0.5924657904118267,1,1,Champions
3472,43,Female,Sandals,Footwear,66,North Carolina,S,Blue,Spring,3.1,No,Store Pickup,0,No,31,Cash,Bi-Weekly,0,0,0,26,1716,5947.202809204331,Premium,0,Neutral,36-45,0.6409763905562225,1,0.417814598212653,0,0,Champions
3473,31,Female,Blouse,Clothing,42,Georgia,S,White,Summer,4.0,No,Free Shipping,0,No,15,Debit Card,Weekly,0,0,0,52,2184,6055.333769371682,Premium,0,Promoter,26-35,0.7142857142857144,1,0.5284750750923224,1,1,Champions
3474,63,Female,Dress,Clothing,40,Kansas,M,Cyan,Spring,2.5,No,Express,0,No,11,Cash,Weekly,0,0,0,52,2080,5168.605831559041,Premium,0,Detractor,56+,0.6816326530612244,1,0.3266578344661747,0,0,Champions
3475,41,Female,Pants,Clothing,82,Maine,M,Cyan,Winter,4.4,No,Store Pickup,0,No,18,Venmo,Monthly,0,0,0,12,984,2897.327955499777,High,0,Promoter,36-45,0.42505002000800324,0,0.49877483604270445,1,0,Growth Prospects
3476,48,Female,Sneakers,Footwear,88,South Carolina,M,Orange,Spring,4.4,No,Express,0,No,9,Cash,Quarterly,0,0,0,4,352,810.5099527339041,Mid,0,Promoter,46-55,0.28883553421368546,0,0.447430327126442,1,0,Growth Prospects
3477,68,Female,Boots,Footwear,99,South Carolina,Xl,Orange,Summer,3.2,No,Free Shipping,0,No,11,Cash,Weekly,0,0,0,52,5148,12792.299433108627,Premium,0,Neutral,56+,0.6816326530612244,1,0.5982327948033039,1,1,Champions
3478,53,Female,Handbag,Accessories,85,Kentucky,S,Teal,Spring,3.8,No,Store Pickup,0,No,38,Debit Card,Bi-Weekly,0,0,0,26,2210,8096.471237946518,Premium,0,Neutral,46-55,0.6981192476990796,1,0.554695650540519,1,1,Champions
3479,36,Female,Handbag,Accessories,57,Arizona,M,Magenta,Fall,4.6,No,Store Pickup,0,No,42,Paypal,Quarterly,0,0,0,4,228,857.5536263781322,Mid,0,Promoter,36-45,0.5582232893157264,1,0.4725877995642292,1,1,At-Risk Loyalists
3480,46,Female,Sweater,Clothing,56,New York,S,Orange,Summer,4.9,No,Standard,0,No,41,Cash,Monthly,0,0,0,12,672,2511.713983486424,High,0,Promoter,46-55,0.6128051220488195,1,0.5492871087957509,1,1,Growth Prospects
3481,21,Female,Sandals,Footwear,79,New Hampshire,L,Peach,Winter,3.5,No,Free Shipping,0,No,45,Paypal,Monthly,0,0,0,12,948,3629.552043871662,High,0,Neutral,18-25,0.6454581832733094,1,0.40879063147109496,0,0,Growth Prospects
3482,52,Female,Socks,Clothing,67,Ohio,S,Maroon,Summer,3.4,No,Store Pickup,0,No,41,Debit Card,Bi-Weekly,0,0,0,26,1742,6511.020475049628,Premium,0,Neutral,46-55,0.722609043617447,1,0.46768688661191504,1,1,Champions
3483,66,Female,Gloves,Accessories,61,Hawaii,M,Gold,Winter,3.9,No,Next Day Air,0,No,35,Debit Card,Weekly,0,0,0,52,3172,11366.922072782781,Premium,0,Neutral,56+,0.8775510204081634,1,0.6471625105287342,1,1,Champions
3484,19,Female,Hoodie,Clothing,37,Texas,L,White,Winter,3.9,No,Express,0,No,21,Credit Card,Every 3 Months,0,0,0,4,148,457.47428309703076,Low,0,Neutral,18-25,0.3867947178871549,0,0.37874416328110216,0,0,Growth Prospects
3485,44,Female,Dress,Clothing,75,Illinois,L,Gray,Fall,4.2,No,Free Shipping,0,No,13,Credit Card,Bi-Weekly,0,0,0,26,1950,5146.161792749754,Premium,0,Promoter,36-45,0.49403761504601845,0,0.5301056166162075,1,0,Champions
3486,50,Female,Shirt,Clothing,21,Massachusetts,Xl,Brown,Winter,3.4,No,Standard,0,No,23,Debit Card,Fortnightly,0,0,0,26,546,1735.2173913699785,High,0,Neutral,46-55,0.575670268107243,1,0.35018202337645316,0,0,Growth Prospects
3487,51,Female,Shorts,Clothing,89,North Carolina,L,Charcoal,Winter,4.9,No,Standard,0,No,6,Paypal,Weekly,0,0,0,52,4628,9005.672169827989,Premium,0,Promoter,46-55,0.6408163265306123,1,0.709065821437928,1,1,Champions
3488,25,Female,Sandals,Footwear,24,West Virginia,L,Beige,Fall,2.9,No,Store Pickup,0,No,39,Bank Transfer,Annually,0,0,0,1,24,88.53310689873447,Low,0,Detractor,18-25,0.5102040816326531,0,0.24966665700801913,0,0,At-Risk Loyalists
3489,62,Female,Sweater,Clothing,27,Delaware,Xl,Teal,Spring,4.9,No,Store Pickup,0,No,7,Cash,Quarterly,0,0,0,4,108,224.57968650142226,Low,0,Promoter,56+,0.2725090036014406,0,0.49301397565783867,1,0,Growth Prospects
3490,48,Female,Dress,Clothing,26,Idaho,L,Black,Summer,4.6,No,2-Day Shipping,0,No,32,Paypal,Every 3 Months,0,0,0,4,104,363.63678639251395,Low,0,Promoter,46-55,0.4765906362545019,0,0.4604353657818286,1,0,At-Risk Loyalists
3491,62,Female,Boots,Footwear,82,Oregon,M,Violet,Spring,3.6,No,Store Pickup,0,No,43,Credit Card,Quarterly,0,0,0,4,328,1241.2141999251896,Mid,0,Neutral,56+,0.5663865546218487,1,0.3620274649845948,0,0,At-Risk Loyalists
3492,22,Female,Pants,Clothing,28,Maine,M,Orange,Winter,4.3,No,Express,0,No,15,Cash,Monthly,0,0,0,12,336,931.5898106725665,Mid,0,Promoter,18-25,0.4005602240896359,0,0.43840940140952356,1,0,Growth Prospects
3493,48,Female,Gloves,Accessories,65,South Dakota,M,Turquoise,Fall,4.6,No,Standard,0,No,48,Bank Transfer,Annually,0,0,0,1,65,252.9683193771907,Low,0,Promoter,46-55,0.5836734693877551,1,0.4577124555501332,1,1,At-Risk Loyalists
3494,48,Female,Pants,Clothing,82,New Mexico,Xl,Black,Winter,4.7,No,Store Pickup,0,No,35,Credit Card,Weekly,0,0,0,52,4264,15280.124753576853,Premium,0,Promoter,46-55,0.8775510204081634,1,0.8394437720804706,1,1,Champions
3495,62,Female,Scarf,Accessories,38,Washington,M,Silver,Winter,3.5,No,Free Shipping,0,No,41,Paypal,Quarterly,0,0,0,4,152,568.125781979072,Mid,0,Neutral,56+,0.5500600240096039,1,0.3334666560252786,0,0,At-Risk Loyalists
3496,24,Female,Shorts,Clothing,33,Georgia,Xl,Gray,Spring,2.8,No,Free Shipping,0,No,14,Cash,Weekly,0,0,0,52,1716,4647.0141450913925,High,0,Detractor,18-25,0.7061224489795919,1,0.3498244829419923,0,0,Growth Prospects
3497,39,Female,Shoes,Footwear,38,Idaho,M,Pink,Summer,4.0,No,Free Shipping,0,No,22,Paypal,Monthly,0,0,0,12,456,1429.7853624636923,Mid,0,Promoter,36-45,0.45770308123249304,0,0.4146671095168326,0,0,Growth Prospects
3498,35,Female,Handbag,Accessories,48,Colorado,M,Red,Spring,4.3,No,Store Pickup,0,No,16,Venmo,Every 3 Months,0,0,0,4,192,543.9769620587936,Mid,0,Promoter,26-35,0.3459783913565426,0,0.4288724933824076,1,0,Growth Prospects
3499,47,Female,Sandals,Footwear,35,Kentucky,M,Lavender,Summer,3.8,No,Standard,0,No,2,Bank Transfer,Bi-Weekly,0,0,0,26,910,999.73718268798,Mid,0,Neutral,46-55,0.4042416966786715,0,0.3800861136793178,0,0,Growth Prospects
3500,22,Female,Socks,Clothing,29,New Jersey,L,Indigo,Fall,3.0,No,Next Day Air,0,No,13,Paypal,Every 3 Months,0,0,0,4,116,306.13065023536996,Low,0,Neutral,18-25,0.3214885954381753,0,0.2670204727165269,0,0,Growth Prospects
3501,38,Female,Shirt,Clothing,48,Oregon,S,Silver,Fall,4.6,No,Next Day Air,0,No,38,Debit Card,Fortnightly,0,0,0,26,1248,4572.124934369798,High,0,Promoter,36-45,0.6981192476990796,1,0.5639818930551261,1,1,Growth Prospects
3502,53,Female,Shoes,Footwear,87,Nebraska,M,Silver,Fall,4.8,No,Standard,0,No,43,Bank Transfer,Weekly,0,0,0,52,4524,17119.673903846215,Premium,0,Promoter,46-55,0.9428571428571428,1,0.8967044261589399,1,1,Champions
3503,31,Female,Backpack,Accessories,62,Massachusetts,M,Green,Fall,4.7,No,Next Day Air,0,No,26,Bank Transfer,Quarterly,0,0,0,4,248,817.3675427690737,Mid,0,Promoter,26-35,0.4276110444177671,0,0.48359905271355025,1,0,Growth Prospects
3504,31,Female,Shirt,Clothing,96,Nebraska,M,Pink,Spring,3.9,No,Free Shipping,0,No,39,Cash,Weekly,0,0,0,52,4992,18414.88623493677,Premium,0,Neutral,26-35,0.9102040816326531,1,0.8205721026855897,1,1,Champions
3505,65,Female,Handbag,Accessories,41,Hawaii,S,Violet,Fall,4.0,No,Next Day Air,0,No,50,Venmo,Monthly,0,0,0,12,492,1934.4582113003682,High,0,Promoter,56+,0.6862745098039216,1,0.4270841864025726,1,1,Growth Prospects
3506,48,Female,Jewelry,Accessories,42,Indiana,L,Red,Winter,3.7,No,2-Day Shipping,0,No,40,Bank Transfer,Every 3 Months,0,0,0,4,168,623.8801072063237,Mid,0,Neutral,46-55,0.5418967587034815,0,0.3588384471661239,0,0,At-Risk Loyalists
3507,18,Female,Shirt,Clothing,57,Illinois,L,Olive,Winter,3.7,No,2-Day Shipping,0,No,12,Cash,Fortnightly,0,0,0,26,1482,3801.2549477579973,High,0,Neutral,18-25,0.48587434973989596,0,0.43701524582071977,1,0,Growth Prospects
3508,46,Female,Handbag,Accessories,65,Colorado,S,Purple,Spring,4.2,No,Store Pickup,0,No,33,Credit Card,Every 3 Months,0,0,0,4,260,916.853736400202,Mid,0,Promoter,46-55,0.4847539015606242,0,0.42604683193970616,1,0,At-Risk Loyalists
3509,52,Female,Pants,Clothing,54,Pennsylvania,M,Gray,Fall,4.7,No,Standard,0,No,49,Bank Transfer,Weekly,0,0,0,52,2808,10984.960599242233,Premium,0,Promoter,46-55,0.9918367346938777,1,0.7337646501221831,1,1,Champions
3510,50,Female,T-Shirt,Clothing,22,Ohio,L,Brown,Winter,4.3,No,Next Day Air,0,No,43,Venmo,Bi-Weekly,0,0,0,26,572,2164.556470601245,High,0,Promoter,46-55,0.7389355742296919,1,0.46874557235507625,1,1,Growth Prospects
3511,49,Female,Sneakers,Footwear,96,Pennsylvania,S,Orange,Fall,4.9,No,2-Day Shipping,0,No,14,Venmo,Monthly,0,0,0,12,1152,3119.673831669746,High,0,Promoter,46-55,0.39239695878351344,0,0.5642454807306323,1,0,Growth Prospects
3512,69,Female,Jewelry,Accessories,81,Mississippi,M,Blue,Summer,3.9,No,2-Day Shipping,0,No,21,Credit Card,Every 3 Months,0,0,0,4,324,1001.4977548880944,Mid,0,Neutral,56+,0.3867947178871549,0,0.39212943116790894,0,0,Growth Prospects
3513,36,Female,Shirt,Clothing,46,Kentucky,M,White,Fall,3.4,No,Free Shipping,0,No,31,Debit Card,Quarterly,0,0,0,4,184,637.6954061151497,Mid,0,Neutral,36-45,0.4684273709483794,0,0.3231783616852937,0,0,At-Risk Loyalists
3514,30,Female,Blouse,Clothing,74,Alaska,Xl,Charcoal,Spring,4.2,No,Store Pickup,0,No,29,Credit Card,Fortnightly,0,0,0,26,1924,6543.9037623179875,Premium,0,Promoter,26-35,0.6246498599439776,1,0.5644959539259351,1,1,Champions
3515,25,Female,Sneakers,Footwear,50,Georgia,Xl,Gray,Winter,4.7,No,Express,0,No,32,Cash,Monthly,0,0,0,12,600,2097.904536879888,High,0,Promoter,18-25,0.5393357342937175,0,0.5151056541635011,1,0,Growth Prospects
3516,19,Female,Dress,Clothing,80,South Dakota,Xl,Charcoal,Winter,4.0,No,Next Day Air,0,No,16,Debit Card,Bi-Weekly,0,0,0,26,2080,5893.08375563693,Premium,0,Promoter,18-25,0.5185274109643858,0,0.5244830416395603,1,0,Champions
3517,34,Female,Boots,Footwear,56,South Carolina,S,White,Summer,4.0,No,Free Shipping,0,No,38,Paypal,Bi-Weekly,0,0,0,26,1456,5334.145756764765,Premium,0,Promoter,26-35,0.6981192476990796,1,0.5107308135925084,1,1,Champions
3518,29,Female,Skirt,Clothing,69,Tennessee,M,Orange,Winter,3.1,No,Next Day Air,0,No,34,Debit Card,Every 3 Months,0,0,0,4,276,981.2760649710781,Mid,0,Neutral,26-35,0.49291716686674675,0,0.29563189245736016,0,0,At-Risk Loyalists
3519,50,Female,Shirt,Clothing,97,Colorado,M,Black,Spring,4.2,No,Standard,0,No,30,Paypal,Quarterly,0,0,0,4,388,1332.3870353402367,Mid,0,Promoter,46-55,0.4602641056422569,0,0.43627070059722817,1,0,At-Risk Loyalists
3520,31,Female,Shorts,Clothing,66,Wisconsin,M,White,Winter,3.7,No,Next Day Air,0,No,14,Bank Transfer,Fortnightly,0,0,0,26,1716,4647.0141450913925,High,0,Neutral,26-35,0.5022008803521409,0,0.45782448294199235,1,0,Growth Prospects
3521,41,Female,Hat,Accessories,70,Georgia,S,Brown,Spring,3.1,No,Express,0,No,33,Bank Transfer,Monthly,0,0,0,12,840,2962.142840677576,High,0,Neutral,36-45,0.5474989995998399,1,0.3443695551056545,0,0,Growth Prospects
3522,52,Female,Shoes,Footwear,50,Maryland,M,Pink,Winter,3.7,No,Store Pickup,0,No,35,Venmo,Weekly,0,0,0,52,2600,9317.149239985885,Premium,0,Neutral,46-55,0.8775510204081634,1,0.5727294687635389,1,1,Champions
3523,27,Female,Pants,Clothing,85,New Jersey,M,Yellow,Spring,3.2,No,Store Pickup,0,No,13,Cash,Quarterly,0,0,0,4,340,897.2794920691879,Mid,0,Neutral,26-35,0.3214885954381753,0,0.30556522311648787,0,0,Growth Prospects
3524,49,Female,Backpack,Accessories,59,Nevada,M,Cyan,Summer,2.8,No,Standard,0,No,30,Cash,Fortnightly,0,0,0,26,1534,5267.736371680215,Premium,0,Detractor,46-55,0.6328131252501001,1,0.36509686311859163,0,0,Champions
3525,69,Female,Pants,Clothing,74,Michigan,L,Silver,Summer,2.9,No,Free Shipping,0,No,30,Credit Card,Monthly,0,0,0,12,888,3049.38063758281,High,0,Detractor,56+,0.5230092036814726,0,0.32251597220340766,0,0,Growth Prospects
3526,45,Female,Sunglasses,Accessories,38,Wyoming,L,Olive,Winter,3.5,No,Standard,0,No,47,Bank Transfer,Annually,0,0,0,1,38,147.10563841449985,Low,0,Neutral,36-45,0.5755102040816327,1,0.3231077878889457,0,0,At-Risk Loyalists
3527,20,Female,Sweater,Clothing,99,Massachusetts,M,Olive,Spring,3.8,No,Express,0,No,1,Paypal,Every 3 Months,0,0,0,4,396,274.48628350173834,Low,0,Neutral,18-25,0.2235294117647059,0,0.36224188806383983,0,0,Growth Prospects
3528,25,Female,Blouse,Clothing,97,Washington,S,Charcoal,Spring,4.7,No,Free Shipping,0,No,1,Cash,Weekly,0,0,0,52,5044,3496.234378744364,High,0,Promoter,18-25,0.6000000000000001,1,0.549510455606812,1,1,Growth Prospects
3529,38,Female,Scarf,Accessories,67,Maine,L,Gray,Summer,4.5,No,Free Shipping,0,No,33,Paypal,Annually,0,0,0,1,67,236.26615514928284,Low,0,Promoter,36-45,0.46122448979591835,0,0.44530151198965784,1,0,At-Risk Loyalists
3530,55,Female,T-Shirt,Clothing,20,Montana,S,Maroon,Winter,3.9,No,Next Day Air,0,No,43,Bank Transfer,Weekly,0,0,0,52,1040,3935.5572192749914,High,0,Neutral,46-55,0.9428571428571428,1,0.464319647147639,1,1,Growth Prospects
3531,62,Female,Sunglasses,Accessories,45,Oklahoma,L,Black,Spring,3.4,No,Express,0,No,37,Paypal,Weekly,0,0,0,52,2340,8511.951613759742,Premium,0,Neutral,56+,0.8938775510204082,1,0.5169182170663011,1,1,Champions
3532,54,Female,Shoes,Footwear,52,North Dakota,Xl,Violet,Winter,4.6,No,2-Day Shipping,0,No,23,Cash,Quarterly,0,0,0,4,208,661.0351967123727,Mid,0,Promoter,46-55,0.4031212484993998,0,0.4677526188005929,1,0,Growth Prospects
3533,61,Female,Pants,Clothing,68,Connecticut,L,Indigo,Fall,4.6,No,Standard,0,No,12,Credit Card,Annually,0,0,0,1,68,174.4165563073845,Low,0,Promoter,56+,0.28979591836734697,0,0.45577975145520006,1,0,Growth Prospects
3534,50,Female,Sneakers,Footwear,98,Texas,L,Yellow,Fall,4.7,No,Standard,0,No,30,Venmo,Fortnightly,0,0,0,26,2548,8749.799397028153,Premium,0,Promoter,46-55,0.6328131252501001,1,0.6787702739359238,1,1,Champions
3535,65,Female,Shoes,Footwear,83,Delaware,M,Gray,Fall,3.2,No,Express,0,No,7,Cash,Weekly,0,0,0,52,4316,8974.86969389017,Premium,0,Neutral,56+,0.6489795918367347,1,0.5043079508433979,1,1,Champions
3536,68,Female,Shorts,Clothing,51,Mississippi,M,Red,Summer,5.0,No,Express,0,No,20,Debit Card,Monthly,0,0,0,12,612,1863.247731886735,High,0,Promoter,56+,0.4413765506202481,0,0.5453321087943008,1,0,Growth Prospects
3537,55,Female,Handbag,Accessories,21,Minnesota,L,Peach,Spring,4.5,No,Express,0,No,10,Venmo,Monthly,0,0,0,12,252,604.2696087451894,Mid,0,Promoter,46-55,0.35974389755902364,0,0.4543559463386653,1,0,Growth Prospects
3538,57,Female,Handbag,Accessories,92,Georgia,M,Gray,Spring,3.5,No,Standard,0,No,40,Credit Card,Every 3 Months,0,0,0,4,368,1366.5945205471853,Mid,0,Neutral,56+,0.5418967587034815,0,0.35311234875575614,0,0,At-Risk Loyalists
3539,56,Female,Shoes,Footwear,63,Iowa,S,White,Spring,4.5,No,Store Pickup,0,No,21,Venmo,Monthly,0,0,0,12,756,2336.828094738887,High,0,Promoter,56+,0.4495398159263706,0,0.4969841796173438,1,0,Growth Prospects
3540,29,Female,Jewelry,Accessories,56,New York,S,Green,Spring,3.2,No,Express,0,No,17,Credit Card,Bi-Weekly,0,0,0,26,1456,4208.381279496815,High,0,Neutral,26-35,0.5266906762705081,0,0.38703226768956656,0,0,Growth Prospects
3541,24,Female,Shorts,Clothing,95,Nevada,M,Magenta,Spring,4.6,No,Free Shipping,0,No,5,Bank Transfer,Weekly,0,0,0,52,4940,8851.291777986591,Premium,0,Promoter,18-25,0.6326530612244898,1,0.6692674138169035,1,1,Champions
3542,59,Female,Blouse,Clothing,66,Virginia,M,Olive,Winter,4.0,No,Next Day Air,0,No,22,Paypal,Annually,0,0,0,1,66,206.9426182513239,Low,0,Promoter,56+,0.37142857142857144,0,0.3845800295222275,0,0,Growth Prospects
3543,62,Female,Coat,Outerwear,28,Idaho,S,Olive,Spring,4.2,No,Express,0,No,5,Venmo,Weekly,0,0,0,52,1456,2608.801787196048,High,0,Promoter,56+,0.6326530612244898,1,0.4676758775319905,1,1,Growth Prospects
3544,58,Female,Hat,Accessories,83,Colorado,M,Blue,Winter,4.1,No,Standard,0,No,18,Paypal,Every 3 Months,0,0,0,4,332,977.5537410832582,Mid,0,Promoter,56+,0.3623049219687875,0,0.41554030761776506,0,0,Growth Prospects
3545,64,Female,Socks,Clothing,55,Wisconsin,Xl,Charcoal,Fall,3.6,No,2-Day Shipping,0,No,42,Cash,Every 3 Months,0,0,0,4,220,827.4640254525838,Mid,0,Neutral,56+,0.5582232893157264,1,0.3518474686963908,0,0,At-Risk Loyalists
3546,48,Female,Sandals,Footwear,28,Connecticut,M,Yellow,Spring,3.7,No,2-Day Shipping,0,No,22,Debit Card,Annually,0,0,0,1,28,87.79383804601619,Low,0,Neutral,46-55,0.37142857142857144,0,0.34564846788172754,0,0,Growth Prospects
3547,60,Female,Scarf,Accessories,79,Kansas,M,Violet,Summer,3.6,No,Free Shipping,0,No,37,Bank Transfer,Bi-Weekly,0,0,0,26,2054,7471.601972077996,Premium,0,Neutral,56+,0.6899559823929573,1,0.5153212357375216,1,1,Champions
3548,52,Female,Scarf,Accessories,31,Pennsylvania,L,Magenta,Summer,3.8,No,Standard,0,No,23,Credit Card,Annually,0,0,0,1,31,98.51966874078632,Low,0,Neutral,46-55,0.3795918367346939,0,0.35791236847536434,0,0,Growth Prospects
3549,63,Female,Blouse,Clothing,37,Utah,M,Red,Fall,3.0,No,Standard,0,No,47,Debit Card,Fortnightly,0,0,0,26,962,3724.095372493391,High,0,Neutral,56+,0.7715886354541817,1,0.35111679540726837,0,0,Growth Prospects
3550,44,Female,T-Shirt,Clothing,34,Oregon,M,Cyan,Summer,3.4,No,2-Day Shipping,0,No,11,Bank Transfer,Fortnightly,0,0,0,26,884,2196.6574784125924,High,0,Neutral,36-45,0.4777110844337735,0,0.3615353923008531,0,0,Growth Prospects
3551,63,Female,Shoes,Footwear,74,West Virginia,S,Orange,Winter,4.8,No,Standard,0,No,32,Cash,Weekly,0,0,0,52,3848,13454.561096523015,Premium,0,Promoter,56+,0.8530612244897959,1,0.8065272200176783,1,1,Champions
3552,66,Female,Gloves,Accessories,31,Montana,L,Black,Spring,2.6,No,Store Pickup,0,No,20,Venmo,Weekly,0,0,0,52,1612,4907.770169610158,Premium,0,Detractor,56+,0.7551020408163265,1,0.33224017899604585,0,0,Champions
3553,22,Female,Sunglasses,Accessories,66,Kentucky,M,Blue,Winter,2.9,No,Next Day Air,0,No,3,Paypal,Quarterly,0,0,0,4,264,365.9817113356511,Low,0,Detractor,18-25,0.2398559423769508,0,0.2564930608081756,0,0,Growth Prospects
3554,62,Female,Shoes,Footwear,99,Minnesota,M,Charcoal,Spring,4.9,No,Free Shipping,0,No,32,Bank Transfer,Weekly,0,0,0,52,5148,18000.02092642944,Premium,0,Promoter,56+,0.8530612244897959,1,0.9303646694051262,1,1,Champions
3555,39,Female,Dress,Clothing,55,Louisiana,M,Indigo,Spring,5.0,No,Free Shipping,0,No,5,Credit Card,Fortnightly,0,0,0,26,1430,2562.2160409961184,High,0,Promoter,36-45,0.4287314925970388,0,0.562529672037327,1,0,Growth Prospects
3556,25,Female,Blouse,Clothing,23,Delaware,L,Silver,Spring,4.6,No,Next Day Air,0,No,45,Cash,Quarterly,0,0,0,4,92,352.23500847699677,Low,0,Promoter,18-25,0.5827130852340936,1,0.4601548340406472,1,1,At-Risk Loyalists
3557,70,Female,Sweater,Clothing,88,Arizona,M,Brown,Fall,4.2,No,Express,0,No,43,Cash,Bi-Weekly,0,0,0,26,2288,8658.22588240498,Premium,0,Promoter,56+,0.7389355742296919,1,0.6165171799278065,1,1,Champions
3558,52,Female,Jacket,Outerwear,26,Nevada,M,Peach,Summer,4.9,No,Next Day Air,0,No,1,Paypal,Every 3 Months,0,0,0,4,104,72.0873067782343,Low,0,Promoter,46-55,0.2235294117647059,0,0.4892620210839458,1,0,Growth Prospects
3559,68,Female,Backpack,Accessories,94,Alaska,L,Magenta,Summer,4.8,No,Standard,0,No,9,Venmo,Quarterly,0,0,0,4,376,865.7719949657612,Mid,0,Promoter,56+,0.28883553421368546,0,0.49679000603296075,1,0,Growth Prospects
3560,18,Female,Shorts,Clothing,25,Utah,M,Beige,Fall,3.0,No,Next Day Air,0,No,13,Venmo,Every 3 Months,0,0,0,4,100,263.9057329615258,Low,0,Neutral,18-25,0.3214885954381753,0,0.2659815619736725,0,0,Growth Prospects
3561,18,Female,Socks,Clothing,96,Kansas,Xl,Violet,Fall,3.5,No,Express,0,No,5,Credit Card,Annually,0,0,0,1,96,172.0089090458933,Low,0,Neutral,18-25,0.2326530612244898,0,0.3237205131957443,0,0,Growth Prospects
3562,63,Female,Sneakers,Footwear,29,North Carolina,L,Black,Spring,3.4,No,Standard,0,No,39,Credit Card,Fortnightly,0,0,0,26,754,2781.415108401908,High,0,Neutral,56+,0.7062825130052022,1,0.37592289198077006,0,0,Growth Prospects
3563,47,Female,Sneakers,Footwear,36,Maryland,M,Cyan,Winter,3.4,No,Free Shipping,0,No,7,Bank Transfer,Weekly,0,0,0,52,1872,3892.7145660246524,High,0,Neutral,46-55,0.6489795918367347,1,0.4032655374989333,0,0,Growth Prospects
3564,43,Female,Blouse,Clothing,90,Maine,M,Green,Summer,4.9,No,Standard,0,No,8,Credit Card,Every 3 Months,0,0,0,4,360,791.000847841039,Mid,0,Promoter,36-45,0.280672268907563,0,0.5069503210076562,1,0,Growth Prospects
3565,60,Female,Gloves,Accessories,38,Illinois,S,Brown,Summer,4.4,No,Free Shipping,0,No,40,Venmo,Annually,0,0,0,1,38,141.1157385347637,Low,0,Promoter,56+,0.5183673469387755,0,0.430960411132863,1,0,At-Risk Loyalists
3566,49,Female,Handbag,Accessories,52,Pennsylvania,S,Gray,Spring,4.2,No,Store Pickup,0,No,35,Paypal,Monthly,0,0,0,12,624,2236.1158175966125,High,0,Promoter,46-55,0.5638255302120849,1,0.4585062335746823,1,1,Growth Prospects
3567,28,Female,Jeans,Clothing,88,Alaska,S,Orange,Spring,3.1,No,Next Day Air,0,No,14,Venmo,Monthly,0,0,0,12,1056,2859.701012363934,High,0,Neutral,26-35,0.39239695878351344,0,0.3418490548223156,0,0,Growth Prospects
3568,32,Female,Scarf,Accessories,56,New Mexico,S,Silver,Summer,4.0,No,Next Day Air,0,No,26,Credit Card,Monthly,0,0,0,12,672,2214.802373954909,High,0,Promoter,26-35,0.49035614245698284,0,0.43398183312593813,1,0,Growth Prospects
3569,29,Female,Sandals,Footwear,71,Arkansas,M,Purple,Spring,4.8,No,Next Day Air,0,No,14,Paypal,Quarterly,0,0,0,4,284,769.0862571130276,Mid,0,Promoter,26-35,0.32965186074429775,0,0.4944111298096028,1,0,Growth Prospects
3570,35,Female,Sandals,Footwear,94,Alaska,M,Olive,Fall,3.3,No,Express,0,No,9,Bank Transfer,Fortnightly,0,0,0,26,2444,5627.517967277448,Premium,0,Neutral,26-35,0.4613845538215286,0,0.43394900514466456,1,0,Champions
3571,23,Female,Dress,Clothing,97,Louisiana,Xl,Teal,Winter,4.7,No,Standard,0,No,32,Debit Card,Annually,0,0,0,1,97,339.16123346224856,Low,0,Promoter,18-25,0.45306122448979597,0,0.47183316413128085,1,0,At-Risk Loyalists
3572,70,Female,Skirt,Clothing,27,North Dakota,M,White,Summer,3.2,No,Standard,0,No,15,Bank Transfer,Every 3 Months,0,0,0,4,108,299.4395820018964,Low,0,Neutral,56+,0.3378151260504202,0,0.2908558442668405,0,0,Growth Prospects
3573,23,Female,Shorts,Clothing,28,Rhode Island,M,Black,Spring,5.0,No,Standard,0,No,25,Credit Card,Monthly,0,0,0,12,336,1094.720436775218,Mid,0,Promoter,18-25,0.4821928771508604,0,0.5264231016341439,1,0,Growth Prospects
3574,43,Female,Jeans,Clothing,67,Connecticut,L,Maroon,Fall,4.9,No,Free Shipping,0,No,27,Paypal,Monthly,0,0,0,12,804,2679.0924261808636,High,0,Promoter,36-45,0.49851940776310527,0,0.5534053231929452,1,0,Growth Prospects
3575,29,Female,Socks,Clothing,70,New York,M,Cyan,Fall,4.9,No,Express,0,No,39,Bank Transfer,Quarterly,0,0,0,4,280,1032.8862471519021,Mid,0,Promoter,26-35,0.533733493397359,0,0.5129017202313401,1,0,At-Risk Loyalists
3576,61,Female,Coat,Outerwear,95,Kentucky,M,Violet,Fall,3.7,No,Express,0,No,49,Venmo,Bi-Weekly,0,0,0,26,2470,9662.696823407521,Premium,0,Neutral,56+,0.7879151660664265,1,0.5812313941611873,1,1,Champions
3577,29,Female,Boots,Footwear,24,Maine,L,Yellow,Spring,3.0,No,Express,0,No,12,Venmo,Bi-Weekly,0,0,0,26,624,1600.528399055999,High,0,Neutral,26-35,0.48587434973989596,0,0.29886810708973255,0,0,Growth Prospects
3578,66,Female,Belt,Accessories,35,Missouri,S,Yellow,Winter,2.6,No,Standard,0,No,13,Bank Transfer,Weekly,0,0,0,52,1820,4803.08433989977,Premium,0,Detractor,56+,0.6979591836734694,1,0.32966446683051576,0,0,Champions
3579,46,Female,Shoes,Footwear,22,Georgia,L,Olive,Winter,2.6,No,Standard,0,No,22,Bank Transfer,Quarterly,0,0,0,4,88,275.92349100176517,Low,0,Detractor,46-55,0.39495798319327735,0,0.21827724941935908,0,0,Growth Prospects
3580,34,Female,Scarf,Accessories,66,Arizona,L,Olive,Fall,4.8,No,Standard,0,No,19,Credit Card,Every 3 Months,0,0,0,4,264,790.8733202182536,Mid,0,Promoter,26-35,0.37046818727491,0,0.494947183291211,1,0,Growth Prospects
3581,51,Female,Blouse,Clothing,83,New Hampshire,M,Magenta,Summer,3.2,No,2-Day Shipping,0,No,3,Cash,Bi-Weekly,0,0,0,26,2158,2991.623231296724,High,0,Neutral,46-55,0.4124049619847939,0,0.35709489683502116,0,0,Growth Prospects
3582,26,Female,Dress,Clothing,95,Georgia,M,Orange,Fall,4.9,No,Next Day Air,0,No,50,Credit Card,Weekly,0,0,0,52,4940,19423.21862565817,Premium,0,Promoter,26-35,1.0,1,0.9653813248397651,1,1,Champions
3583,23,Female,Shorts,Clothing,41,California,S,Beige,Summer,3.4,No,2-Day Shipping,0,No,15,Paypal,Annually,0,0,0,1,41,113.67613761183102,Low,0,Neutral,18-25,0.3142857142857143,0,0.3102852814222802,0,0,Growth Prospects
3584,52,Female,Blouse,Clothing,77,Arizona,L,Brown,Summer,2.7,No,Store Pickup,0,No,44,Credit Card,Every 3 Months,0,0,0,4,308,1172.4520468492585,Mid,0,Detractor,46-55,0.5745498199279713,1,0.25233562651232305,0,0,At-Risk Loyalists
3585,39,Female,Sneakers,Footwear,52,Florida,L,Indigo,Fall,4.8,No,Express,0,No,48,Debit Card,Monthly,0,0,0,12,624,2428.495866021031,High,0,Promoter,36-45,0.6699479791916767,1,0.5352395927361169,1,1,Growth Prospects
3586,39,Female,Gloves,Accessories,41,New York,Xl,Gray,Winter,4.1,No,Standard,0,No,4,Venmo,Bi-Weekly,0,0,0,26,1066,1715.660814654751,High,0,Promoter,36-45,0.42056822729091636,0,0.4337008492509684,1,0,Growth Prospects
3587,33,Female,Hoodie,Clothing,28,Idaho,M,Yellow,Winter,4.6,No,Store Pickup,0,No,12,Paypal,Bi-Weekly,0,0,0,26,728,1867.2831322319987,High,0,Promoter,26-35,0.48587434973989596,0,0.4974313966328825,1,0,Growth Prospects
3588,33,Female,Sweater,Clothing,90,Virginia,S,Violet,Summer,4.4,No,Standard,0,No,33,Debit Card,Annually,0,0,0,1,90,317.37244721545454,Low,0,Promoter,26-35,0.46122448979591835,0,0.4352970682531352,1,0,At-Risk Loyalists
3589,23,Female,Sunglasses,Accessories,55,Michigan,M,Magenta,Spring,3.5,No,2-Day Shipping,0,No,40,Cash,Annually,0,0,0,1,55,204.24646366873694,Low,0,Neutral,18-25,0.5183673469387755,0,0.3245136927679817,0,0,At-Risk Loyalists
3590,31,Female,Belt,Accessories,73,New Hampshire,M,Blue,Spring,4.8,No,Next Day Air,0,No,38,Cash,Every 3 Months,0,0,0,4,292,1069.7600006698567,Mid,0,Promoter,26-35,0.5255702280912364,0,0.501808969816004,1,0,At-Risk Loyalists
3591,27,Female,Dress,Clothing,87,South Dakota,M,Gray,Fall,2.9,No,2-Day Shipping,0,No,19,Venmo,Every 3 Months,0,0,0,4,348,1042.514831196789,Mid,0,Detractor,26-35,0.37046818727491,0,0.27313862393769506,0,0,Growth Prospects
3592,48,Female,Jacket,Outerwear,89,South Dakota,M,Gold,Winter,3.2,No,2-Day Shipping,0,No,38,Bank Transfer,Quarterly,0,0,0,4,356,1304.2279460221541,Mid,0,Neutral,46-55,0.5255702280912364,0,0.3155778684428909,0,0,At-Risk Loyalists
3593,61,Female,Boots,Footwear,82,New Jersey,L,Lavender,Spring,4.4,No,2-Day Shipping,0,No,18,Venmo,Fortnightly,0,0,0,26,2132,6277.54390358285,Premium,0,Promoter,56+,0.5348539415766307,0,0.5819423799565546,1,0,Champions
3594,63,Female,Sandals,Footwear,80,Wyoming,M,Black,Spring,4.6,No,Next Day Air,0,No,24,Paypal,Monthly,0,0,0,12,960,3090.1207918734726,High,0,Promoter,56+,0.47402961184473796,0,0.5275183515256362,1,0,Growth Prospects
3595,19,Female,Scarf,Accessories,87,Alabama,L,Charcoal,Summer,2.6,No,2-Day Shipping,0,No,29,Venmo,Quarterly,0,0,0,4,348,1183.61668881843,Mid,0,Detractor,18-25,0.45210084033613446,0,0.2406103237108201,0,0,Growth Prospects
3596,21,Female,Blouse,Clothing,41,South Dakota,M,Violet,Spring,3.1,No,Store Pickup,0,No,14,Paypal,Annually,0,0,0,1,41,111.03005824519062,Low,0,Neutral,18-25,0.30612244897959184,0,0.27422017672917637,0,0,Growth Prospects
3597,28,Female,Hoodie,Clothing,83,South Carolina,M,Charcoal,Spring,4.3,No,Standard,0,No,44,Cash,Fortnightly,0,0,0,26,2158,8214.77765292435,Premium,0,Promoter,26-35,0.7470988395358142,1,0.6176064864498456,1,1,Champions
3598,29,Female,Sunglasses,Accessories,71,New Mexico,M,Maroon,Summer,3.1,No,Standard,0,No,18,Bank Transfer,Quarterly,0,0,0,4,284,836.220670083269,Mid,0,Neutral,26-35,0.3623049219687875,0,0.29206291902206405,0,0,Growth Prospects
3599,23,Female,Hoodie,Clothing,76,Connecticut,Xl,Purple,Spring,4.6,No,Store Pickup,0,No,19,Bank Transfer,Bi-Weekly,0,0,0,26,1976,5919.566972542686,Premium,0,Promoter,18-25,0.5430172068827531,0,0.5971346402766942,1,0,Champions
3600,37,Female,Scarf,Accessories,34,Kansas,S,Peach,Spring,4.6,No,Express,0,No,4,Cash,Weekly,0,0,0,52,1768,2845.4862291834893,High,0,Promoter,36-45,0.6244897959183674,1,0.521499311308131,1,1,Growth Prospects
3601,67,Female,Dress,Clothing,81,South Carolina,Xl,Olive,Spring,2.7,No,Free Shipping,0,No,25,Cash,Bi-Weekly,0,0,0,26,2106,6861.551309073241,Premium,0,Detractor,56+,0.5919967987194878,1,0.39231142095515725,0,0,Champions
3602,34,Female,T-Shirt,Clothing,47,North Carolina,M,Indigo,Summer,3.0,No,Next Day Air,0,No,3,Paypal,Monthly,0,0,0,12,564,781.8700196716183,Mid,0,Neutral,26-35,0.3026010404161665,0,0.2787256641915197,0,0,Growth Prospects
3603,58,Female,Skirt,Clothing,36,Wyoming,S,Magenta,Summer,3.3,No,Store Pickup,0,No,40,Debit Card,Quarterly,0,0,0,4,144,534.7543776054204,Mid,0,Neutral,56+,0.5418967587034815,0,0.30864557897536804,0,0,At-Risk Loyalists
3604,45,Female,Jeans,Clothing,51,Louisiana,M,Gold,Spring,2.7,No,Free Shipping,0,No,5,Cash,Weekly,0,0,0,52,2652,4751.7461123928015,Premium,0,Detractor,36-45,0.6326530612244898,1,0.34040133028651287,0,0,Champions
3605,63,Female,Hoodie,Clothing,86,Louisiana,M,Orange,Fall,3.3,No,Standard,0,No,17,Debit Card,Annually,0,0,0,1,86,248.57197117907015,Low,0,Neutral,56+,0.33061224489795915,0,0.30160428687468654,0,0,Growth Prospects
3606,68,Female,Jeans,Clothing,41,Alabama,M,Gold,Fall,4.3,No,Store Pickup,0,No,36,Bank Transfer,Every 3 Months,0,0,0,4,164,592.1905376736528,Mid,0,Promoter,56+,0.5092436974789916,0,0.430058750334265,1,0,At-Risk Loyalists
3607,41,Female,Sandals,Footwear,90,Minnesota,Xl,Purple,Fall,4.8,No,Express,0,No,41,Venmo,Annually,0,0,0,1,90,336.3902656455032,Low,0,Promoter,36-45,0.526530612244898,0,0.4837649866564914,1,0,At-Risk Loyalists
3608,50,Female,Hat,Accessories,93,New Mexico,L,Charcoal,Fall,3.3,No,Standard,0,No,20,Venmo,Bi-Weekly,0,0,0,26,2418,7361.655254415236,Premium,0,Neutral,46-55,0.5511804721888756,1,0.47661608357865237,1,1,Champions
3609,24,Female,Gloves,Accessories,56,Tennessee,M,Cyan,Fall,4.3,No,Next Day Air,0,No,2,Cash,Every 3 Months,0,0,0,4,224,246.08915266165658,Low,0,Promoter,18-25,0.23169267707082836,0,0.4215431990858445,0,0,Growth Prospects
3610,21,Female,Socks,Clothing,39,New Mexico,M,Cyan,Summer,3.0,No,2-Day Shipping,0,No,31,Debit Card,Monthly,0,0,0,12,468,1621.964402510272,High,0,Neutral,18-25,0.5311724689875951,0,0.2993955230258747,0,0,Growth Prospects
3611,18,Female,Jacket,Outerwear,86,Texas,Xl,Green,Fall,4.8,No,2-Day Shipping,0,No,23,Bank Transfer,Fortnightly,0,0,0,26,2236,7106.128364658007,Premium,0,Promoter,18-25,0.575670268107243,1,0.6503290462557543,1,1,Champions
3612,63,Female,T-Shirt,Clothing,82,Washington,M,Silver,Spring,2.9,No,Standard,0,No,30,Credit Card,Annually,0,0,0,1,82,281.586950767782,Low,0,Detractor,56+,0.43673469387755104,0,0.25441659437424624,0,0,At-Risk Loyalists
3613,47,Female,Sandals,Footwear,29,Michigan,M,Teal,Summer,3.6,No,Standard,0,No,26,Cash,Every 3 Months,0,0,0,4,116,382.31707645650215,Low,0,Neutral,46-55,0.4276110444177671,0,0.34089497956629744,0,0,Growth Prospects
3614,58,Female,Hat,Accessories,27,Minnesota,M,Magenta,Fall,3.5,No,Store Pickup,0,No,40,Venmo,Annually,0,0,0,1,27,100.26644580101632,Low,0,Neutral,56+,0.5183673469387755,0,0.3219553465454332,0,0,At-Risk Loyalists
3615,46,Female,Gloves,Accessories,25,Delaware,L,Maroon,Spring,4.7,No,2-Day Shipping,0,No,19,Bank Transfer,Annually,0,0,0,1,25,74.89330683884977,Low,0,Promoter,46-55,0.34693877551020413,0,0.46533106049942924,1,0,Growth Prospects
3616,35,Female,Dress,Clothing,31,California,M,Gold,Winter,4.4,No,Free Shipping,0,No,4,Credit Card,Monthly,0,0,0,12,372,598.7109034254853,Mid,0,Promoter,26-35,0.31076430572228897,0,0.44221917878420103,1,0,Growth Prospects
3617,42,Female,Hoodie,Clothing,23,Wisconsin,L,Purple,Winter,3.3,No,Store Pickup,0,No,33,Debit Card,Fortnightly,0,0,0,26,598,2108.7635937204645,High,0,Neutral,36-45,0.6573029211684673,1,0.34737283268124153,0,0,Growth Prospects
3618,48,Female,Belt,Accessories,47,Kentucky,M,Lavender,Fall,4.3,No,Express,0,No,29,Debit Card,Monthly,0,0,0,12,564,1918.2753232574557,High,0,Promoter,46-55,0.5148459383753501,0,0.4626860192225363,1,0,Growth Prospects
3619,28,Female,Gloves,Accessories,67,Nevada,M,Maroon,Fall,4.0,No,2-Day Shipping,0,No,47,Paypal,Bi-Weekly,0,0,0,26,1742,6743.632161001547,Premium,0,Promoter,26-35,0.7715886354541817,1,0.5454101134422162,1,1,Champions
3620,44,Female,Scarf,Accessories,75,North Carolina,S,Magenta,Winter,4.9,No,2-Day Shipping,0,No,50,Venmo,Weekly,0,0,0,52,3900,15334.11996762487,Premium,0,Promoter,36-45,1.0,1,0.8647722816799899,1,1,Champions
3621,60,Female,Sandals,Footwear,82,Louisiana,M,Turquoise,Summer,2.9,No,Express,0,No,28,Credit Card,Fortnightly,0,0,0,26,2132,7179.074709531163,Premium,0,Detractor,56+,0.616486594637855,1,0.4241238334627767,0,0,Champions
3622,38,Female,Sneakers,Footwear,32,New Jersey,Xl,Silver,Summer,4.0,No,2-Day Shipping,0,No,5,Cash,Fortnightly,0,0,0,26,832,1490.7438783977418,Mid,0,Promoter,36-45,0.4287314925970388,0,0.41616694566006573,0,0,Growth Prospects
3623,46,Female,Dress,Clothing,41,Wisconsin,M,Purple,Fall,4.3,No,Store Pickup,0,No,12,Credit Card,Annually,0,0,0,1,41,105.16292365592301,Low,0,Promoter,46-55,0.28979591836734697,0,0.4180758205161131,0,0,Growth Prospects
3624,39,Female,Jewelry,Accessories,89,Arkansas,M,Violet,Winter,2.7,No,2-Day Shipping,0,No,4,Paypal,Weekly,0,0,0,52,4628,7448.478658745016,Premium,0,Detractor,36-45,0.6244897959183674,1,0.4067523048743486,0,0,Champions
3625,22,Female,Hat,Accessories,82,Texas,Xl,Peach,Fall,5.0,No,Store Pickup,0,No,22,Bank Transfer,Bi-Weekly,0,0,0,26,2132,6684.873668360947,Premium,0,Promoter,18-25,0.5675070028011204,1,0.663964407134674,1,1,Champions
3626,44,Female,Scarf,Accessories,99,Illinois,L,Green,Winter,4.4,No,Express,0,No,32,Paypal,Weekly,0,0,0,52,5148,18000.02092642944,Premium,0,Promoter,36-45,0.8530612244897959,1,0.8703646694051261,1,1,Champions
3627,69,Female,Blouse,Clothing,98,Mississippi,L,Teal,Fall,3.5,No,Express,0,No,32,Venmo,Quarterly,0,0,0,4,392,1370.6309640948602,Mid,0,Neutral,56+,0.4765906362545019,0,0.35321166226150935,0,0,At-Risk Loyalists
3628,39,Female,Belt,Accessories,54,Delaware,M,Silver,Winter,3.3,No,Next Day Air,0,No,48,Cash,Every 3 Months,0,0,0,4,216,840.6331843918953,Mid,0,Neutral,36-45,0.607202881152461,1,0.31617148545189266,0,0,At-Risk Loyalists
3629,53,Female,Blouse,Clothing,88,Georgia,L,Purple,Summer,3.8,No,Free Shipping,0,No,35,Credit Card,Monthly,0,0,0,12,1056,3784.195999009652,High,0,Neutral,46-55,0.5638255302120849,1,0.4485955238588857,1,1,Growth Prospects
3630,52,Female,T-Shirt,Clothing,43,Kansas,L,Lavender,Summer,4.5,No,Standard,0,No,44,Debit Card,Fortnightly,0,0,0,26,1118,4255.848663563217,High,0,Promoter,46-55,0.7470988395358142,1,0.5442001651876707,1,1,Growth Prospects
3631,65,Female,Hat,Accessories,73,Oklahoma,M,Lavender,Winter,4.8,No,Store Pickup,0,No,29,Cash,Weekly,0,0,0,52,3796,12910.945260789542,Premium,0,Promoter,56+,0.8285714285714285,1,0.7931519816941424,1,1,Champions
3632,48,Female,Hat,Accessories,50,New Jersey,M,Peach,Fall,2.9,No,Store Pickup,0,No,26,Credit Card,Monthly,0,0,0,12,600,1977.5021196025975,High,0,Detractor,46-55,0.49035614245698284,0,0.29614324777289114,0,0,Growth Prospects
3633,27,Female,Sneakers,Footwear,73,Utah,L,Green,Spring,3.2,No,Express,0,No,3,Debit Card,Quarterly,0,0,0,4,292,404.79795344700807,Low,0,Neutral,26-35,0.2398559423769508,0,0.29344810379062103,0,0,Growth Prospects
3634,39,Female,Gloves,Accessories,51,Montana,M,Orange,Spring,2.8,No,Free Shipping,0,No,1,Bank Transfer,Bi-Weekly,0,0,0,26,1326,919.1131614224875,Mid,0,Detractor,36-45,0.39607843137254906,0,0.2581024233080232,0,0,Growth Prospects
3635,59,Female,Socks,Clothing,22,Ohio,M,Pink,Winter,3.3,No,Standard,0,No,17,Paypal,Annually,0,0,0,1,22,63.58817867371562,Low,0,Neutral,56+,0.33061224489795915,0,0.29705290674902796,0,0,Growth Prospects
3636,52,Female,Sandals,Footwear,32,Colorado,L,Cyan,Fall,3.3,No,Free Shipping,0,No,17,Credit Card,Fortnightly,0,0,0,26,832,2404.789302569609,High,0,Neutral,46-55,0.5266906762705081,0,0.3546563114643949,0,0,Growth Prospects
3637,50,Female,Sandals,Footwear,38,California,L,Lavender,Summer,4.2,No,2-Day Shipping,0,No,36,Cash,Weekly,0,0,0,52,1976,7135.173795384987,Premium,0,Promoter,46-55,0.8857142857142857,1,0.579043686140479,1,1,Champions
3638,32,Female,Boots,Footwear,66,Utah,L,Yellow,Winter,3.6,No,Express,0,No,32,Credit Card,Fortnightly,0,0,0,26,1716,6000.00697547648,Premium,0,Neutral,26-35,0.649139655862345,1,0.479113803022264,1,1,Champions
3639,40,Female,Backpack,Accessories,20,Kansas,M,Olive,Spring,4.6,No,Express,0,No,50,Paypal,Bi-Weekly,0,0,0,26,520,2044.5493290166494,High,0,Promoter,36-45,0.7960784313725491,1,0.5017928914107204,1,1,Growth Prospects
3640,26,Female,Coat,Outerwear,44,Illinois,M,Brown,Summer,3.6,No,2-Day Shipping,0,No,39,Venmo,Annually,0,0,0,1,44,162.3106959810132,Low,0,Neutral,26-35,0.5102040816326531,0,0.3354818963223411,0,0,At-Risk Loyalists
3641,47,Female,Sunglasses,Accessories,31,Minnesota,L,Pink,Spring,4.0,No,Next Day Air,0,No,17,Paypal,Monthly,0,0,0,12,372,1075.2182939373731,Mid,0,Promoter,46-55,0.41688675470188075,0,0.40594326681122356,0,0,Growth Prospects
3642,51,Female,Jacket,Outerwear,45,New York,M,Cyan,Fall,2.7,No,Free Shipping,0,No,39,Bank Transfer,Every 3 Months,0,0,0,4,180,663.9983017405085,Mid,0,Detractor,46-55,0.533733493397359,0,0.2398255236597303,0,0,At-Risk Loyalists
3643,47,Female,Dress,Clothing,71,Arizona,L,Maroon,Summer,4.4,No,Store Pickup,0,No,5,Paypal,Annually,0,0,0,1,71,127.2149223151919,Low,0,Promoter,46-55,0.2326530612244898,0,0.43061839252779865,1,0,Growth Prospects
3644,53,Female,Scarf,Accessories,96,Tennessee,Xl,Magenta,Fall,3.2,No,Standard,0,No,47,Debit Card,Annually,0,0,0,1,96,371.63529704715756,Low,0,Neutral,46-55,0.5755102040816327,1,0.29263216281974946,0,0,At-Risk Loyalists
3645,35,Female,Blouse,Clothing,32,Arkansas,M,Violet,Winter,2.6,No,Next Day Air,0,No,18,Venmo,Weekly,0,0,0,52,1664,4899.546461332957,Premium,0,Detractor,26-35,0.7387755102040816,1,0.3320378411484694,0,0,Champions
3646,38,Female,Backpack,Accessories,90,Colorado,L,Silver,Summer,3.4,No,Free Shipping,0,No,31,Credit Card,Every 3 Months,0,0,0,4,360,1247.6649250079015,Mid,0,Neutral,36-45,0.4684273709483794,0,0.338186179980865,0,0,At-Risk Loyalists
3647,69,Female,Jewelry,Accessories,68,Nevada,M,Maroon,Spring,5.0,No,2-Day Shipping,0,No,39,Debit Card,Fortnightly,0,0,0,26,1768,6521.938874873439,Premium,0,Promoter,56+,0.7062825130052022,1,0.6599555252168925,1,1,Champions
3648,47,Female,Shorts,Clothing,45,Kansas,M,Gray,Winter,2.9,No,Store Pickup,0,No,12,Bank Transfer,Weekly,0,0,0,52,2340,6001.981496459996,Premium,0,Detractor,46-55,0.689795918367347,1,0.39516238455170694,0,0,Champions
3649,31,Female,Skirt,Clothing,67,New York,M,White,Winter,5.0,No,Free Shipping,0,No,45,Cash,Bi-Weekly,0,0,0,26,1742,6669.493312684003,Premium,0,Promoter,26-35,0.7552621048419368,1,0.663585985629711,1,1,Champions
3650,68,Female,Skirt,Clothing,57,Minnesota,M,Brown,Fall,4.4,No,Standard,0,No,33,Credit Card,Fortnightly,0,0,0,26,1482,5226.066297481151,Premium,0,Promoter,56+,0.6573029211684673,1,0.5560716038514111,1,1,Champions
3651,51,Female,Jeans,Clothing,60,Ohio,M,Silver,Summer,3.5,No,2-Day Shipping,0,No,3,Paypal,Annually,0,0,0,1,60,83.17766166719343,Low,0,Neutral,46-55,0.2163265306122449,0,0.3215348905075016,0,0,Growth Prospects
3652,20,Female,Handbag,Accessories,32,Arizona,M,Yellow,Spring,3.8,No,Express,0,No,5,Venmo,Every 3 Months,0,0,0,4,128,229.34521206119103,Low,0,Neutral,18-25,0.25618247298919566,0,0.3611312276507148,0,0,Growth Prospects
3653,27,Female,Handbag,Accessories,29,Kentucky,S,Magenta,Fall,3.8,No,Store Pickup,0,No,23,Debit Card,Monthly,0,0,0,12,348,1105.962732961085,Mid,0,Neutral,26-35,0.4658663465386155,0,0.3826997094533161,0,0,Growth Prospects
3654,67,Female,Coat,Outerwear,20,Minnesota,M,Blue,Spring,3.9,No,Next Day Air,0,No,39,Credit Card,Fortnightly,0,0,0,26,520,1918.2173161392468,High,0,Neutral,56+,0.7062825130052022,1,0.4146845920032033,0,0,Growth Prospects
3655,21,Female,Jewelry,Accessories,98,Arkansas,M,Green,Winter,3.3,No,Next Day Air,0,No,10,Credit Card,Annually,0,0,0,1,98,234.99373673424031,Low,0,Neutral,18-25,0.27346938775510204,0,0.3012702051394343,0,0,Growth Prospects
3656,20,Female,Sweater,Clothing,27,Wyoming,M,Yellow,Fall,2.9,No,Next Day Air,0,No,4,Credit Card,Bi-Weekly,0,0,0,26,702,1129.8254145287383,Mid,0,Detractor,18-25,0.42056822729091636,0,0.2752868318879953,0,0,Growth Prospects
3657,35,Female,Jacket,Outerwear,67,North Dakota,Xl,Cyan,Spring,3.7,No,2-Day Shipping,0,No,18,Credit Card,Monthly,0,0,0,12,804,2367.328939249818,High,0,Neutral,26-35,0.42505002000800324,0,0.4017346288088255,0,0,Growth Prospects
3658,58,Female,Shoes,Footwear,82,Alabama,L,Gold,Winter,3.7,No,Express,0,No,1,Debit Card,Every 3 Months,0,0,0,4,328,227.35227522366205,Low,0,Neutral,56+,0.2235294117647059,0,0.34908219301372756,0,0,Growth Prospects
3659,28,Female,T-Shirt,Clothing,72,Mississippi,M,Magenta,Fall,4.6,No,Standard,0,No,18,Paypal,Fortnightly,0,0,0,26,1872,5511.989768999576,Premium,0,Promoter,26-35,0.5348539415766307,0,0.587106525063174,1,0,Champions
3660,27,Female,Sandals,Footwear,77,Illinois,S,Gray,Fall,4.9,No,Store Pickup,0,No,46,Bank Transfer,Annually,0,0,0,1,77,296.4613653316745,Low,0,Promoter,26-35,0.5673469387755102,1,0.49478256759768396,1,1,At-Risk Loyalists
3661,19,Female,Shoes,Footwear,74,Arkansas,L,Indigo,Winter,3.1,No,2-Day Shipping,0,No,13,Bank Transfer,Fortnightly,0,0,0,26,1924,5077.546302179757,Premium,0,Neutral,18-25,0.49403761504601845,0,0.39641738665906906,0,0,Champions
3662,63,Female,Sandals,Footwear,39,Kansas,S,White,Winter,3.5,No,Next Day Air,0,No,5,Credit Card,Fortnightly,0,0,0,26,1014,1816.8441017972477,High,0,Neutral,56+,0.4287314925970388,0,0.3641903841227105,0,0,Growth Prospects
3663,69,Female,Shorts,Clothing,80,Rhode Island,M,Indigo,Spring,4.9,No,Next Day Air,0,No,11,Debit Card,Weekly,0,0,0,52,4160,10337.211663118082,Premium,0,Promoter,56+,0.6816326530612244,1,0.7418272991015165,1,1,Champions
3664,65,Female,Backpack,Accessories,59,Florida,M,Green,Summer,4.4,No,Express,0,No,49,Credit Card,Weekly,0,0,0,52,3068,12002.086580653551,Premium,0,Promoter,56+,0.9918367346938777,1,0.7227902316306414,1,1,Champions
3665,63,Female,Jacket,Outerwear,68,Missouri,M,Turquoise,Fall,4.4,No,Store Pickup,0,No,1,Debit Card,Fortnightly,0,0,0,26,1768,1225.4842152299832,Mid,0,Promoter,56+,0.39607843137254906,0,0.45764044113375335,1,0,Growth Prospects
3666,28,Female,Socks,Clothing,77,North Carolina,M,Peach,Fall,3.4,No,Next Day Air,0,No,11,Credit Card,Quarterly,0,0,0,4,308,765.3512481347041,Mid,0,Neutral,26-35,0.3051620648259304,0,0.32631923286337383,0,0,Growth Prospects
3667,67,Female,Jewelry,Accessories,50,Alabama,M,Olive,Winter,3.0,No,2-Day Shipping,0,No,47,Cash,Every 3 Months,0,0,0,4,200,774.2402021815782,Mid,0,Neutral,56+,0.5990396158463387,1,0.2785379385577425,0,0,At-Risk Loyalists
3668,51,Female,Pants,Clothing,45,Washington,L,Cyan,Fall,2.6,No,Next Day Air,0,No,20,Venmo,Monthly,0,0,0,12,540,1644.0421163706485,High,0,Detractor,46-55,0.4413765506202481,0,0.25193872773977516,0,0,Growth Prospects
3669,59,Female,Blouse,Clothing,71,Michigan,Xl,Magenta,Summer,3.2,No,Store Pickup,0,No,18,Venmo,Annually,0,0,0,1,71,209.05516752081726,Low,0,Neutral,56+,0.33877551020408164,0,0.2886320071286406,0,0,Growth Prospects
3670,25,Female,Socks,Clothing,52,Washington,S,Silver,Fall,4.6,No,Store Pickup,0,No,43,Paypal,Quarterly,0,0,0,4,208,787.1114438549982,Mid,0,Promoter,18-25,0.5663865546218487,1,0.47085462529419403,1,1,At-Risk Loyalists
3671,31,Female,Shoes,Footwear,50,Vermont,S,White,Winter,3.8,No,Free Shipping,0,No,4,Paypal,Every 3 Months,0,0,0,4,200,321.88758248682007,Low,0,Neutral,26-35,0.24801920768307323,0,0.36340815959070816,0,0,Growth Prospects
3672,62,Female,Handbag,Accessories,66,Illinois,L,Pink,Summer,4.8,No,2-Day Shipping,0,No,20,Venmo,Quarterly,0,0,0,4,264,803.7539235589837,Mid,0,Promoter,56+,0.3786314525810324,0,0.49526410036409346,1,0,Growth Prospects
3673,51,Female,Sandals,Footwear,81,New York,S,Pink,Fall,4.5,No,Free Shipping,0,No,7,Paypal,Monthly,0,0,0,12,972,2021.2171785128003,High,0,Promoter,46-55,0.3352541016406563,0,0.48921882227388497,1,0,Growth Prospects
3674,32,Female,Socks,Clothing,28,Rhode Island,M,Pink,Summer,4.2,No,2-Day Shipping,0,No,31,Bank Transfer,Fortnightly,0,0,0,26,728,2523.055737238201,High,0,Promoter,26-35,0.6409763905562225,1,0.4655661636897868,1,1,Growth Prospects
3675,35,Female,Handbag,Accessories,65,Washington,M,Blue,Winter,2.7,No,2-Day Shipping,0,No,41,Venmo,Fortnightly,0,0,0,26,1690,6316.661654898892,Premium,0,Detractor,26-35,0.722609043617447,1,0.3789048413348678,0,0,Champions
3676,70,Female,Hat,Accessories,80,Virginia,M,White,Winter,4.5,No,Express,0,No,3,Bank Transfer,Monthly,0,0,0,12,960,1330.842586675095,Mid,0,Promoter,56+,0.3026010404161665,0,0.4722327006575338,1,0,Growth Prospects
3677,19,Female,Jewelry,Accessories,94,Wisconsin,S,Teal,Spring,4.9,No,Free Shipping,0,No,16,Paypal,Monthly,0,0,0,12,1128,3195.8646520954117,High,0,Promoter,18-25,0.4087234893957583,0,0.566120095696335,1,0,Growth Prospects
3678,32,Female,Backpack,Accessories,30,Michigan,M,Gray,Fall,2.8,No,Standard,0,No,43,Cash,Annually,0,0,0,1,30,113.52568901754783,Low,0,Detractor,26-35,0.5428571428571429,0,0.23828157975343295,0,0,At-Risk Loyalists
3679,56,Female,Shirt,Clothing,45,Texas,S,Beige,Fall,3.5,No,Standard,0,No,29,Bank Transfer,Fortnightly,0,0,0,26,1170,3979.400936544722,High,0,Neutral,56+,0.6246498599439776,1,0.4173983871859625,0,0,Growth Prospects
3680,53,Female,Coat,Outerwear,91,Idaho,M,Violet,Summer,2.5,No,Store Pickup,0,No,5,Cash,Bi-Weekly,0,0,0,26,2366,4239.302904193578,High,0,Detractor,46-55,0.4287314925970388,0,0.30379306984521404,0,0,Growth Prospects
3681,22,Female,Sunglasses,Accessories,36,Iowa,S,Blue,Winter,2.9,No,Standard,0,No,30,Debit Card,Quarterly,0,0,0,4,144,494.49415744586105,Low,0,Detractor,18-25,0.4602641056422569,0,0.2596550080534125,0,0,At-Risk Loyalists
3682,26,Female,Gloves,Accessories,73,Connecticut,Xl,Magenta,Fall,4.2,No,Next Day Air,0,No,33,Debit Card,Monthly,0,0,0,12,876,3089.0918195637573,High,0,Promoter,26-35,0.5474989995998399,1,0.47949303447457536,1,1,Growth Prospects
3683,42,Female,Shirt,Clothing,60,Wyoming,M,Maroon,Fall,4.6,No,Store Pickup,0,No,46,Venmo,Bi-Weekly,0,0,0,26,1560,6006.2302586676915,Premium,0,Promoter,36-45,0.7634253701480593,1,0.5992669219904136,1,1,Champions
3684,30,Female,Socks,Clothing,77,Mississippi,M,Purple,Winter,3.0,No,Free Shipping,0,No,17,Venmo,Fortnightly,0,0,0,26,2002,5786.524259308121,Premium,0,Neutral,26-35,0.5266906762705081,0,0.40186122938659175,0,0,Champions
3685,29,Female,Skirt,Clothing,86,Pennsylvania,L,Charcoal,Spring,4.4,No,Free Shipping,0,No,47,Credit Card,Bi-Weekly,0,0,0,26,2236,8656.005460390044,Premium,0,Promoter,26-35,0.7715886354541817,1,0.6404625481976831,1,1,Champions
3686,47,Female,Shorts,Clothing,42,Tennessee,L,Red,Summer,2.6,No,Standard,0,No,17,Cash,Bi-Weekly,0,0,0,26,1092,3156.2859596226117,High,0,Detractor,46-55,0.5266906762705081,0,0.28914629322488317,0,0,Growth Prospects
3687,59,Female,Sandals,Footwear,70,Louisiana,M,Charcoal,Spring,4.8,No,Free Shipping,0,No,17,Cash,Bi-Weekly,0,0,0,26,1820,5260.47659937102,Premium,0,Promoter,56+,0.5266906762705081,0,0.60491824215425,1,0,Champions
3688,34,Female,Shirt,Clothing,44,Arkansas,L,Lavender,Summer,2.9,No,Next Day Air,0,No,28,Bank Transfer,Every 3 Months,0,0,0,4,176,592.6440660776194,Mid,0,Detractor,26-35,0.44393757503001197,0,0.26206990904247546,0,0,Growth Prospects
3689,52,Female,Sunglasses,Accessories,91,West Virginia,L,White,Spring,3.0,No,Next Day Air,0,No,8,Cash,Monthly,0,0,0,12,1092,2399.369238451152,High,0,Neutral,46-55,0.3434173669467787,0,0.31852295506719697,0,0,Growth Prospects
3690,47,Female,Jewelry,Accessories,30,South Carolina,L,Red,Fall,4.5,No,Standard,0,No,8,Bank Transfer,Quarterly,0,0,0,4,120,263.66694928034633,Low,0,Promoter,46-55,0.280672268907563,0,0.4459756868897739,1,0,Growth Prospects
3691,24,Female,Blouse,Clothing,23,Kansas,S,Violet,Fall,3.7,No,Store Pickup,0,No,4,Bank Transfer,Bi-Weekly,0,0,0,26,598,962.443871635592,Mid,0,Neutral,18-25,0.42056822729091636,0,0.36716854121286013,0,0,Growth Prospects
3692,63,Female,Sandals,Footwear,21,Michigan,Xl,Orange,Summer,4.8,No,Next Day Air,0,No,24,Paypal,Weekly,0,0,0,52,1092,3515.012400756075,High,0,Promoter,56+,0.7877551020408164,1,0.5619724740086717,1,1,Growth Prospects
3693,59,Female,Coat,Outerwear,34,Alabama,L,Turquoise,Spring,4.8,No,Free Shipping,0,No,29,Cash,Fortnightly,0,0,0,26,884,3006.6584853893455,High,0,Promoter,56+,0.6246498599439776,1,0.5494648273880418,1,1,Growth Prospects
3694,66,Female,Blouse,Clothing,46,South Dakota,M,Violet,Summer,4.7,No,2-Day Shipping,0,No,10,Venmo,Weekly,0,0,0,52,2392,5735.765492533703,Premium,0,Promoter,56+,0.6734693877551021,1,0.6046123500162905,1,1,Champions
3695,45,Female,Sweater,Clothing,41,Rhode Island,M,Blue,Winter,2.6,No,Express,0,No,11,Paypal,Bi-Weekly,0,0,0,26,1066,2648.9104886740083,High,0,Detractor,36-45,0.4777110844337735,0,0.2766627204564455,0,0,Growth Prospects
3696,38,Female,Skirt,Clothing,33,Florida,M,White,Fall,4.6,No,Standard,0,No,18,Bank Transfer,Fortnightly,0,0,0,26,858,2526.3286441248056,High,0,Promoter,36-45,0.5348539415766307,0,0.5136466909789892,1,0,Growth Prospects
3697,63,Female,Blouse,Clothing,48,Connecticut,L,Turquoise,Fall,3.4,No,Next Day Air,0,No,26,Bank Transfer,Annually,0,0,0,1,48,158.2001695682078,Low,0,Neutral,56+,0.40408163265306124,0,0.31138076006619747,0,0,Growth Prospects
3698,55,Female,Hoodie,Clothing,66,Pennsylvania,L,Pink,Winter,3.0,No,Standard,0,No,39,Cash,Weekly,0,0,0,52,3432,12660.23428651903,Premium,0,Neutral,46-55,0.9102040816326531,1,0.5709834361684782,1,1,Champions
3699,25,Female,Skirt,Clothing,54,California,Xl,Maroon,Spring,4.0,No,2-Day Shipping,0,No,4,Venmo,Annually,0,0,0,1,54,86.90964727144141,Low,0,Promoter,18-25,0.22448979591836737,0,0.38162671306599916,0,0,Growth Prospects
3700,51,Female,Backpack,Accessories,55,Oklahoma,M,Olive,Fall,2.6,No,Store Pickup,0,No,24,Bank Transfer,Weekly,0,0,0,52,2860,9205.984859123053,Premium,0,Detractor,46-55,0.7877551020408164,1,0.43799435696326805,1,1,Champions
3701,28,Female,Handbag,Accessories,84,North Dakota,Xl,Charcoal,Summer,3.4,No,Store Pickup,0,No,2,Bank Transfer,Every 3 Months,0,0,0,4,336,369.13372899248486,Low,0,Neutral,26-35,0.23169267707082836,0,0.3165706137133504,0,0,Growth Prospects
3702,46,Female,Sandals,Footwear,66,New Mexico,M,Charcoal,Spring,4.5,No,Store Pickup,0,No,36,Cash,Annually,0,0,0,1,66,238.3205822345188,Low,0,Promoter,46-55,0.48571428571428577,0,0.4453520595456287,1,0,At-Risk Loyalists
3703,58,Female,Shoes,Footwear,65,South Carolina,M,Indigo,Spring,2.7,No,Store Pickup,0,No,36,Venmo,Weekly,0,0,0,52,3380,12204.902544737479,Premium,0,Detractor,56+,0.8857142857142857,1,0.5237803582552276,1,1,Champions
3704,30,Female,Sandals,Footwear,83,Michigan,S,Teal,Fall,2.9,No,Standard,0,No,23,Paypal,Every 3 Months,0,0,0,4,332,1055.1138716755179,Mid,0,Detractor,26-35,0.4031212484993998,0,0.2734486133787192,0,0,Growth Prospects
3705,68,Female,Sunglasses,Accessories,61,Missouri,L,Black,Winter,4.0,No,Store Pickup,0,No,36,Credit Card,Quarterly,0,0,0,4,244,881.0639706851907,Mid,0,Promoter,56+,0.5092436974789916,0,0.401166253018866,0,0,At-Risk Loyalists
3706,28,Female,Skirt,Clothing,65,Colorado,L,Teal,Summer,3.2,No,Free Shipping,0,No,2,Debit Card,Annually,0,0,0,1,65,71.40979876342713,Low,0,Neutral,26-35,0.20816326530612245,0,0.28524535153429603,0,0,Growth Prospects
3707,26,Female,Sandals,Footwear,55,Kansas,M,Green,Spring,4.0,No,Store Pickup,0,No,17,Cash,Bi-Weekly,0,0,0,26,1430,4133.231613791515,High,0,Promoter,26-35,0.5266906762705081,0,0.48118326951351775,1,0,Growth Prospects
3708,35,Female,Gloves,Accessories,79,Illinois,M,Gold,Fall,3.4,No,2-Day Shipping,0,No,19,Venmo,Weekly,0,0,0,52,4108,12306.468179759795,Premium,0,Neutral,26-35,0.7469387755102042,1,0.6102793004945974,1,1,Champions
3709,40,Female,Hoodie,Clothing,96,South Carolina,M,Red,Fall,4.9,No,Express,0,No,41,Paypal,Monthly,0,0,0,12,1152,4305.79540026244,High,0,Promoter,36-45,0.6128051220488195,1,0.5934290651992637,1,1,Growth Prospects
3710,31,Female,Socks,Clothing,43,Utah,M,Silver,Fall,3.6,No,Free Shipping,0,No,27,Paypal,Quarterly,0,0,0,4,172,573.1391757501351,Mid,0,Neutral,26-35,0.4357743097238896,0,0.34559000661974243,0,0,Growth Prospects
3711,60,Female,Jewelry,Accessories,40,Hawaii,M,Yellow,Summer,3.6,No,2-Day Shipping,0,No,32,Bank Transfer,Fortnightly,0,0,0,26,1040,3636.3678639251393,High,0,Neutral,56+,0.649139655862345,1,0.4209583293407911,0,0,Growth Prospects
3712,69,Female,Hat,Accessories,62,Texas,Xl,Peach,Fall,3.2,No,Free Shipping,0,No,33,Cash,Annually,0,0,0,1,62,218.634352526202,Low,0,Neutral,56+,0.46122448979591835,0,0.28886769541064106,0,0,At-Risk Loyalists
3713,51,Female,Blouse,Clothing,72,Oregon,M,Turquoise,Spring,3.7,No,2-Day Shipping,0,No,24,Paypal,Quarterly,0,0,0,4,288,927.0362375620417,Mid,0,Neutral,46-55,0.4112845138055222,0,0.36629736433927385,0,0,Growth Prospects
3714,49,Female,Shoes,Footwear,87,Arizona,M,Peach,Spring,2.6,No,Express,0,No,31,Debit Card,Every 3 Months,0,0,0,4,348,1206.076094174305,Mid,0,Detractor,46-55,0.4684273709483794,0,0.24116291964253062,0,0,At-Risk Loyalists
3715,18,Female,Hat,Accessories,31,New York,S,Peach,Winter,3.9,No,Express,0,No,35,Credit Card,Weekly,0,0,0,52,1612,5776.63252879125,Premium,0,Neutral,18-25,0.8775510204081634,1,0.5096178511691105,1,1,Champions
3716,63,Female,Sunglasses,Accessories,34,Nebraska,S,Orange,Fall,3.4,No,Free Shipping,0,No,2,Bank Transfer,Monthly,0,0,0,12,408,448.2338137765888,Low,0,Neutral,56+,0.29443777511004404,0,0.3185168088310327,0,0,Growth Prospects
3717,57,Female,Shirt,Clothing,53,Vermont,M,Charcoal,Fall,3.4,No,Next Day Air,0,No,42,Debit Card,Every 3 Months,0,0,0,4,212,797.3744245270352,Mid,0,Neutral,56+,0.5582232893157264,1,0.3271071378285523,0,0,At-Risk Loyalists
3718,45,Female,T-Shirt,Clothing,85,Maryland,Xl,White,Summer,4.2,No,Express,0,No,47,Bank Transfer,Every 3 Months,0,0,0,4,340,1316.208343708683,Mid,0,Promoter,36-45,0.5990396158463387,1,0.43587263666657927,1,1,At-Risk Loyalists
3719,36,Female,Pants,Clothing,50,Tennessee,L,Turquoise,Fall,2.9,No,Standard,0,No,44,Bank Transfer,Bi-Weekly,0,0,0,26,1300,4948.661236701416,Premium,0,Detractor,36-45,0.7470988395358142,1,0.3692462714085514,0,0,Champions
3720,20,Female,Pants,Clothing,91,Pennsylvania,M,Red,Summer,4.1,No,Free Shipping,0,No,8,Bank Transfer,Every 3 Months,0,0,0,4,364,799.789746150384,Mid,0,Promoter,18-25,0.280672268907563,0,0.41116656490962084,0,0,Growth Prospects
3721,21,Female,Hat,Accessories,56,South Carolina,M,Peach,Fall,3.6,No,Free Shipping,0,No,13,Credit Card,Quarterly,0,0,0,4,224,591.1488418338179,Mid,0,Neutral,18-25,0.3214885954381753,0,0.3460331202307938,0,0,Growth Prospects
3722,62,Female,Coat,Outerwear,60,Connecticut,L,Pink,Fall,4.0,No,Next Day Air,0,No,10,Cash,Annually,0,0,0,1,60,143.87371636790223,Low,0,Promoter,56+,0.27346938775510204,0,0.3830282689993644,0,0,Growth Prospects
3723,23,Female,Jacket,Outerwear,34,Kentucky,Xl,Yellow,Fall,4.0,No,Standard,0,No,1,Credit Card,Fortnightly,0,0,0,26,884,612.7421076149916,Mid,0,Promoter,18-25,0.39607843137254906,0,0.3945644054822931,0,0,Growth Prospects
3724,26,Female,Sandals,Footwear,30,Rhode Island,M,Beige,Spring,3.6,No,Free Shipping,0,No,1,Debit Card,Monthly,0,0,0,12,360,249.5329850015803,Low,0,Neutral,26-35,0.2862745098039216,0,0.3376279318608393,0,0,Growth Prospects
3725,30,Female,Gloves,Accessories,71,Colorado,L,Green,Winter,3.1,No,Express,0,No,18,Bank Transfer,Annually,0,0,0,1,71,209.05516752081726,Low,0,Neutral,26-35,0.33877551020408164,0,0.2766320071286406,0,0,Growth Prospects
3726,18,Female,Dress,Clothing,100,Oklahoma,S,Turquoise,Winter,4.4,No,Next Day Air,0,No,2,Paypal,Annually,0,0,0,1,100,109.86122886681098,Low,0,Promoter,18-25,0.20816326530612245,0,0.4301914186053917,1,0,Growth Prospects
3727,47,Female,Belt,Accessories,85,Idaho,Xl,Orange,Fall,4.3,No,Next Day Air,0,No,36,Debit Card,Every 3 Months,0,0,0,4,340,1227.7120902990364,Mid,0,Promoter,46-55,0.5092436974789916,0,0.4456952562403873,1,0,At-Risk Loyalists
3728,41,Female,Socks,Clothing,83,Maine,M,Gold,Summer,3.5,No,Next Day Air,0,No,17,Debit Card,Bi-Weekly,0,0,0,26,2158,6237.422253539923,Premium,0,Neutral,36-45,0.5266906762705081,0,0.47295521844288463,1,0,Champions
3729,62,Female,Jacket,Outerwear,31,Vermont,L,Red,Winter,3.0,No,Standard,0,No,1,Debit Card,Annually,0,0,0,1,31,21.487562597358306,Low,0,Neutral,56+,0.2,0,0.26001705433897226,0,0,Growth Prospects
3730,28,Female,Boots,Footwear,82,Rhode Island,M,Teal,Spring,4.7,No,2-Day Shipping,0,No,50,Cash,Quarterly,0,0,0,4,328,1289.6388075335788,Mid,0,Promoter,26-35,0.6235294117647059,1,0.4952189142119927,1,1,At-Risk Loyalists
3731,46,Female,Shirt,Clothing,79,Florida,M,Teal,Summer,2.5,No,2-Day Shipping,0,No,3,Credit Card,Bi-Weekly,0,0,0,26,2054,2847.448617740255,High,0,Detractor,46-55,0.4124049619847939,0,0.26954759432879516,0,0,Growth Prospects
3732,54,Female,Hat,Accessories,62,West Virginia,M,Lavender,Spring,3.1,No,2-Day Shipping,0,No,45,Paypal,Quarterly,0,0,0,4,248,949.5030663292956,Mid,0,Neutral,46-55,0.5827130852340936,1,0.2948501429181588,0,0,At-Risk Loyalists
3733,36,Female,Shoes,Footwear,92,Indiana,L,Pink,Spring,3.3,No,Free Shipping,0,No,28,Paypal,Annually,0,0,0,1,92,309.7912163587556,Low,0,Neutral,36-45,0.4204081632653061,0,0.3031105380551006,0,0,Growth Prospects
3734,25,Female,Socks,Clothing,58,Illinois,M,Maroon,Fall,4.7,No,Next Day Air,0,No,6,Debit Card,Every 3 Months,0,0,0,4,232,451.4511545808327,Low,0,Promoter,18-25,0.26434573829531816,0,0.47459596896066125,1,0,Growth Prospects
3735,38,Female,Hoodie,Clothing,88,California,M,Beige,Spring,3.4,No,Next Day Air,0,No,33,Debit Card,Every 3 Months,0,0,0,4,352,1241.2789046648888,Mid,0,Neutral,36-45,0.4847539015606242,0,0.3380290569936152,0,0,At-Risk Loyalists
3736,38,Female,Sandals,Footwear,44,Massachusetts,L,Orange,Spring,3.1,No,2-Day Shipping,0,No,29,Paypal,Annually,0,0,0,1,44,149.65268479313485,Low,0,Neutral,36-45,0.4285714285714286,0,0.2751704559535898,0,0,Growth Prospects
3737,42,Female,Jeans,Clothing,56,Idaho,M,Red,Spring,4.6,No,Store Pickup,0,No,2,Paypal,Every 3 Months,0,0,0,4,224,246.08915266165658,Low,0,Promoter,36-45,0.23169267707082836,0,0.45754319908584445,1,0,Growth Prospects
3738,19,Female,Jewelry,Accessories,23,Kentucky,S,Maroon,Winter,4.9,No,Free Shipping,0,No,43,Paypal,Bi-Weekly,0,0,0,26,598,2262.94540108312,High,0,Promoter,18-25,0.7389355742296919,1,0.5431663542879964,1,1,Growth Prospects
3739,34,Female,Shorts,Clothing,45,Delaware,M,Brown,Spring,2.7,No,Free Shipping,0,No,48,Cash,Fortnightly,0,0,0,26,1170,4553.429748789433,High,0,Detractor,26-35,0.7797519007603042,1,0.33552191277824045,0,0,Growth Prospects
3740,38,Female,Sunglasses,Accessories,31,Idaho,M,Olive,Fall,4.2,No,Free Shipping,0,No,43,Credit Card,Weekly,0,0,0,52,1612,6100.113689876237,Premium,0,Promoter,36-45,0.9428571428571428,1,0.5535768496718825,1,1,Champions
3741,42,Female,Pants,Clothing,96,Virginia,M,Silver,Summer,2.6,No,Store Pickup,0,No,26,Debit Card,Bi-Weekly,0,0,0,26,2496,8226.408817546806,Premium,0,Detractor,36-45,0.6001600640256102,1,0.4138926620697955,0,0,Champions
3742,58,Female,Shirt,Clothing,96,Arizona,M,Purple,Spring,3.2,No,2-Day Shipping,0,No,26,Debit Card,Bi-Weekly,0,0,0,26,2496,8226.408817546806,Premium,0,Neutral,56+,0.6001600640256102,1,0.48589266206979553,1,1,Champions
3743,56,Female,Shirt,Clothing,80,Maryland,M,Gray,Fall,4.4,No,Standard,0,No,50,Credit Card,Bi-Weekly,0,0,0,26,2080,8178.1973160665975,Premium,0,Promoter,56+,0.7960784313725491,1,0.6287064561503832,1,1,Champions
3744,62,Female,Pants,Clothing,28,Idaho,L,Cyan,Fall,3.6,No,Free Shipping,0,No,36,Debit Card,Quarterly,0,0,0,4,112,404.4228062161531,Low,0,Neutral,56+,0.5092436974789916,0,0.34143887358927427,0,0,At-Risk Loyalists
3745,24,Female,Hoodie,Clothing,51,New Jersey,M,Gray,Summer,2.7,No,Next Day Air,0,No,26,Bank Transfer,Fortnightly,0,0,0,26,1326,4370.27968432174,High,0,Detractor,18-25,0.6001600640256102,1,0.3310156500827818,0,0,Growth Prospects
3746,60,Female,Socks,Clothing,41,Washington,L,Gold,Spring,4.3,No,Express,0,No,2,Debit Card,Monthly,0,0,0,12,492,540.5172460247101,Mid,0,Promoter,56+,0.29443777511004404,0,0.4287873698016621,1,0,Growth Prospects
3747,53,Female,Coat,Outerwear,99,Idaho,Xl,Cyan,Summer,2.6,No,Next Day Air,0,No,49,Paypal,Monthly,0,0,0,12,1188,4647.483330448637,High,0,Detractor,46-55,0.6781112444977992,1,0.32583602687717333,0,0,Growth Prospects
3748,26,Female,Sweater,Clothing,53,Rhode Island,L,Olive,Spring,4.3,No,Store Pickup,0,No,32,Bank Transfer,Bi-Weekly,0,0,0,26,1378,4818.18741970081,Premium,0,Promoter,26-35,0.649139655862345,1,0.5340360661815275,1,1,Champions
3749,34,Female,Backpack,Accessories,25,Delaware,M,Violet,Fall,3.9,No,2-Day Shipping,0,No,3,Venmo,Annually,0,0,0,1,25,34.657359027997266,Low,0,Neutral,26-35,0.2163265306122449,0,0.36834108677944477,0,0,Growth Prospects
3750,24,Female,Blouse,Clothing,95,Alaska,L,Yellow,Winter,2.9,No,2-Day Shipping,0,No,38,Venmo,Every 3 Months,0,0,0,4,380,1392.1534255292656,Mid,0,Detractor,18-25,0.5255702280912364,0,0.28174120542797343,0,0,At-Risk Loyalists
3751,42,Female,Hoodie,Clothing,88,Arizona,M,Gold,Fall,3.1,No,Free Shipping,0,No,5,Paypal,Monthly,0,0,0,12,1056,1892.097999504826,High,0,Neutral,36-45,0.3189275710284114,0,0.31804194684485926,0,0,Growth Prospects
3752,36,Female,Jewelry,Accessories,97,Alabama,S,Silver,Fall,4.2,No,Free Shipping,0,No,8,Credit Card,Every 3 Months,0,0,0,4,388,852.5231360064532,Mid,0,Promoter,36-45,0.280672268907563,0,0.42446402832140906,0,0,Growth Prospects
3753,24,Female,Coat,Outerwear,81,Washington,L,Pink,Winter,4.1,No,2-Day Shipping,0,No,43,Venmo,Weekly,0,0,0,52,4212,15939.006738063716,Premium,0,Promoter,18-25,0.9428571428571428,1,0.783655042963898,1,1,Champions
3754,39,Female,Sunglasses,Accessories,26,Louisiana,S,Turquoise,Winter,4.2,No,Next Day Air,0,No,22,Bank Transfer,Fortnightly,0,0,0,26,676,2119.594089968105,High,0,Promoter,36-45,0.5675070028011204,1,0.45563930848814826,1,1,Growth Prospects
3755,46,Female,Shoes,Footwear,41,Nebraska,M,Turquoise,Summer,4.4,No,Express,0,No,10,Cash,Every 3 Months,0,0,0,4,164,393.25482473893277,Low,0,Promoter,46-55,0.29699879951980795,0,0.43716409422481906,1,0,Growth Prospects
3756,64,Female,Skirt,Clothing,93,Pennsylvania,M,Peach,Fall,3.4,No,Free Shipping,0,No,26,Credit Card,Monthly,0,0,0,12,1116,3678.1539424608313,High,0,Neutral,56+,0.49035614245698284,0,0.39798644280306134,0,0,Growth Prospects
3757,64,Female,Skirt,Clothing,69,South Carolina,L,Teal,Spring,4.8,No,Express,0,No,42,Debit Card,Bi-Weekly,0,0,0,26,1794,6747.593007554251,Premium,0,Promoter,56+,0.7307723089235694,1,0.6415075669436101,1,1,Champions
3758,61,Female,Skirt,Clothing,44,California,L,Red,Fall,4.5,No,2-Day Shipping,0,No,33,Cash,Weekly,0,0,0,52,2288,8068.312880321778,Premium,0,Promoter,56+,0.8612244897959183,1,0.6380028363889184,1,1,Champions
3759,61,Female,Sandals,Footwear,54,Indiana,S,Black,Spring,2.7,No,Store Pickup,0,No,23,Bank Transfer,Quarterly,0,0,0,4,216,686.4596273551563,Mid,0,Detractor,56+,0.4031212484993998,0,0.24037816683789143,0,0,Growth Prospects
3760,44,Female,Sneakers,Footwear,61,Missouri,M,Pink,Spring,3.5,No,Store Pickup,0,No,30,Venmo,Quarterly,0,0,0,4,244,837.8928778943757,Mid,0,Neutral,36-45,0.4602641056422569,0,0.3401040623746484,0,0,At-Risk Loyalists
3761,65,Female,Socks,Clothing,80,Connecticut,M,Peach,Fall,3.1,No,Next Day Air,0,No,36,Paypal,Weekly,0,0,0,52,4160,15021.418516599973,Premium,0,Neutral,56+,0.8857142857142857,1,0.6410785094300879,1,1,Champions
3762,60,Female,Backpack,Accessories,30,Nevada,M,Green,Summer,2.8,No,Next Day Air,0,No,3,Venmo,Every 3 Months,0,0,0,4,120,166.35532333438687,Low,0,Detractor,56+,0.2398559423769508,0,0.23958141118417042,0,0,Growth Prospects
3763,65,Female,Shorts,Clothing,94,New York,L,Green,Fall,2.9,No,Store Pickup,0,No,13,Paypal,Annually,0,0,0,1,94,248.07138898383428,Low,0,Detractor,56+,0.2979591836734694,0,0.2535919704451021,0,0,Growth Prospects
3764,27,Female,Shirt,Clothing,24,Oklahoma,Xl,Red,Winter,4.5,No,Standard,0,No,38,Cash,Every 3 Months,0,0,0,4,96,351.701918028446,Low,0,Promoter,26-35,0.5255702280912364,0,0.4481417177711631,1,0,At-Risk Loyalists
3765,36,Female,Socks,Clothing,21,South Dakota,M,Maroon,Fall,3.5,No,Next Day Air,0,No,19,Venmo,Monthly,0,0,0,12,252,754.9245329356057,Mid,0,Neutral,36-45,0.4332132853141257,0,0.3380626917702848,0,0,Growth Prospects
3766,22,Female,Jewelry,Accessories,52,Missouri,M,Green,Summer,4.3,No,Standard,0,No,14,Bank Transfer,Bi-Weekly,0,0,0,26,1352,3661.283871890188,High,0,Promoter,18-25,0.5022008803521409,0,0.5055713680396252,1,0,Growth Prospects
3767,62,Female,Handbag,Accessories,59,Texas,M,Black,Fall,4.9,No,Next Day Air,0,No,43,Debit Card,Annually,0,0,0,1,59,223.2671884011774,Low,0,Promoter,56+,0.5428571428571429,0,0.4929816826786132,1,0,At-Risk Loyalists
3768,59,Female,Shorts,Clothing,51,New York,Xl,Black,Summer,3.1,No,Free Shipping,0,No,10,Bank Transfer,Fortnightly,0,0,0,26,1326,3179.6091317306395,High,0,Neutral,56+,0.4695478191276511,0,0.34972014145538,0,0,Growth Prospects
3769,50,Female,Sweater,Clothing,35,Vermont,M,Yellow,Winter,4.0,No,Free Shipping,0,No,34,Bank Transfer,Quarterly,0,0,0,4,140,497.74872860851787,Low,0,Promoter,46-55,0.49291716686674675,0,0.3917350842066075,0,0,At-Risk Loyalists
3770,51,Female,Gloves,Accessories,87,Arizona,L,Green,Summer,3.6,No,Standard,0,No,31,Venmo,Annually,0,0,0,1,87,301.5190235435762,Low,0,Neutral,46-55,0.4448979591836735,0,0.3389070072837573,0,0,At-Risk Loyalists
3771,23,Female,Pants,Clothing,42,Montana,L,Black,Summer,4.0,No,Store Pickup,0,No,34,Bank Transfer,Weekly,0,0,0,52,2184,7764.880166292879,Premium,0,Promoter,18-25,0.8693877551020408,1,0.5705371140929187,1,1,Champions
3772,21,Female,T-Shirt,Clothing,86,Oklahoma,M,Red,Winter,2.6,No,Express,0,No,28,Venmo,Bi-Weekly,0,0,0,26,2236,7529.273475849756,Premium,0,Detractor,18-25,0.616486594637855,1,0.39674019754238377,0,0,Champions
3773,44,Female,Pants,Clothing,26,New Hampshire,L,Yellow,Fall,3.1,No,Next Day Air,0,No,35,Cash,Annually,0,0,0,1,26,93.17149239985886,Low,0,Neutral,36-45,0.4775510204081633,0,0.2737807808201599,0,0,At-Risk Loyalists
3774,25,Female,Sweater,Clothing,60,Wisconsin,M,Violet,Summer,3.5,No,Store Pickup,0,No,41,Cash,Quarterly,0,0,0,4,240,897.0407083880084,Mid,0,Neutral,18-25,0.5500600240096039,1,0.34155934803258925,0,0,At-Risk Loyalists
3775,57,Female,Gloves,Accessories,83,Alaska,S,Cyan,Winter,3.9,No,Standard,0,No,48,Paypal,Fortnightly,0,0,0,26,2158,8398.548203322733,Premium,0,Neutral,56+,0.7797519007603042,1,0.5741280157116069,1,1,Champions
3776,41,Female,Belt,Accessories,63,South Dakota,S,Pink,Spring,2.7,No,2-Day Shipping,0,No,45,Cash,Quarterly,0,0,0,4,252,964.8176319152519,Mid,0,Detractor,36-45,0.5827130852340936,1,0.24722694570988984,0,0,At-Risk Loyalists
3777,19,Female,Sneakers,Footwear,25,Alaska,L,Olive,Spring,4.1,No,Standard,0,No,10,Credit Card,Fortnightly,0,0,0,26,650,1558.6319273189408,High,0,Promoter,18-25,0.4695478191276511,0,0.4298372774899245,1,0,Growth Prospects
3778,43,Female,Shorts,Clothing,65,Utah,M,Maroon,Fall,4.3,No,Express,0,No,9,Cash,Weekly,0,0,0,52,3380,7782.737614319875,Premium,0,Promoter,36-45,0.6653061224489796,1,0.6069764824988979,1,1,Champions
3779,25,Female,Sneakers,Footwear,60,South Dakota,M,Cyan,Fall,2.9,No,Free Shipping,0,No,30,Debit Card,Annually,0,0,0,1,60,206.03923226910877,Low,0,Detractor,18-25,0.43673469387755104,0,0.25255780242357434,0,0,At-Risk Loyalists
3780,60,Female,Jeans,Clothing,75,California,Xl,Lavender,Spring,4.0,No,Express,0,No,45,Paypal,Annually,0,0,0,1,75,287.1481047366821,Low,0,Promoter,56+,0.5591836734693878,1,0.38655342217579025,0,0,At-Risk Loyalists
3781,54,Female,Sneakers,Footwear,57,Mississippi,L,Yellow,Fall,4.1,No,Free Shipping,0,No,41,Venmo,Quarterly,0,0,0,4,228,852.188672968608,Mid,0,Promoter,46-55,0.5500600240096039,1,0.4124557991225014,0,0,At-Risk Loyalists
3782,52,Female,Boots,Footwear,99,Tennessee,M,Pink,Winter,3.7,No,Standard,0,No,40,Paypal,Fortnightly,0,0,0,26,2574,9558.73449969689,Premium,0,Neutral,46-55,0.7144457783113245,1,0.5786734832894002,1,1,Champions
3783,40,Female,Jacket,Outerwear,45,Alabama,L,Orange,Spring,2.8,No,Free Shipping,0,No,42,Paypal,Fortnightly,0,0,0,26,1170,4400.604135361468,High,0,Detractor,36-45,0.7307723089235694,1,0.34376175925220925,0,0,Growth Prospects
3784,39,Female,Gloves,Accessories,66,Maine,Xl,Orange,Summer,3.2,No,Free Shipping,0,No,17,Debit Card,Fortnightly,0,0,0,26,1716,4959.8779365498185,Premium,0,Neutral,36-45,0.5266906762705081,0,0.4055222494500548,0,0,Champions
3785,54,Female,Socks,Clothing,53,Virginia,M,Violet,Winter,4.5,No,Next Day Air,0,No,4,Venmo,Annually,0,0,0,1,53,85.30020935900731,Low,0,Promoter,46-55,0.22448979591836737,0,0.44158711411719975,1,0,Growth Prospects
3786,64,Female,Jeans,Clothing,94,New Hampshire,L,Lavender,Winter,3.8,No,Standard,0,No,6,Cash,Monthly,0,0,0,12,1128,2194.9866481343934,High,0,Neutral,56+,0.32709083633453384,0,0.409494282841378,0,0,Growth Prospects
3787,31,Female,Boots,Footwear,47,Tennessee,L,Yellow,Fall,3.6,No,2-Day Shipping,0,No,22,Venmo,Weekly,0,0,0,52,2444,7663.147863730842,Premium,0,Neutral,26-35,0.7714285714285714,1,0.5200340711303579,1,1,Champions
3788,37,Female,Blouse,Clothing,80,New York,M,Pink,Fall,3.6,No,2-Day Shipping,0,No,46,Paypal,Every 3 Months,0,0,0,4,320,1232.0472325472188,Mid,0,Neutral,36-45,0.5908763505402161,1,0.3618019189917725,0,0,At-Risk Loyalists
3789,43,Female,Hat,Accessories,65,Kansas,Xl,Teal,Spring,3.2,No,Next Day Air,0,No,27,Debit Card,Monthly,0,0,0,12,780,2599.119517936659,High,0,Neutral,36-45,0.49851940776310527,0,0.34743765294332996,0,0,Growth Prospects
3790,56,Female,Shirt,Clothing,75,North Dakota,M,Magenta,Summer,3.8,No,Express,0,No,18,Bank Transfer,Every 3 Months,0,0,0,4,300,883.3316937499321,Mid,0,Neutral,56+,0.3623049219687875,0,0.37722204855396435,0,0,Growth Prospects
3791,27,Female,Handbag,Accessories,45,Alaska,Xl,Beige,Summer,4.4,No,Standard,0,No,31,Credit Card,Weekly,0,0,0,52,2340,8109.82201255136,Premium,0,Promoter,26-35,0.8448979591836736,1,0.6270241358060422,1,1,Champions
3792,40,Female,Sunglasses,Accessories,51,Texas,M,Gray,Spring,3.7,No,Store Pickup,0,No,1,Venmo,Weekly,0,0,0,52,2652,1838.226322844975,High,0,Neutral,36-45,0.6000000000000001,1,0.3887164767852136,0,0,Growth Prospects
3793,43,Female,Scarf,Accessories,58,Massachusetts,S,Turquoise,Summer,2.6,No,Express,0,No,2,Paypal,Fortnightly,0,0,0,26,1508,1656.7073313115095,High,0,Detractor,36-45,0.4042416966786715,0,0.25225034535117946,0,0,Growth Prospects
3794,62,Female,Sunglasses,Accessories,20,Delaware,M,Pink,Fall,4.0,No,Standard,0,No,46,Bank Transfer,Annually,0,0,0,1,20,77.00295203420117,Low,0,Promoter,56+,0.5673469387755102,1,0.38138296665339155,0,0,At-Risk Loyalists
3795,44,Female,Scarf,Accessories,82,South Dakota,M,Violet,Summer,3.6,No,2-Day Shipping,0,No,27,Venmo,Weekly,0,0,0,52,4264,14208.520031387068,Premium,0,Neutral,36-45,0.8122448979591836,1,0.6810777841791504,1,1,Champions
3796,45,Female,Gloves,Accessories,92,Arkansas,M,Charcoal,Spring,2.5,No,Express,0,No,3,Cash,Weekly,0,0,0,52,4784,6632.032223597556,Premium,0,Detractor,36-45,0.616326530612245,1,0.36266428511722626,0,0,Champions
3797,40,Female,Shorts,Clothing,81,Utah,M,Lavender,Fall,3.2,No,Free Shipping,0,No,47,Bank Transfer,Quarterly,0,0,0,4,324,1254.2691275341567,Mid,0,Neutral,36-45,0.5990396158463387,1,0.3143486711684265,0,0,At-Risk Loyalists
3798,68,Female,Sunglasses,Accessories,44,California,M,Gray,Summer,2.5,No,Next Day Air,0,No,20,Cash,Quarterly,0,0,0,4,176,535.8359490393225,Mid,0,Detractor,56+,0.3786314525810324,0,0.21267219018633995,0,0,Growth Prospects
3799,63,Female,Jewelry,Accessories,72,Rhode Island,S,Brown,Winter,3.2,No,Next Day Air,0,No,23,Credit Card,Annually,0,0,0,1,72,228.8198757850521,Low,0,Neutral,56+,0.3795918367346939,0,0.289118302166519,0,0,Growth Prospects
3800,60,Female,Jacket,Outerwear,26,Oklahoma,L,Violet,Winter,2.6,No,Store Pickup,0,No,13,Credit Card,Monthly,0,0,0,12,312,823.3858868399607,Mid,0,Detractor,56+,0.384233693477391,0,0.23174712931649277,0,0,Growth Prospects
3801,19,Female,Sweater,Clothing,26,Vermont,M,Turquoise,Fall,4.8,No,Next Day Air,0,No,12,Venmo,Bi-Weekly,0,0,0,26,676,1733.9057656439988,High,0,Promoter,18-25,0.48587434973989596,0,0.5181497518613075,1,0,Growth Prospects
3802,26,Female,Blouse,Clothing,84,Kentucky,M,Peach,Spring,5.0,No,Store Pickup,0,No,36,Paypal,Fortnightly,0,0,0,26,2184,7886.244721214986,Premium,0,Promoter,26-35,0.6817927170868348,1,0.6935231931204417,1,1,Champions
3803,70,Female,Scarf,Accessories,72,Illinois,S,Turquoise,Spring,3.2,No,2-Day Shipping,0,No,1,Bank Transfer,Monthly,0,0,0,12,864,598.8791640037928,Mid,0,Neutral,56+,0.2862745098039216,0,0.2982233187028483,0,0,Growth Prospects
3804,48,Female,Handbag,Accessories,55,Connecticut,M,Violet,Spring,3.6,No,Standard,0,No,14,Debit Card,Weekly,0,0,0,52,2860,7745.0235751523205,Premium,0,Neutral,46-55,0.7061224489795919,1,0.5220485583494321,1,1,Champions
3805,37,Female,Hat,Accessories,77,Florida,M,Olive,Fall,2.7,No,2-Day Shipping,0,No,45,Cash,Annually,0,0,0,1,77,294.8053875296603,Low,0,Detractor,36-45,0.5591836734693878,1,0.23074182357165582,0,0,At-Risk Loyalists
3806,48,Female,Scarf,Accessories,57,New Jersey,M,Green,Fall,3.1,No,Standard,0,No,31,Credit Card,Quarterly,0,0,0,4,228,790.1877858383376,Mid,0,Neutral,46-55,0.4684273709483794,0,0.2909303162591865,0,0,At-Risk Loyalists
3807,18,Female,Boots,Footwear,71,Missouri,M,Teal,Spring,3.0,No,Standard,0,No,41,Paypal,Weekly,0,0,0,52,3692,13799.476230702196,Premium,0,Neutral,18-25,0.926530612244898,1,0.5990135845011861,1,1,Champions
3808,38,Female,Blouse,Clothing,39,Michigan,L,Peach,Spring,2.9,No,Next Day Air,0,No,36,Paypal,Annually,0,0,0,1,39,140.82579859312474,Low,0,Detractor,36-45,0.48571428571428577,0,0.25095327738957585,0,0,At-Risk Loyalists
3809,33,Female,Socks,Clothing,28,Washington,M,Pink,Winter,4.7,No,Express,0,No,6,Debit Card,Bi-Weekly,0,0,0,26,728,1416.622588512268,Mid,0,Promoter,26-35,0.4368947579031613,0,0.4983432498589152,1,0,Growth Prospects
3810,57,Female,Shoes,Footwear,33,New York,S,Maroon,Winter,3.7,No,Standard,0,No,28,Credit Card,Annually,0,0,0,1,33,111.12076238955365,Low,0,Neutral,56+,0.4204081632653061,0,0.3462224084330158,0,0,Growth Prospects
3811,46,Female,Skirt,Clothing,79,Wisconsin,L,Peach,Fall,3.9,No,Free Shipping,0,No,29,Venmo,Monthly,0,0,0,12,948,3224.335117815723,High,0,Neutral,46-55,0.5148459383753501,0,0.446820589021143,1,0,Growth Prospects
3812,46,Female,Belt,Accessories,30,Idaho,M,Maroon,Winter,4.0,No,Standard,0,No,14,Cash,Monthly,0,0,0,12,360,974.8980723967957,Mid,0,Promoter,46-55,0.39239695878351344,0,0.4034749669870201,0,0,Growth Prospects
3813,50,Female,Skirt,Clothing,75,Michigan,M,Pink,Spring,2.8,No,Next Day Air,0,No,7,Bank Transfer,Every 3 Months,0,0,0,4,300,623.8324625039508,Mid,0,Detractor,46-55,0.2725090036014406,0,0.2508372749058489,0,0,Growth Prospects
3814,61,Female,Pants,Clothing,89,Georgia,M,Orange,Summer,4.1,No,Express,0,No,31,Venmo,Bi-Weekly,0,0,0,26,2314,8019.712879078567,Premium,0,Promoter,56+,0.6409763905562225,1,0.588807071739651,1,1,Champions
3815,45,Female,Dress,Clothing,95,Michigan,M,Orange,Winter,4.2,No,Free Shipping,0,No,26,Bank Transfer,Every 3 Months,0,0,0,4,380,1252.418009081645,Mid,0,Promoter,36-45,0.4276110444177671,0,0.4343031258608031,1,0,Growth Prospects
3816,32,Female,Hat,Accessories,44,Maine,M,Brown,Fall,4.3,No,Express,0,No,12,Venmo,Fortnightly,0,0,0,26,1144,2934.302064935998,High,0,Promoter,26-35,0.48587434973989596,0,0.4876845548054824,1,0,Growth Prospects
3817,29,Female,Coat,Outerwear,86,Maryland,S,Silver,Summer,4.3,No,Store Pickup,0,No,45,Credit Card,Fortnightly,0,0,0,26,2236,8560.842162549616,Premium,0,Promoter,26-35,0.7552621048419368,1,0.6261211304084975,1,1,Champions
3818,66,Female,Scarf,Accessories,91,Missouri,M,Magenta,Fall,2.6,No,Express,0,No,40,Paypal,Annually,0,0,0,1,91,337.935058070092,Low,0,Detractor,56+,0.5183673469387755,0,0.2198029950541155,0,0,At-Risk Loyalists
3819,70,Female,Sneakers,Footwear,41,Oregon,Xl,Indigo,Winter,3.8,No,Free Shipping,0,No,42,Cash,Monthly,0,0,0,12,492,1850.5104569212326,High,0,Neutral,56+,0.6209683873549421,1,0.4010187182028988,0,0,Growth Prospects
3820,36,Female,Pants,Clothing,99,Arkansas,S,Gold,Spring,2.9,No,Express,0,No,45,Cash,Quarterly,0,0,0,4,396,1516.1419930096818,Mid,0,Detractor,36-45,0.5827130852340936,1,0.2847918462122081,0,0,At-Risk Loyalists
3821,34,Female,Belt,Accessories,65,New Hampshire,M,Purple,Winter,5.0,No,Standard,0,No,34,Debit Card,Quarterly,0,0,0,4,260,924.3904959872475,Mid,0,Promoter,26-35,0.49291716686674675,0,0.5222322679572716,1,0,At-Risk Loyalists
3822,20,Female,Sneakers,Footwear,48,Oregon,M,Gold,Summer,4.6,No,Free Shipping,0,No,34,Credit Card,Every 3 Months,0,0,0,4,192,682.6268278059674,Mid,0,Promoter,18-25,0.49291716686674675,0,0.46828386383189524,1,0,At-Risk Loyalists
3823,70,Female,Hat,Accessories,41,Kansas,S,Gold,Spring,3.2,No,Free Shipping,0,No,17,Paypal,Every 3 Months,0,0,0,4,164,474.020968294971,Low,0,Neutral,56+,0.35414165666266506,0,0.2951512814028331,0,0,Growth Prospects
3824,50,Female,Shirt,Clothing,42,California,M,Gold,Summer,3.0,No,Standard,0,No,27,Bank Transfer,Weekly,0,0,0,52,2184,7277.534650222645,Premium,0,Neutral,46-55,0.8122448979591836,1,0.4385463625458248,1,1,Champions
3825,54,Female,Shorts,Clothing,26,Georgia,M,Olive,Summer,4.0,No,Free Shipping,0,No,31,Credit Card,Quarterly,0,0,0,4,104,360.43653389117156,Low,0,Promoter,46-55,0.4684273709483794,0,0.38835662609639765,0,0,At-Risk Loyalists
3826,49,Female,Shorts,Clothing,35,Hawaii,L,Green,Fall,4.1,No,Express,0,No,47,Debit Card,Fortnightly,0,0,0,26,910,3522.7929199261807,High,0,Promoter,46-55,0.7715886354541817,1,0.47816390753827187,1,1,Growth Prospects
3827,50,Female,Jacket,Outerwear,31,Montana,M,Gray,Summer,4.0,No,Express,0,No,25,Bank Transfer,Annually,0,0,0,1,31,101.00099267866595,Low,0,Promoter,46-55,0.3959183673469388,0,0.3819734194912573,0,0,Growth Prospects
3828,62,Female,Jewelry,Accessories,73,Montana,M,Red,Summer,4.1,No,Standard,0,No,47,Cash,Fortnightly,0,0,0,26,1898,7347.539518703177,Premium,0,Promoter,56+,0.7715886354541817,1,0.5722687770492056,1,1,Champions
3829,42,Female,Blouse,Clothing,82,Mississippi,M,Charcoal,Spring,3.4,No,Free Shipping,0,No,8,Cash,Weekly,0,0,0,52,4264,9368.96559776164,Premium,0,Neutral,36-45,0.6571428571428573,1,0.538004369325207,1,1,Champions
3830,69,Female,Pants,Clothing,32,Washington,M,Indigo,Spring,2.9,No,Free Shipping,0,No,32,Debit Card,Fortnightly,0,0,0,26,832,2909.0942911401116,High,0,Detractor,56+,0.649139655862345,1,0.3190643374387994,0,0,Growth Prospects
3831,22,Female,Hat,Accessories,27,Pennsylvania,M,Indigo,Summer,3.0,No,2-Day Shipping,0,No,33,Bank Transfer,Every 3 Months,0,0,0,4,108,380.8469366585455,Low,0,Neutral,18-25,0.4847539015606242,0,0.2688588079375956,0,0,At-Risk Loyalists
3832,36,Female,Backpack,Accessories,86,Nevada,L,Silver,Spring,4.0,No,Next Day Air,0,No,16,Debit Card,Every 3 Months,0,0,0,4,344,974.6253903553384,Mid,0,Promoter,36-45,0.3459783913565426,0,0.4034682578607377,0,0,Growth Prospects
3833,64,Female,Boots,Footwear,38,Kansas,Xl,Purple,Winter,4.8,No,2-Day Shipping,0,No,27,Cash,Weekly,0,0,0,52,1976,6584.436112106203,Premium,0,Promoter,56+,0.8122448979591836,1,0.6374932203824921,1,1,Champions
3834,44,Female,Jacket,Outerwear,93,Arizona,L,Gray,Summer,4.6,No,Free Shipping,0,No,17,Paypal,Every 3 Months,0,0,0,4,372,1075.2182939373731,Mid,0,Promoter,36-45,0.35414165666266506,0,0.4779432668112235,1,0,Growth Prospects
3835,43,Female,Hoodie,Clothing,59,Tennessee,M,Magenta,Winter,4.1,No,2-Day Shipping,0,No,17,Cash,Quarterly,0,0,0,4,236,682.1277348634949,Mid,0,Promoter,36-45,0.35414165666266506,0,0.40827158404419894,0,0,Growth Prospects
3836,58,Female,Sandals,Footwear,58,Pennsylvania,L,Silver,Winter,2.6,No,Express,0,No,28,Paypal,Bi-Weekly,0,0,0,26,1508,5077.882111619603,Premium,0,Detractor,56+,0.616486594637855,1,0.33642564898513466,0,0,Champions
3837,62,Female,Skirt,Clothing,84,Alaska,M,Violet,Spring,2.5,No,Free Shipping,0,No,38,Paypal,Fortnightly,0,0,0,26,2184,8001.218635147147,Premium,0,Detractor,56+,0.6981192476990796,1,0.3963520354733461,0,0,Champions
3838,45,Female,Hoodie,Clothing,100,New Mexico,M,Green,Spring,4.8,No,Free Shipping,0,No,33,Bank Transfer,Fortnightly,0,0,0,26,2600,9168.53736400202,Premium,0,Promoter,36-45,0.6573029211684673,1,0.7010729909195665,1,1,Champions
3839,47,Female,Dress,Clothing,25,Rhode Island,L,Green,Summer,4.2,No,Express,0,No,24,Venmo,Every 3 Months,0,0,0,4,100,321.88758248682007,Low,0,Promoter,46-55,0.4112845138055222,0,0.4114081595907082,0,0,Growth Prospects
3840,66,Female,Sandals,Footwear,29,Connecticut,M,Peach,Spring,3.9,No,Free Shipping,0,No,14,Venmo,Quarterly,0,0,0,4,116,314.13382332785636,Low,0,Neutral,56+,0.32965186074429775,0,0.3752173844700487,0,0,Growth Prospects
3841,30,Female,Jeans,Clothing,42,Idaho,M,Turquoise,Spring,3.7,No,Express,0,No,5,Venmo,Fortnightly,0,0,0,26,1092,1956.601340397036,High,0,Neutral,26-35,0.4287314925970388,0,0.3916290006067011,0,0,Growth Prospects
3842,68,Female,Jeans,Clothing,57,Mississippi,L,Pink,Fall,4.2,No,2-Day Shipping,0,No,8,Bank Transfer,Monthly,0,0,0,12,684,1502.9016108979743,Mid,0,Promoter,56+,0.3434173669467787,0,0.4404660770667972,1,0,Growth Prospects
3843,35,Female,Jacket,Outerwear,84,Colorado,L,Lavender,Winter,4.2,No,Next Day Air,0,No,42,Debit Card,Monthly,0,0,0,12,1008,3791.289716619111,High,0,Promoter,26-35,0.6209683873549421,1,0.4967700591784802,1,1,Growth Prospects
3844,64,Female,Hat,Accessories,71,Georgia,L,Silver,Winter,4.0,No,Free Shipping,0,No,48,Venmo,Every 3 Months,0,0,0,4,284,1105.2769646634179,Mid,0,Promoter,56+,0.607202881152461,1,0.40668283666593,0,0,At-Risk Loyalists
3845,30,Female,Shorts,Clothing,87,Montana,S,Cyan,Fall,5.0,No,Next Day Air,0,No,40,Venmo,Quarterly,0,0,0,4,348,1292.3230792130992,Mid,0,Promoter,26-35,0.5418967587034815,0,0.5312849585967929,1,0,At-Risk Loyalists
3846,58,Female,Sweater,Clothing,52,California,M,Green,Winter,4.9,No,Standard,0,No,46,Venmo,Annually,0,0,0,1,52,200.20767528892304,Low,0,Promoter,56+,0.5673469387755102,1,0.49241432156948556,1,1,At-Risk Loyalists
3847,57,Female,Blouse,Clothing,58,Pennsylvania,L,Orange,Summer,4.0,No,Express,0,No,40,Paypal,Every 3 Months,0,0,0,4,232,861.5487194753995,Mid,0,Promoter,56+,0.5418967587034815,0,0.40068609567480623,0,0,At-Risk Loyalists
3848,60,Female,Sweater,Clothing,34,Delaware,S,Blue,Fall,3.2,No,2-Day Shipping,0,No,31,Paypal,Fortnightly,0,0,0,26,884,3063.710538074958,High,0,Neutral,56+,0.6409763905562225,1,0.3588685480881341,0,0,Growth Prospects
3849,22,Female,Jewelry,Accessories,60,New Hampshire,M,Magenta,Winter,3.0,No,Next Day Air,0,No,39,Cash,Every 3 Months,0,0,0,4,240,885.3310689873447,Mid,0,Neutral,18-25,0.533733493397359,0,0.2812712416026961,0,0,At-Risk Loyalists
3850,46,Female,Hoodie,Clothing,68,Florida,S,Cyan,Winter,2.6,No,Express,0,No,36,Paypal,Fortnightly,0,0,0,26,1768,6384.1028695549885,Premium,0,Detractor,46-55,0.6817927170868348,1,0.3685641791605162,0,0,Champions
3851,27,Female,Jewelry,Accessories,74,Mississippi,L,Indigo,Summer,4.4,No,2-Day Shipping,0,No,25,Debit Card,Every 3 Months,0,0,0,4,296,964.3965752543587,Mid,0,Promoter,26-35,0.41944777911164466,0,0.4512165859432735,1,0,Growth Prospects
3852,50,Female,Scarf,Accessories,83,Montana,M,Pink,Summer,3.9,No,Free Shipping,0,No,24,Debit Card,Annually,0,0,0,1,83,267.16669346406064,Low,0,Neutral,46-55,0.38775510204081637,0,0.37406179533152933,0,0,Growth Prospects
3853,65,Female,Hat,Accessories,79,Mississippi,M,Peach,Fall,4.0,No,2-Day Shipping,0,No,19,Paypal,Weekly,0,0,0,52,4108,12306.468179759795,Premium,0,Promoter,56+,0.7469387755102042,1,0.6822793004945975,1,1,Champions
3854,61,Female,Sunglasses,Accessories,76,Tennessee,M,Lavender,Fall,4.0,No,Store Pickup,0,No,49,Debit Card,Bi-Weekly,0,0,0,26,1976,7730.157458726017,Premium,0,Promoter,56+,0.7879151660664265,1,0.5696827892951164,1,1,Champions
3855,57,Female,T-Shirt,Clothing,20,Florida,M,Black,Spring,4.2,No,Free Shipping,0,No,4,Venmo,Annually,0,0,0,1,20,32.18875824868201,Low,0,Promoter,56+,0.22448979591836737,0,0.40428034880682034,0,0,Growth Prospects
3856,40,Female,Shirt,Clothing,61,Illinois,Xl,Lavender,Summer,4.4,No,Next Day Air,0,No,36,Cash,Quarterly,0,0,0,4,244,881.0639706851907,Mid,0,Promoter,36-45,0.5092436974789916,0,0.44916625301886604,1,0,At-Risk Loyalists
3857,39,Female,Sandals,Footwear,78,Virginia,S,Brown,Summer,2.5,No,Free Shipping,0,No,8,Debit Card,Quarterly,0,0,0,4,312,685.5340681289005,Mid,0,Detractor,36-45,0.280672268907563,0,0.2163553941840797,0,0,Growth Prospects
3858,42,Female,Hat,Accessories,21,Texas,S,Yellow,Summer,3.1,No,Store Pickup,0,No,29,Credit Card,Every 3 Months,0,0,0,4,84,285.7005800596211,Low,0,Neutral,36-45,0.45210084033613446,0,0.278517806974278,0,0,Growth Prospects
3859,30,Female,T-Shirt,Clothing,77,Missouri,M,Olive,Winter,3.5,No,Store Pickup,0,No,26,Credit Card,Quarterly,0,0,0,4,308,1015.1177547293333,Mid,0,Neutral,26-35,0.4276110444177671,0,0.3444645405077561,0,0,Growth Prospects
3860,65,Female,Shorts,Clothing,88,Mississippi,S,Blue,Fall,3.0,No,2-Day Shipping,0,No,47,Bank Transfer,Bi-Weekly,0,0,0,26,2288,8857.307912957254,Premium,0,Neutral,56+,0.7715886354541817,1,0.47741543606667963,1,1,Champions
3861,57,Female,Sunglasses,Accessories,64,Pennsylvania,M,Turquoise,Summer,4.4,No,Next Day Air,0,No,44,Cash,Annually,0,0,0,1,64,243.62639934530046,Low,0,Promoter,56+,0.5510204081632653,1,0.43348260498542823,1,1,At-Risk Loyalists
3862,64,Female,Jacket,Outerwear,57,Wyoming,M,Yellow,Spring,4.9,No,Standard,0,No,49,Credit Card,Monthly,0,0,0,12,684,2675.823735712852,High,0,Promoter,56+,0.6781112444977992,1,0.5533248996453926,1,1,Growth Prospects
3863,56,Female,Shirt,Clothing,49,Idaho,L,Turquoise,Winter,2.8,No,Next Day Air,0,No,9,Venmo,Monthly,0,0,0,12,588,1353.920034680499,Mid,0,Detractor,56+,0.35158063225290115,0,0.26880050304054354,0,0,Growth Prospects
3864,40,Female,Scarf,Accessories,35,New Hampshire,M,Orange,Summer,3.3,No,Free Shipping,0,No,28,Cash,Fortnightly,0,0,0,26,910,3064.2392052876917,High,0,Neutral,36-45,0.616486594637855,1,0.3708815555273942,0,0,Growth Prospects
3865,55,Female,T-Shirt,Clothing,99,Wyoming,S,Blue,Winter,4.9,No,Express,0,No,1,Debit Card,Fortnightly,0,0,0,26,2574,1784.1608427612991,High,0,Promoter,46-55,0.39607843137254906,0,0.5313862383453789,1,0,Growth Prospects
3866,25,Female,Shorts,Clothing,42,Nebraska,M,Olive,Spring,4.2,No,Store Pickup,0,No,28,Cash,Every 3 Months,0,0,0,4,168,565.7056994377276,Mid,0,Promoter,18-25,0.44393757503001197,0,0.41740711180558265,0,0,Growth Prospects
3867,58,Female,Hat,Accessories,32,Alaska,M,Beige,Winter,3.3,No,2-Day Shipping,0,No,33,Credit Card,Fortnightly,0,0,0,26,832,2933.9319564806465,High,0,Neutral,56+,0.6573029211684673,1,0.36767544857922757,0,0,Growth Prospects
3868,46,Female,Jacket,Outerwear,21,Maryland,L,Lavender,Summer,2.7,No,Standard,0,No,28,Credit Card,Monthly,0,0,0,12,252,848.5585491565915,Mid,0,Detractor,46-55,0.5066826730692278,0,0.24436648279295753,0,0,Growth Prospects
3869,18,Female,Dress,Clothing,29,Maryland,Xl,Magenta,Winter,3.3,No,2-Day Shipping,0,No,9,Cash,Annually,0,0,0,1,29,66.77496769682733,Low,0,Neutral,18-25,0.2653061224489796,0,0.2971313151762097,0,0,Growth Prospects
3870,26,Female,Coat,Outerwear,64,Arizona,L,Cyan,Spring,3.8,No,Free Shipping,0,No,28,Bank Transfer,Annually,0,0,0,1,64,215.50693311913435,Low,0,Neutral,26-35,0.4204081632653061,0,0.3607907477259755,0,0,Growth Prospects
3871,61,Female,Sandals,Footwear,46,Ohio,L,Lavender,Fall,3.2,No,Next Day Air,0,No,19,Cash,Every 3 Months,0,0,0,4,184,551.2147383339343,Mid,0,Neutral,56+,0.37046818727491,0,0.2970505731517025,0,0,Growth Prospects
3872,55,Female,T-Shirt,Clothing,97,Minnesota,M,Black,Fall,4.1,No,2-Day Shipping,0,No,20,Bank Transfer,Every 3 Months,0,0,0,4,388,1181.274705836688,Mid,0,Promoter,46-55,0.3786314525810324,0,0.4205527010691099,0,0,Growth Prospects
3873,41,Female,Jacket,Outerwear,94,New Hampshire,M,Green,Spring,4.3,No,Standard,0,No,3,Cash,Monthly,0,0,0,12,1128,1563.7400393432365,High,0,Promoter,36-45,0.3026010404161665,0,0.45396295855220653,1,0,Growth Prospects
3874,42,Female,Sandals,Footwear,43,Louisiana,L,Silver,Summer,4.0,No,Standard,0,No,22,Credit Card,Weekly,0,0,0,52,2236,7010.965066817579,Premium,0,Promoter,36-45,0.7714285714285714,1,0.5519876284665686,1,1,Champions
3875,70,Female,Sweater,Clothing,54,Nevada,Xl,Beige,Summer,3.9,No,2-Day Shipping,0,No,33,Credit Card,Bi-Weekly,0,0,0,26,1404,4951.010176561091,Premium,0,Neutral,56+,0.6573029211684673,1,0.489304065218749,1,1,Champions
3876,63,Female,Hat,Accessories,51,New Hampshire,M,Pink,Winter,3.3,No,2-Day Shipping,0,No,21,Credit Card,Annually,0,0,0,1,51,157.6431651212741,Low,0,Neutral,56+,0.363265306122449,0,0.29936705541166886,0,0,Growth Prospects
3877,60,Female,Shoes,Footwear,85,Wisconsin,S,Cyan,Fall,2.6,No,2-Day Shipping,0,No,7,Cash,Annually,0,0,0,1,85,176.75253104278605,Low,0,Detractor,56+,0.2489795918367347,0,0.21583722626875404,0,0,Growth Prospects
3878,28,Female,Hoodie,Clothing,96,Nevada,M,Olive,Spring,4.2,No,Next Day Air,0,No,46,Debit Card,Monthly,0,0,0,12,1152,4435.370037169987,High,0,Promoter,26-35,0.6536214485794318,1,0.5126171468102156,1,1,Growth Prospects
3879,60,Female,Hat,Accessories,42,South Carolina,M,Pink,Summer,3.4,No,2-Day Shipping,0,No,24,Credit Card,Annually,0,0,0,1,42,135.1927846444644,Low,0,Neutral,56+,0.38775510204081637,0,0.3108146815299805,0,0,Growth Prospects
3880,26,Female,Skirt,Clothing,63,Florida,L,Maroon,Winter,4.1,No,Free Shipping,0,No,6,Debit Card,Quarterly,0,0,0,4,252,490.36935756193895,Low,0,Promoter,26-35,0.26434573829531816,0,0.4035535206097844,0,0,Growth Prospects
3881,42,Female,Shirt,Clothing,20,Massachusetts,M,Red,Winter,3.9,No,Free Shipping,0,No,40,Paypal,Monthly,0,0,0,12,240,891.2572960090339,Mid,0,Neutral,36-45,0.6046418567426972,1,0.3894170517383915,0,0,At-Risk Loyalists
3882,56,Female,Scarf,Accessories,25,Georgia,L,Silver,Spring,2.8,No,2-Day Shipping,0,No,17,Debit Card,Weekly,0,0,0,52,1300,3757.483285265014,High,0,Detractor,56+,0.7306122448979593,1,0.3279382786332736,0,0,Growth Prospects
3883,35,Female,Pants,Clothing,95,North Dakota,L,Blue,Fall,2.6,No,Free Shipping,0,No,24,Cash,Fortnightly,0,0,0,26,2470,7950.623287424455,Premium,0,Detractor,26-35,0.5838335334133653,1,0.4071071768997542,0,0,Champions
3884,34,Female,Hat,Accessories,38,North Dakota,Xl,Purple,Fall,4.0,No,Next Day Air,0,No,22,Cash,Fortnightly,0,0,0,26,988,3097.868285338,High,0,Promoter,26-35,0.5675070028011204,1,0.45570897248383235,1,1,Growth Prospects
3885,47,Female,Sandals,Footwear,29,Maryland,M,Brown,Fall,4.9,No,Express,0,No,3,Paypal,Weekly,0,0,0,52,1508,2090.5318965687948,High,0,Promoter,46-55,0.616326530612245,1,0.538924256171109,1,1,Growth Prospects
3886,49,Female,Socks,Clothing,64,New Mexico,L,Purple,Winter,3.2,No,Free Shipping,0,No,39,Cash,Quarterly,0,0,0,4,256,944.3531402531677,Mid,0,Neutral,46-55,0.533733493397359,0,0.3067234330541537,0,0,At-Risk Loyalists
3887,37,Female,Jewelry,Accessories,92,Iowa,S,Brown,Summer,3.9,No,Express,0,No,40,Debit Card,Quarterly,0,0,0,4,368,1366.5945205471853,Mid,0,Neutral,36-45,0.5418967587034815,0,0.4011123487557562,0,0,At-Risk Loyalists
3888,40,Female,Shirt,Clothing,34,Kansas,M,Charcoal,Spring,2.7,No,Express,0,No,1,Credit Card,Quarterly,0,0,0,4,136,94.26801655615256,Low,0,Detractor,36-45,0.2235294117647059,0,0.22580775993105748,0,0,Growth Prospects
3889,45,Female,Sneakers,Footwear,69,Virginia,M,Violet,Spring,3.4,No,Standard,0,No,14,Venmo,Bi-Weekly,0,0,0,26,1794,4858.242060777365,Premium,0,Neutral,36-45,0.5022008803521409,0,0.4270215789924996,1,0,Champions
3890,57,Female,Dress,Clothing,65,Alaska,S,Yellow,Spring,3.5,No,Express,0,No,49,Bank Transfer,Annually,0,0,0,1,65,254.2814953528295,Low,0,Neutral,56+,0.5918367346938775,1,0.3257447652079474,0,0,At-Risk Loyalists
3891,35,Female,Shirt,Clothing,81,Nebraska,Xl,Green,Winter,2.6,No,Standard,0,No,33,Debit Card,Annually,0,0,0,1,81,285.6352024939091,Low,0,Detractor,26-35,0.46122448979591835,0,0.21851619841090492,0,0,At-Risk Loyalists
3892,36,Female,Dress,Clothing,30,Colorado,L,Peach,Winter,4.7,No,Free Shipping,0,No,6,Bank Transfer,Quarterly,0,0,0,4,120,233.5092178866376,Low,0,Promoter,36-45,0.26434573829531816,0,0.4692336797255717,1,0,Growth Prospects
3893,35,Female,Jewelry,Accessories,86,Michigan,L,Indigo,Summer,3.5,No,Standard,0,No,5,Paypal,Fortnightly,0,0,0,26,2236,4006.374173193931,High,0,Neutral,26-35,0.4287314925970388,0,0.41806204237189637,0,0,Growth Prospects
3894,21,Female,Hat,Accessories,64,Massachusetts,L,White,Fall,3.3,No,Store Pickup,0,No,29,Bank Transfer,Bi-Weekly,0,0,0,26,1664,5659.592443085827,Premium,0,Neutral,18-25,0.6246498599439776,1,0.4347381722914617,1,1,Champions
3895,66,Female,Skirt,Clothing,78,Connecticut,L,White,Spring,3.9,No,2-Day Shipping,0,No,44,Credit Card,Every 3 Months,0,0,0,4,312,1187.6786968083397,Mid,0,Neutral,56+,0.5745498199279713,1,0.39671026620948524,0,0,At-Risk Loyalists
3896,40,Female,Hoodie,Clothing,28,Virginia,L,Turquoise,Summer,4.2,No,2-Day Shipping,0,No,32,Venmo,Weekly,0,0,0,52,1456,5090.915009495196,Premium,0,Promoter,36-45,0.8530612244897959,1,0.5287463131447745,1,1,Champions
3897,52,Female,Backpack,Accessories,49,Iowa,L,White,Spring,4.5,No,Store Pickup,0,No,41,Bank Transfer,Bi-Weekly,0,0,0,26,1274,4761.791093693011,Premium,0,Promoter,46-55,0.722609043617447,1,0.55664847911849,1,1,Champions
3898,46,Female,Belt,Accessories,33,New Jersey,L,Green,Spring,2.9,No,Standard,0,No,24,Venmo,Quarterly,0,0,0,4,132,424.8916088826025,Low,0,Detractor,46-55,0.4112845138055222,0,0.2579424923138683,0,0,Growth Prospects
3899,44,Female,Shoes,Footwear,77,Minnesota,S,Brown,Summer,3.8,No,Express,0,No,24,Venmo,Weekly,0,0,0,52,4004,12888.378802772275,Premium,0,Neutral,36-45,0.7877551020408164,1,0.6725967518162421,1,1,Champions
3900,52,Female,Handbag,Accessories,81,California,M,Beige,Spring,3.1,No,Store Pickup,0,No,33,Venmo,Quarterly,0,0,0,4,324,1142.5408099756364,Mid,0,Neutral,46-55,0.4847539015606242,0,0.29959968415112115,0,0,At-Risk Loyalists
